time,open,high,low,close,volume,close_time,qav,trades,tbb,tbq,ign
2025-12-28 00:00:00,87877.0,87961.37,87705.97,87854.96,205.17782000,1766883599999,18024126.02327010,67515,91.12008000,8005457.25914430,0
2025-12-28 01:00:00,87854.97,87945.39,87739.06,87785.96,153.21984000,1766887199999,13458490.75745590,52627,79.26471000,6962898.45736550,0
2025-12-28 02:00:00,87785.97,87872.67,87755.8,87810.78,104.97363000,1766890799999,9217557.59184190,24482,45.66026000,4009473.58744420,0
2025-12-28 03:00:00,87810.79,87845.45,87725.47,87740.01,208.71524000,1766894399999,18320019.48969850,27249,84.10604000,7382449.08504290,0
2025-12-28 04:00:00,87740.0,87837.99,87693.0,87724.87,151.07627000,1766897999999,13258579.60528550,39427,86.93961000,7630259.07455050,0
2025-12-28 05:00:00,87724.86,87724.87,87614.79,87657.93,115.90545000,1766901599999,10161728.16360700,48109,46.57542000,4083326.57507210,0
2025-12-28 06:00:00,87657.94,87784.2,87647.42,87732.0,93.33462000,1766905199999,8189060.00078580,29520,59.53364000,5223350.95676690,0
2025-12-28 07:00:00,87732.01,87734.98,87675.87,87730.85,81.91388000,1766908799999,7184201.39668070,30339,42.59004000,3735295.84298840,0
2025-12-28 08:00:00,87730.86,87972.95,87730.86,87805.0,172.52967000,1766912399999,15153115.39345470,48907,90.30296000,7930871.59380580,0
2025-12-28 09:00:00,87805.0,87900.0,87720.0,87800.0,198.63592000,1766915999999,17443987.38194930,44154,90.52476000,7950514.77337200,0
2025-12-28 10:00:00,87800.0,88010.0,87799.99,87856.91,246.43833000,1766919599999,21666432.37768500,66939,147.59710000,12977215.22404190,0
2025-12-28 11:00:00,87856.91,87923.5,87818.58,87883.25,142.43984000,1766923199999,12517356.94597910,39732,67.30431000,5914539.80274120,0
2025-12-28 12:00:00,87883.25,87891.32,87794.86,87850.6,130.62309000,1766926799999,11474384.97868080,35809,54.84478000,4817693.84702220,0
2025-12-28 13:00:00,87850.59,87962.45,87820.0,87896.59,171.73272000,1766930399999,15094826.94584570,47893,81.32012000,7148010.60921720,0
2025-12-28 14:00:00,87896.6,88088.75,87896.59,87910.0,249.63472000,1766933999999,21962867.76790260,57362,141.89489000,12484916.91649280,0
2025-12-28 15:00:00,87910.0,88006.0,87824.18,87836.27,269.26609000,1766937599999,23675798.26520300,60148,115.64017000,10168977.59505750,0
2025-12-28 16:00:00,87836.27,87898.42,87740.0,87814.04,180.88996000,1766941199999,15887328.56462290,52321,78.90907000,6930488.06350260,0
2025-12-28 17:00:00,87814.04,87931.59,87760.0,87760.0,91.89130000,1766944799999,8071988.88336030,35718,51.17953000,4495891.67022720,0
2025-12-28 18:00:00,87760.01,87768.79,87500.26,87598.49,404.22039000,1766948399999,35423923.27484120,92078,205.31830000,17995200.19111030,0
2025-12-28 19:00:00,87598.49,87698.3,87511.27,87520.75,204.83537000,1766951999999,17941714.45912910,59419,93.45574000,8185846.62985570,0
2025-12-28 20:00:00,87520.75,87655.28,87446.73,87514.76,144.33445000,1766955599999,12637146.60470670,48786,65.55309000,5740106.53221100,0
2025-12-28 21:00:00,87514.75,87592.67,87435.0,87588.37,122.38811000,1766959199999,10712941.55707020,42379,66.64508000,5833643.02171150,0
2025-12-28 22:00:00,87588.37,87992.7,87481.55,87900.09,295.38221000,1766962799999,25906849.20733990,81754,181.15396000,15889496.03717310,0
2025-12-28 23:00:00,87900.09,88049.53,87634.92,87952.71,306.73393000,1766966399999,26942873.51388040,108759,163.31850000,14346204.84149750,0
2025-12-29 00:00:00,87952.71,88444.19,87813.17,88295.69,572.37767000,1766969999999,50461287.08463110,212733,330.31271000,29120998.68029490,0
2025-12-29 01:00:00,88295.68,88480.0,87849.42,88445.57,562.88296000,1766973599999,49665433.15613900,183947,296.94530000,26206495.21891710,0
2025-12-29 02:00:00,88445.57,89383.74,88445.57,89163.25,1796.47871000,1766977199999,159960011.27464380,382368,899.80193000,80105029.77783950,0
2025-12-29 03:00:00,89163.25,90169.06,89101.79,90123.55,1827.31757000,1766980799999,164015385.18140070,310876,1018.33028000,91377867.46738440,0
2025-12-29 04:00:00,90123.55,90406.08,89952.81,90143.06,1199.95690000,1766984399999,108197607.34393370,203744,584.15711000,52670300.89937620,0
2025-12-29 05:00:00,90143.07,90300.07,89931.37,89984.0,828.28612000,1766987999999,74661970.96123490,115781,267.07546000,24076778.39144420,0
2025-12-29 06:00:00,89984.0,90121.21,89749.87,89777.26,503.12838000,1766991599999,45242769.04046080,115245,217.73072000,19577630.05582050,0
2025-12-29 07:00:00,89777.25,89846.71,89507.03,89617.71,971.61551000,1766995199999,87076957.37347320,151168,408.27748000,36588669.14521250,0
2025-12-29 08:00:00,89617.71,89825.01,89444.47,89555.1,990.67432000,1766998799999,88804889.06889830,139885,572.48393000,51321590.53423740,0
2025-12-29 09:00:00,89555.1,89618.22,87770.1,88100.05,2360.59949000,1767002399999,209097905.34641830,416500,1167.22740000,103390400.53344230,0
2025-12-29 10:00:00,88100.5,88270.02,87653.69,87780.01,807.41906000,1767005999999,71049048.75041200,191119,489.27280000,43061814.96447360,0
2025-12-29 11:00:00,87780.0,87793.27,87567.65,87567.66,450.07731000,1767009599999,39466323.79517300,120704,232.27251000,20368556.60950850,0
2025-12-29 12:00:00,87567.65,87636.34,86806.5,87397.0,1590.97728000,1767013199999,138730527.54575340,321701,809.90041000,70620463.11742910,0
2025-12-29 13:00:00,87396.99,87537.23,87165.04,87387.71,611.51720000,1767016799999,53414130.52903120,145529,288.48983000,25201191.45888900,0
2025-12-29 14:00:00,87387.7,88190.71,87259.3,87429.96,985.69910000,1767020399999,86502726.76416230,405908,441.63441000,38759887.50843130,0
2025-12-29 15:00:00,87429.97,87918.69,87222.41,87691.62,990.15708000,1767023999999,86767138.24947080,356588,635.06992000,55659465.78833960,0
2025-12-29 16:00:00,87691.62,87840.08,87439.03,87627.11,372.34157000,1767027599999,32636428.13690290,197041,196.49455000,17222828.57619210,0
2025-12-29 17:00:00,87627.11,87850.0,87350.0,87849.99,322.83525000,1767031199999,28286369.90710580,165515,163.45274000,14323892.14937170,0
2025-12-29 18:00:00,87850.0,87996.22,87361.53,87464.77,459.75861000,1767034799999,40332552.34206610,163097,180.70662000,15856224.21900300,0
2025-12-29 19:00:00,87464.78,87668.23,87312.34,87366.23,302.74790000,1767038399999,26482163.61673590,129675,145.71975000,12746903.13853410,0
2025-12-29 20:00:00,87366.23,87597.59,87085.8,87212.01,665.46040000,1767041999999,58090700.64647650,178859,364.03841000,31775623.10453460,0
2025-12-29 21:00:00,87212.01,87371.62,87173.31,87337.85,221.04149000,1767045599999,19294585.88681120,64986,131.58169000,11485037.93764630,0
2025-12-29 22:00:00,87337.85,87404.29,87071.49,87351.05,310.53727000,1767049199999,27093518.53126770,75542,149.81863000,13071458.25189690,0
2025-12-29 23:00:00,87351.05,87395.07,87188.0,87237.13,191.09860000,1767052799999,16681562.50519270,45078,88.30643000,7709127.84728320,0
2025-12-30 00:00:00,87237.13,87359.4,87105.09,87250.23,230.51064000,1767056399999,20107883.50392780,84788,112.15293000,9784520.33018260,0
2025-12-30 01:00:00,87250.22,87356.62,87117.87,87308.23,239.57935000,1767059999999,20901541.69898550,84406,97.89468000,8540991.47505220,0
2025-12-30 02:00:00,87308.23,87347.7,86986.82,87111.0,471.28819000,1767063599999,41060302.71872540,140391,158.31849000,13797052.51148360,0
2025-12-30 03:00:00,87110.99,87423.65,86845.66,87379.0,579.19187000,1767067199999,50472444.30217070,141836,273.12491000,23822553.18899590,0
2025-12-30 04:00:00,87378.99,87492.66,87294.67,87300.0,292.49013000,1767070799999,25565112.14636120,73565,174.81843000,15281657.04279820,0
2025-12-30 05:00:00,87300.01,87359.43,87157.07,87255.97,140.45208000,1767074399999,12256235.05662670,54038,66.48043000,5801233.22012150,0
2025-12-30 06:00:00,87255.98,87527.42,87241.91,87443.17,234.42509000,1767077999999,20493423.90817980,60913,132.66333000,11596238.10021240,0
2025-12-30 07:00:00,87443.17,87600.0,87369.98,87502.85,410.22407000,1767081599999,35889450.60017740,81234,247.37132000,21643828.90241610,0
2025-12-30 08:00:00,87502.85,88224.76,87502.84,87872.68,1026.69682000,1767085199999,90249339.70995850,224475,539.70559000,47437327.85740300,0
2025-12-30 09:00:00,87872.68,88046.37,87657.44,87992.7,436.16992000,1767088799999,38314247.59408420,105019,225.36799000,19804890.66881330,0
2025-12-30 10:00:00,87992.7,88179.38,87906.94,87949.51,416.39591000,1767092399999,36657980.41348020,106378,209.37592000,18435013.15014590,0
2025-12-30 11:00:00,87949.52,88026.36,87735.09,87903.89,588.98774000,1767095999999,51760638.58242480,97489,237.10588000,20843794.74748290,0
2025-12-30 12:00:00,87903.89,88090.79,87901.7,88023.54,497.15542000,1767099599999,43745783.74142480,89994,283.41856000,24939653.63042460,0
2025-12-30 13:00:00,88023.53,88136.0,87918.6,88110.02,448.15717000,1767103199999,39448599.17243800,127587,288.39591000,25384773.76586240,0
2025-12-30 14:00:00,88110.02,89010.12,87834.01,88875.83,1626.18161000,1767106799999,143764605.88969390,438625,855.03327000,75622236.89080250,0
2025-12-30 15:00:00,88875.82,89159.52,88204.14,89016.35,1310.95153000,1767110399999,116198817.95690190,445767,569.67781000,50499959.97483990,0
2025-12-30 16:00:00,89016.36,89400.0,88577.42,88742.63,1418.95930000,1767113999999,126318561.14112280,362037,617.19534000,54939414.78553050,0
2025-12-30 17:00:00,88742.63,88900.72,88129.91,88371.34,713.60336000,1767117599999,63143227.69120230,208170,366.08129000,32396232.25840070,0
2025-12-30 18:00:00,88371.34,88493.62,88132.59,88304.0,434.34765000,1767121199999,38370046.50697500,135879,225.28761000,19903411.82900460,0
2025-12-30 19:00:00,88304.01,88422.22,87960.2,88226.16,345.47514000,1767124799999,30463499.26730660,146725,176.05938000,15526159.54772540,0
2025-12-30 20:00:00,88226.15,88226.15,87886.46,87947.15,439.95021000,1767128399999,38739835.52362610,106907,245.14124000,21588276.49872370,0
2025-12-30 21:00:00,87947.15,88330.13,87891.15,88287.27,253.18432000,1767131999999,22319329.84718130,81650,165.88801000,14621972.00624890,0
2025-12-30 22:00:00,88287.28,88470.0,88287.28,88430.19,280.86597000,1767135599999,24821801.70069140,68564,126.11188000,11145673.07087090,0
2025-12-30 23:00:00,88430.18,88573.65,88371.33,88485.49,270.66652000,1767139199999,23953695.80500900,75739,168.89069000,14946521.94900170,0
2025-12-31 00:00:00,88485.5,88485.5,88251.93,88255.54,243.94750000,1767142799999,21555913.88462940,81429,125.88466000,11123038.38962870,0
2025-12-31 01:00:00,88255.54,88784.0,88172.15,88649.33,355.75740000,1767146399999,31504828.30204610,121981,234.19028000,20739440.12760060,0
2025-12-31 02:00:00,88649.32,88742.0,88521.84,88673.6,258.23398000,1767149999999,22890349.08034350,96189,112.99674000,10015943.71008170,0
2025-12-31 03:00:00,88673.61,88819.8,88379.09,88453.04,274.04184000,1767153599999,24271019.63824490,87109,117.64555000,10420731.15389060,0
2025-12-31 04:00:00,88453.04,88549.5,88325.06,88325.06,158.17484000,1767157199999,13986485.05690990,57895,56.28424000,4977181.07458280,0
2025-12-31 05:00:00,88325.07,88526.06,88325.07,88463.09,296.57164000,1767160799999,26232034.58395990,52160,127.88972000,11311088.22295510,0
2025-12-31 06:00:00,88463.1,88561.69,88463.09,88512.92,212.68538000,1767164399999,18826942.80010150,36817,100.18604000,8868157.13941580,0
2025-12-31 07:00:00,88512.93,88638.76,88431.08,88613.12,304.98001000,1767167999999,27006261.53267550,54121,125.64117000,11125622.41841630,0
2025-12-31 08:00:00,88613.11,88733.33,88393.52,88434.65,277.76782000,1767171599999,24605027.17077680,64419,118.87981000,10531128.49618150,0
2025-12-31 09:00:00,88434.66,88715.27,88434.65,88660.1,315.83327000,1767175199999,27985437.08436130,66594,119.12789000,10554748.97495910,0
2025-12-31 10:00:00,88660.1,88897.99,88660.09,88847.26,482.82711000,1767178799999,42857989.41468640,81571,219.25445000,19462888.99956880,0
2025-12-31 11:00:00,88847.27,89046.6,88802.97,89011.52,598.23924000,1767182399999,53208911.34117150,108313,271.47955000,24149120.45435560,0
2025-12-31 12:00:00,89011.51,89044.74,88677.32,88775.96,545.96390000,1767185999999,48522501.04918610,93697,199.27365000,17712733.53909810,0
2025-12-31 13:00:00,88775.96,89045.98,88741.54,88991.88,300.73941000,1767189599999,26721411.17576890,76743,121.44681000,10791052.93124100,0
2025-12-31 14:00:00,88991.88,89200.0,88278.35,88479.99,1133.76043000,1767193199999,100608714.75728630,331796,513.80224000,45607110.81481860,0
2025-12-31 15:00:00,88479.99,88487.68,87766.59,87953.97,1281.39241000,1767196799999,112881626.90626110,404862,599.52418000,52818800.31904060,0
2025-12-31 16:00:00,87953.97,88053.49,87400.41,87656.98,1249.28961000,1767200399999,109592505.46118940,323056,577.30152000,50644889.51021000,0
2025-12-31 17:00:00,87656.99,87741.99,87489.59,87620.82,629.77671000,1767203999999,55168626.72347590,174409,381.40760000,33409522.12519760,0
2025-12-31 18:00:00,87620.82,87980.0,87574.12,87684.07,434.88825000,1767207599999,38193379.90655600,126043,234.22866000,20568716.97746430,0
2025-12-31 19:00:00,87684.08,87870.02,87516.7,87541.85,622.18859000,1767211199999,54562004.83260120,128037,299.31945000,26250097.45263520,0
2025-12-31 20:00:00,87541.85,87712.13,87250.0,87662.01,770.32743000,1767214799999,67373956.25350200,171298,356.39420000,31175884.54765770,0
2025-12-31 21:00:00,87662.01,87879.04,87662.01,87799.97,383.85550000,1767218399999,33694455.44984800,65264,197.12323000,17302236.14335110,0
2025-12-31 22:00:00,87799.97,87879.04,87656.19,87728.29,236.18697000,1767221999999,20734073.10656090,55353,135.86396000,11927263.76716920,0
2025-12-31 23:00:00,87728.3,87728.3,87619.67,87648.22,191.19123000,1767225599999,16762379.76738430,38240,86.88848000,7617579.67502890,0
2026-01-01 00:00:00,87648.21,87849.26,87632.74,87809.23,233.66036000,1767229199999,20507946.76093620,44782,150.35907000,13196771.53402980,0
2026-01-01 01:00:00,87809.24,88050.0,87809.23,87960.0,241.44162000,1767232799999,21231160.06277100,63768,142.20649000,12504473.26760890,0
2026-01-01 02:00:00,87960.01,88088.1,87895.37,87914.0,209.55860000,1767236399999,18436281.02955480,59893,107.33226000,9443167.91392290,0
2026-01-01 03:00:00,87914.0,88015.7,87832.09,87846.02,149.08354000,1767239999999,13108299.08260810,46780,68.74735000,6045057.14578280,0
2026-01-01 04:00:00,87846.01,87854.81,87550.43,87590.4,476.17901000,1767243599999,41725137.06427970,93385,200.12394000,17534889.37496580,0
2026-01-01 05:00:00,87590.41,87749.34,87590.4,87704.39,283.17436000,1767247199999,24830402.27595660,48725,136.36138000,11956319.93295970,0
2026-01-01 06:00:00,87704.39,87704.39,87636.29,87658.0,123.89656000,1767250799999,10860587.44199240,18851,60.61160000,5312992.82471230,0
2026-01-01 07:00:00,87658.01,87673.01,87596.0,87631.88,225.27492000,1767254399999,19745338.31272190,33974,113.28858000,9929665.88069260,0
2026-01-01 08:00:00,87631.88,87811.13,87631.87,87770.9,285.21745000,1767257999999,25024046.86917810,57693,157.96273000,13858232.61639190,0
2026-01-01 09:00:00,87770.89,87965.25,87751.82,87877.99,210.22963000,1767261599999,18471190.01410230,44691,80.34111000,7058023.48927900,0
2026-01-01 10:00:00,87877.99,87883.8,87799.17,87863.76,128.07380000,1767265199999,11252542.92880640,31910,38.12771000,3349448.31278270,0
2026-01-01 11:00:00,87863.75,88024.64,87859.36,88024.64,196.30405000,1767268799999,17262331.28654730,43344,91.96330000,8087324.23174030,0
2026-01-01 12:00:00,88024.64,88036.42,87925.28,87950.0,200.13556000,1767272399999,17610151.07326850,45595,87.99841000,7742694.70625500,0
2026-01-01 13:00:00,87950.0,88019.82,87860.66,87922.64,155.72883000,1767275999999,13697277.36691990,47498,60.77944000,5345543.53374210,0
2026-01-01 14:00:00,87922.63,87970.59,87810.66,87967.05,390.01531000,1767279599999,34278913.34602350,75629,214.88805000,18885395.76170500,0
2026-01-01 15:00:00,87967.05,88113.45,87916.39,88032.18,260.01234000,1767283199999,22882904.62675530,82662,153.69594000,13526204.47604840,0
2026-01-01 16:00:00,88032.17,88048.7,87879.03,87988.76,189.99476000,1767286799999,16712664.43765220,65072,86.02896000,7567080.49372690,0
2026-01-01 17:00:00,87988.77,88500.0,87976.0,88316.37,476.08554000,1767290399999,42041928.08863820,131127,255.52771000,22560754.29911370,0
2026-01-01 18:00:00,88316.38,88364.0,88105.08,88193.94,257.59166000,1767293999999,22723761.61607890,78932,103.67950000,9145095.87272430,0
2026-01-01 19:00:00,88193.94,88431.23,88062.32,88391.15,216.66303000,1767297599999,19115827.49782770,51037,103.76027000,9157513.63281540,0
2026-01-01 20:00:00,88391.16,88391.16,88240.0,88258.12,135.39527000,1767301199999,11957218.42489120,48126,55.03448000,4860177.15909070,0
2026-01-01 21:00:00,88258.12,88447.84,88254.08,88377.67,168.57205000,1767304799999,14893607.28587840,52927,90.36474000,7983328.21042750,0
2026-01-01 22:00:00,88377.67,88699.99,88377.67,88645.57,474.23054000,1767308399999,41993703.73054180,82915,273.87418000,24251409.02768670,0
2026-01-01 23:00:00,88645.57,88919.45,88474.63,88839.04,593.05254000,1767311999999,52628414.66716980,99965,290.58816000,25788513.59017730,0
2026-01-02 00:00:00,88839.05,88890.09,88594.39,88833.97,448.72758000,1767315599999,39827833.44193030,115730,211.53331000,18776286.19512270,0
2026-01-02 01:00:00,88833.96,88877.12,88525.73,88639.89,242.38673000,1767319199999,21495244.31414050,72369,108.56745000,9627943.81035060,0
2026-01-02 02:00:00,88639.89,88665.1,88379.88,88637.03,253.81052000,1767322799999,22461052.25363300,80520,146.01859000,12921636.30213290,0
2026-01-02 03:00:00,88637.02,89120.01,88573.64,88950.65,670.13653000,1767326399999,59603555.47060950,172283,408.86406000,36364539.20414240,0
2026-01-02 04:00:00,88950.64,88992.0,88629.0,88637.64,287.46487000,1767329999999,25529482.46413630,106611,119.81879000,10641979.08296400,0
2026-01-02 05:00:00,88637.64,88787.56,88576.56,88765.2,223.91609000,1767333599999,19860826.93548960,59571,133.36332000,11829201.61382580,0
2026-01-02 06:00:00,88765.21,89079.44,88715.44,88935.04,291.36506000,1767337199999,25900581.50894780,80603,145.29680000,12917352.09596310,0
2026-01-02 07:00:00,88935.05,89068.62,88794.01,88857.61,387.57118000,1767340799999,34459745.08280250,80222,148.46219000,13204440.56678600,0
2026-01-02 08:00:00,88857.6,89200.0,88758.94,89178.13,436.78167000,1767344399999,38879305.68976060,99179,223.46850000,19899830.98257710,0
2026-01-02 09:00:00,89178.13,89484.06,89106.34,89467.32,885.84196000,1767347999999,79087555.98742610,177464,462.07255000,41258459.94256210,0
2026-01-02 10:00:00,89467.32,89942.44,89451.34,89666.29,1401.67184000,1767351599999,125752904.41737000,207990,707.44878000,63461409.40705670,0
2026-01-02 11:00:00,89666.3,89682.04,89360.0,89502.95,610.27074000,1767355199999,54620614.33435000,113641,183.76402000,16447410.59191280,0
2026-01-02 12:00:00,89502.94,89593.17,89387.01,89400.0,388.55376000,1767358799999,34769665.92700560,120082,183.16170000,16390034.04319000,0
2026-01-02 13:00:00,89400.0,89688.6,89309.94,89348.68,481.02676000,1767362399999,43043582.63570770,113714,201.69590000,18052826.43583880,0
2026-01-02 14:00:00,89348.67,90135.0,88459.96,89580.0,2152.74387000,1767365999999,192276679.81407930,580437,1149.17536000,102706010.21599580,0
2026-01-02 15:00:00,89580.01,89888.0,88800.0,89418.11,1551.51931000,1767369599999,138737052.72836600,730725,797.36023000,71299176.94179040,0
2026-01-02 16:00:00,89418.1,90800.0,89205.92,90376.05,2486.21857000,1767373199999,224050595.70010260,642106,1301.69520000,117319925.26937650,0
2026-01-02 17:00:00,90376.05,90961.81,90185.43,90370.52,1336.49207000,1767376799999,121091367.03327870,468601,704.98348000,63880368.08682760,0
2026-01-02 18:00:00,90370.52,90555.99,89552.18,89773.1,847.22983000,1767380399999,76363015.03646300,317908,441.80648000,39826787.74091460,0
2026-01-02 19:00:00,89773.1,90157.03,89650.0,89897.23,485.53154000,1767383999999,43663629.95206400,241941,279.77825000,25161648.14365580,0
2026-01-02 20:00:00,89897.23,90075.0,89636.77,89740.0,538.07124000,1767387599999,48348066.95211440,177842,272.96706000,24527692.64219280,0
2026-01-02 21:00:00,89740.01,90175.01,89728.37,90065.8,330.88507000,1767391199999,29766789.52533670,75887,238.16185000,21425059.48572880,0
2026-01-02 22:00:00,90065.8,90400.0,90026.54,90195.37,409.68756000,1767394799999,36954309.50503790,116197,255.83574000,23076837.60552980,0
2026-01-02 23:00:00,90195.37,90201.67,89902.16,89995.13,249.06866000,1767398399999,22415404.17693540,58588,104.05486000,9363417.55758150,0
2026-01-03 00:00:00,89995.14,90195.77,89966.48,90156.19,298.52212000,1767401999999,26886366.76945240,81641,180.10040000,16220687.32957400,0
2026-01-03 01:00:00,90156.19,90292.87,90077.69,90282.69,236.37769000,1767405599999,21314845.42454810,65113,141.89815000,12795662.45893390,0
2026-01-03 02:00:00,90282.68,90418.32,90129.53,90340.0,305.59164000,1767409199999,27587589.50596750,70392,187.49474000,16927196.58034190,0
2026-01-03 03:00:00,90340.01,90376.49,90200.0,90321.22,185.70264000,1767412799999,16761130.38765180,53185,113.41769000,10236903.03075560,0
2026-01-03 04:00:00,90321.23,90480.62,90053.53,90170.0,411.08569000,1767416399999,37079943.04074360,72709,182.90495000,16497754.12316990,0
2026-01-03 05:00:00,90170.01,90198.0,89924.48,90031.1,222.72398000,1767419999999,20053761.39921060,57438,114.20318000,10283350.41826880,0
2026-01-03 06:00:00,90031.1,90134.6,89850.1,89871.05,273.68226000,1767423599999,24628121.34340290,65711,97.87350000,8807130.50718330,0
2026-01-03 07:00:00,89871.04,89950.88,89314.01,89577.13,869.92487000,1767427199999,77933735.30473730,194521,399.95176000,35821766.98324370,0
2026-01-03 08:00:00,89577.13,89831.9,89420.75,89670.51,458.16930000,1767430799999,41071341.89453710,113976,242.77712000,21764241.11214710,0
2026-01-03 09:00:00,89670.51,89982.11,89634.95,89791.99,409.91195000,1767434399999,36825802.65296040,88981,251.14333000,22567057.96224830,0
2026-01-03 10:00:00,89792.0,89881.1,89715.21,89754.47,270.67124000,1767437999999,24302447.49133570,60330,176.66353000,15862012.59164860,0
2026-01-03 11:00:00,89754.48,89782.81,89679.14,89752.74,162.35671000,1767441599999,14569739.12900100,53326,71.15101000,6385257.37716650,0
2026-01-03 12:00:00,89752.75,90046.0,89664.93,90039.13,374.21001000,1767445199999,33633373.25251150,70906,279.31212000,25106093.44414900,0
2026-01-03 13:00:00,90039.12,90065.74,89920.01,90004.96,287.30479000,1767448799999,25855679.07407040,61182,104.68058000,9420717.38925020,0
2026-01-03 14:00:00,90004.97,90249.99,89960.0,90126.02,298.26434000,1767452399999,26880883.79293420,85230,171.43583000,15451710.05685190,0
2026-01-03 15:00:00,90126.02,90126.02,89968.0,89969.31,155.37202000,1767455999999,13988034.66053750,56642,56.46518000,5083579.65438660,0
2026-01-03 16:00:00,89969.31,90219.67,89918.59,90105.24,200.27276000,1767459599999,18041603.75223720,76865,117.79048000,10611447.17575360,0
2026-01-03 17:00:00,90105.24,90123.77,90026.93,90093.99,83.86507000,1767463199999,7554460.24264270,33959,33.19035000,2989664.52300610,0
2026-01-03 18:00:00,90094.0,90197.88,90035.52,90138.87,141.85601000,1767466799999,12783987.47852790,33931,66.95930000,6034161.93481890,0
2026-01-03 19:00:00,90138.87,90156.19,90060.0,90123.77,90.08443000,1767470399999,8117705.43506550,28531,42.11074000,3794868.03058930,0
2026-01-03 20:00:00,90123.76,90372.4,90017.23,90372.39,179.02196000,1767473999999,16153632.38296940,47608,121.25127000,10942128.10450520,0
2026-01-03 21:00:00,90372.4,90741.16,90318.29,90564.31,398.89642000,1767477599999,36114000.42083980,86357,263.47200000,23853442.74488340,0
2026-01-03 22:00:00,90564.32,90738.99,90497.52,90590.04,433.49380000,1767481199999,39275316.48462120,66538,175.61166000,15911473.75833530,0
2026-01-03 23:00:00,90590.04,90700.0,90469.39,90628.01,310.10546000,1767484799999,28101272.28885980,59142,199.86196000,18111246.01037170,0
2026-01-04 00:00:00,90628.01,91610.17,90628.0,91341.47,1737.64298000,1767488399999,158558892.33860620,322197,926.50677000,84505704.09156390,0
2026-01-04 01:00:00,91341.48,91475.52,91005.37,91235.37,375.26249000,1767491999999,34223263.82836250,133503,192.60117000,17565643.21011660,0
2026-01-04 02:00:00,91235.37,91292.0,91080.06,91124.0,278.28940000,1767495599999,25369752.86179870,71613,130.03980000,11854676.85414360,0
2026-01-04 03:00:00,91124.0,91350.0,91080.06,91236.78,328.23931000,1767499199999,29946334.04198290,80669,177.50217000,16196520.77274380,0
2026-01-04 04:00:00,91236.78,91587.72,91183.15,91400.0,457.69348000,1767502799999,41850409.75012560,88150,315.87262000,28885572.77910370,0
2026-01-04 05:00:00,91400.01,91490.68,91348.31,91480.04,172.44443000,1767506399999,15766236.38184600,45214,90.04964000,8232820.66708070,0
2026-01-04 06:00:00,91480.04,91810.0,91237.54,91237.55,747.06543000,1767509999999,68409504.60345060,148630,362.91102000,33232399.48335200,0
2026-01-04 07:00:00,91237.54,91546.31,91211.25,91532.0,456.46078000,1767513599999,41723722.53169650,89003,215.06472000,19660405.94644310,0
2026-01-04 08:00:00,91532.0,91536.0,91174.46,91374.99,620.80815000,1767517199999,56695011.24351510,106855,244.30569000,22314934.49295320,0
2026-01-04 09:00:00,91374.99,91485.21,91244.29,91468.28,941.08164000,1767520799999,85983138.86921920,113084,505.34914000,46185524.49496730,0
2026-01-04 10:00:00,91468.28,91620.5,91422.67,91600.62,665.01473000,1767524399999,60859395.13947380,107886,366.01408000,33497827.05995750,0
2026-01-04 11:00:00,91600.62,91600.62,91236.19,91300.0,369.35457000,1767527999999,33752453.35861160,72305,108.42064000,9906731.78036320,0
2026-01-04 12:00:00,91300.01,91360.0,91084.0,91150.98,454.56858000,1767531599999,41461624.71987750,88915,220.15042000,20078267.25609110,0
2026-01-04 13:00:00,91150.99,91276.94,91014.1,91264.0,272.68922000,1767535199999,24861053.85300880,73283,164.35965000,14985784.74807190,0
2026-01-04 14:00:00,91264.0,91419.22,91146.86,91336.39,272.07953000,1767538799999,24829259.10156910,75469,136.18581000,12428952.66083140,0
2026-01-04 15:00:00,91336.39,91381.6,91096.27,91334.94,316.98098000,1767542399999,28928198.02926180,76713,155.46409000,14187488.81931290,0
2026-01-04 16:00:00,91334.94,91455.9,91244.6,91321.0,326.44422000,1767545999999,29817554.08018910,78170,144.71144000,13218392.45155870,0
2026-01-04 17:00:00,91321.0,91436.21,91306.77,91335.73,137.11227000,1767549599999,12528936.21970650,55337,78.38529000,7162497.53185110,0
2026-01-04 18:00:00,91335.72,91335.73,91000.0,91205.39,304.66859000,1767553199999,27771316.30153100,84192,134.17556000,12231280.91142750,0
2026-01-04 19:00:00,91205.38,91205.39,90863.47,91138.07,372.30446000,1767556799999,33894639.28603540,82309,177.32362000,16145071.64350200,0
2026-01-04 20:00:00,91138.06,91349.38,91132.0,91313.94,147.52188000,1767560399999,13464005.53258880,37979,87.96989000,8027743.19904050,0
2026-01-04 21:00:00,91313.93,91421.96,91182.71,91279.99,135.33795000,1767563999999,12357459.56613610,35279,78.27654000,7147778.00106660,0
2026-01-04 22:00:00,91279.99,91401.98,91150.47,91220.01,149.03275000,1767567599999,13599229.81144520,43433,86.60658000,7902174.16288600,0
2026-01-04 23:00:00,91220.0,91590.0,91220.0,91529.73,388.43188000,1767571199999,35509589.07117040,96849,222.74754000,20364478.57359160,0
2026-01-05 00:00:00,91529.74,92426.82,91514.81,92405.46,2061.87264000,1767574799999,189649222.15556200,299652,1196.27012000,110037724.48308910,0
2026-01-05 01:00:00,92405.46,93388.0,92280.69,92967.28,1977.50385000,1767578399999,183769547.03801700,306881,1175.07354000,109182726.52505830,0
2026-01-05 02:00:00,92967.29,93157.99,92724.98,93033.11,913.68581000,1767581999999,84914009.84342940,153335,528.63950000,49134896.36193220,0
2026-01-05 03:00:00,93033.11,93204.7,92871.26,92878.22,595.50021000,1767585599999,55388688.32194820,77230,361.95972000,33666989.70079000,0
2026-01-05 04:00:00,92878.22,92947.87,92330.46,92595.07,588.83873000,1767589199999,54539417.80823640,115433,230.08077000,21317051.84083400,0
2026-01-05 05:00:00,92595.07,92720.73,92340.39,92359.99,400.53800000,1767592799999,37076152.88391460,85061,188.68670000,17471056.19196590,0
2026-01-05 06:00:00,92359.99,92500.0,92155.0,92491.81,320.70875000,1767596399999,29624611.99715950,107099,156.64752000,14471091.58335210,0
2026-01-05 07:00:00,92491.82,92644.31,92484.72,92520.63,528.78142000,1767599999999,48937988.84215180,85352,144.49954000,13374732.38893540,0
2026-01-05 08:00:00,92520.63,92774.28,92446.0,92467.53,603.26757000,1767603599999,55847216.86588280,108972,284.22678000,26316849.34991470,0
2026-01-05 09:00:00,92467.54,92845.53,92320.17,92688.6,645.33375000,1767607199999,59698241.28312340,140607,232.49488000,21514563.42615960,0
2026-01-05 10:00:00,92688.61,93151.0,92679.12,93080.0,681.83063000,1767610799999,63376318.13868280,168851,405.80712000,37723263.89638450,0
2026-01-05 11:00:00,93080.0,93151.0,92883.03,93134.26,567.75651000,1767614399999,52809102.90823430,127485,296.12672000,27544428.48036730,0
2026-01-05 12:00:00,93134.25,93206.2,92752.6,92874.28,453.58870000,1767617999999,42177279.41520140,157413,202.25174000,18809275.48548930,0
2026-01-05 13:00:00,92874.28,93020.0,92535.41,92742.74,486.24906000,1767621599999,45101208.84313000,187706,221.05863000,20506781.10675030,0
2026-01-05 14:00:00,92742.73,93666.0,92407.13,93428.0,1355.05943000,1767625199999,126149957.60843320,551060,739.23704000,68836951.65461340,0
2026-01-05 15:00:00,93428.0,94000.0,93170.95,93957.73,1929.19905000,1767628799999,180679301.23640230,601853,1077.30202000,100942116.88478390,0
2026-01-05 16:00:00,93957.74,94076.35,93586.65,93701.31,1298.79178000,1767632399999,121894489.26672170,444362,623.54494000,58535416.66206210,0
2026-01-05 17:00:00,93701.3,94477.69,93250.0,94317.84,1154.31910000,1767635999999,108402775.84795750,382161,681.73958000,64058857.20964080,0
2026-01-05 18:00:00,94317.84,94500.0,93920.0,94449.62,974.95833000,1767639599999,91826115.89160360,303661,537.49439000,50638850.85429040,0
2026-01-05 19:00:00,94449.61,94500.0,94131.44,94303.4,762.31290000,1767643199999,71900899.00407260,291624,375.80498000,35445435.91381350,0
2026-01-05 20:00:00,94303.4,94789.08,94038.0,94177.99,1133.04005000,1767646799999,106976971.54984230,311640,611.69016000,57765422.15681530,0
2026-01-05 21:00:00,94178.0,94227.4,93800.0,94095.78,474.75745000,1767650399999,44656988.91445490,164089,276.65604000,26028038.71043880,0
2026-01-05 22:00:00,94095.78,94406.0,94012.3,94171.22,370.72137000,1767653999999,34936629.32782150,160482,187.30534000,17651349.31190510,0
2026-01-05 23:00:00,94171.21,94194.01,93859.7,93859.71,394.98075000,1767657599999,37122108.55609280,153480,158.37173000,14884881.75231680,0
2026-01-06 00:00:00,93859.71,93993.07,93555.93,93816.7,522.32093000,1767661199999,48955040.14613070,166799,194.55271000,18238733.01855170,0
2026-01-06 01:00:00,93816.7,94161.86,93739.37,93771.82,384.14412000,1767664799999,36080904.92448300,182061,185.90703000,17463384.49440800,0
2026-01-06 02:00:00,93771.82,93870.66,93529.18,93620.6,336.13865000,1767668399999,31488283.88304390,142979,146.81622000,13753576.80990170,0
2026-01-06 03:00:00,93620.6,93943.88,93601.96,93769.24,285.34343000,1767671999999,26760667.71611070,109124,133.05301000,12478397.48256280,0
2026-01-06 04:00:00,93769.25,94000.0,93734.25,93801.07,231.47521000,1767675599999,21729030.68706550,81153,104.09393000,9771849.20895070,0
2026-01-06 05:00:00,93801.07,93816.0,93572.11,93599.99,407.00036000,1767679199999,38129259.09654680,125885,134.53914000,12603684.53719230,0
2026-01-06 06:00:00,93599.99,93951.07,93538.83,93780.01,538.64562000,1767682799999,50512295.71843090,114159,327.16559000,30679972.44120220,0
2026-01-06 07:00:00,93780.01,93782.6,93137.98,93255.08,860.27324000,1767686399999,80361213.54064220,165437,279.90078000,26136199.63978950,0
2026-01-06 08:00:00,93255.08,93420.11,93167.29,93240.17,355.74138000,1767689999999,33184695.13008540,110342,175.38222000,16360968.95404190,0
2026-01-06 09:00:00,93240.18,93569.61,93229.37,93462.72,327.55172000,1767693599999,30610133.84899710,101399,187.00605000,17476923.43086340,0
2026-01-06 10:00:00,93462.72,93654.49,93413.2,93579.56,273.28705000,1767697199999,25567702.16567250,91698,152.05871000,14225269.41342690,0
2026-01-06 11:00:00,93579.56,93895.0,93571.43,93840.0,403.66589000,1767700799999,37857235.55758230,94773,243.89996000,22873912.17382900,0
2026-01-06 12:00:00,93839.99,93981.1,93784.3,93872.16,338.69848000,1767704399999,31794741.20959560,104990,137.53133000,12912494.63859040,0
2026-01-06 13:00:00,93872.17,93872.17,93636.75,93716.53,315.19532000,1767707999999,29547136.54967680,130016,140.54363000,13175336.08579280,0
2026-01-06 14:00:00,93716.53,94444.44,93531.28,93836.81,1676.33623000,1767711599999,157668128.50643860,515505,899.73824000,84633885.50879760,0
2026-01-06 15:00:00,93836.81,94311.22,93352.01,93648.99,1417.41756000,1767715199999,132841979.60361090,489694,582.43630000,54611624.22715590,0
2026-01-06 16:00:00,93649.0,93775.6,92336.0,92692.32,2208.46324000,1767718799999,205252259.27471360,474802,724.53229000,67324477.83073620,0
2026-01-06 17:00:00,92692.32,92773.05,91539.68,91589.24,1784.74974000,1767722399999,164536837.93626330,440236,731.81428000,67473341.48330000,0
2026-01-06 18:00:00,91589.23,92221.52,91262.94,92034.09,1427.50922000,1767725999999,131135738.44604260,366881,633.59011000,58204992.84783220,0
2026-01-06 19:00:00,92034.09,92361.82,91902.0,92104.5,733.78195000,1767729599999,67617117.40014460,163231,240.76203000,22190075.24607020,0
2026-01-06 20:00:00,92104.49,92698.04,92098.29,92505.32,775.34743000,1767733199999,71714564.52067010,170371,307.53102000,28437799.64218680,0
2026-01-06 21:00:00,92505.31,93845.03,92372.4,93258.05,1874.69965000,1767736799999,174972927.33215820,367522,889.51815000,83034619.60407560,0
2026-01-06 22:00:00,93258.04,93533.78,92966.75,93362.68,713.98511000,1767740399999,66551197.24191890,175052,355.35904000,33124780.58102170,0
2026-01-06 23:00:00,93362.67,93792.17,93333.32,93747.97,354.64676000,1767743999999,33176451.86235080,134577,201.08980000,18811894.09668370,0
2026-01-07 00:00:00,93747.97,93747.97,92626.31,92709.52,843.19542000,1767747599999,78606551.19303930,211787,233.00402000,21732290.62066430,0
2026-01-07 01:00:00,92709.36,92902.52,92330.33,92435.35,936.69400000,1767751199999,86721538.91064520,273209,396.35054000,36699479.53038090,0
2026-01-07 02:00:00,92435.36,93060.0,92236.07,92949.77,598.87784000,1767754799999,55487591.23307890,190023,339.32387000,31453577.59354710,0
2026-01-07 03:00:00,92949.77,93108.69,92747.12,92815.83,294.44853000,1767758399999,27355876.59773390,116912,143.40272000,13324522.28781220,0
2026-01-07 04:00:00,92815.83,92930.35,92610.0,92670.29,319.36155000,1767761999999,29623728.37938490,92688,148.73609000,13797403.13961340,0
2026-01-07 05:00:00,92670.3,92847.16,92500.0,92529.54,227.33033000,1767765599999,21068033.67176330,84071,94.63491000,8772424.40255960,0
2026-01-07 06:00:00,92529.53,92899.57,92523.75,92614.84,240.63686000,1767769199999,22304626.97765170,73327,125.67184000,11649611.44580950,0
2026-01-07 07:00:00,92614.84,92895.56,92614.83,92879.13,256.24423000,1767772799999,23778321.85733920,68392,149.95681000,13916828.87848800,0
2026-01-07 08:00:00,92879.14,92961.53,92698.09,92718.9,263.50620000,1767776399999,24461703.70472270,91588,124.53208000,11561520.82503670,0
2026-01-07 09:00:00,92718.9,92718.91,91600.0,91716.14,1258.05952000,1767779999999,115761847.67367690,260099,403.15517000,37068244.80759320,0
2026-01-07 10:00:00,91716.14,92000.0,91600.0,91975.31,538.05487000,1767783599999,49412930.15315610,125884,320.43830000,29425676.08946220,0
2026-01-07 11:00:00,91975.31,92253.16,91928.21,92087.21,542.17686000,1767787199999,49944630.76191410,93143,336.86226000,31023003.57040140,0
2026-01-07 12:00:00,92087.21,92176.98,91977.73,91997.86,317.95554000,1767790799999,29268783.53126100,92912,156.37844000,14395225.31493800,0
2026-01-07 13:00:00,91997.85,92299.4,91864.52,92044.67,443.04448000,1767794399999,40792088.88420130,140259,279.15076000,25704533.40920840,0
2026-01-07 14:00:00,92044.67,92135.1,91353.39,91959.04,1427.59818000,1767797999999,130930406.22835320,450857,677.90170000,62188955.22213350,0
2026-01-07 15:00:00,91959.05,92000.0,91024.0,91349.96,1434.72957000,1767801599999,131116899.51523690,488160,716.31768000,65474898.10614330,0
2026-01-07 16:00:00,91349.95,91790.0,91150.0,91264.54,677.82559000,1767805199999,61985359.97267760,299989,288.80289000,26411411.71946060,0
2026-01-07 17:00:00,91264.55,91698.15,91026.01,91252.14,548.07377000,1767808799999,50083229.06069490,216287,270.10238000,24682505.11322530,0
2026-01-07 18:00:00,91252.13,91441.35,90733.14,90901.39,816.16719000,1767812399999,74352216.26877240,235891,282.73588000,25766094.85643560,0
2026-01-07 19:00:00,90901.38,91280.07,90675.52,91186.07,611.74260000,1767815999999,55627154.25937690,209559,321.09879000,29202977.12187200,0
2026-01-07 20:00:00,91186.07,91300.75,90778.32,91047.49,438.79062000,1767819599999,39948795.77757330,180048,217.40154000,19795482.33684200,0
2026-01-07 21:00:00,91047.49,91231.9,91035.77,91089.5,245.38775000,1767823199999,22366457.73954100,74138,115.67493000,10543662.48805550,0
2026-01-07 22:00:00,91089.5,91383.14,90873.08,91180.85,362.92780000,1767826799999,33064251.92561700,119899,194.97882000,17767201.57584190,0
2026-01-07 23:00:00,91180.85,91489.6,91004.1,91364.16,633.66095000,1767830399999,57843928.69756190,151130,378.25712000,34531935.69267300,0
2026-01-08 00:00:00,91364.16,91529.72,91072.16,91394.71,369.48198000,1767833999999,33733553.44277640,119409,225.40253000,20580670.47253840,0
2026-01-08 01:00:00,91394.7,91687.99,91300.0,91428.4,306.46699000,1767837599999,28031823.65796810,96028,179.38538000,16410864.64355880,0
2026-01-08 02:00:00,91428.39,91473.0,90764.0,90956.49,571.10105000,1767841199999,52005839.73102290,189456,193.68964000,17647913.16508150,0
2026-01-08 03:00:00,90956.5,91142.51,90616.36,90813.4,547.79189000,1767844799999,49805724.05459180,161197,243.47647000,22143430.33562980,0
2026-01-08 04:00:00,90813.4,91168.0,90700.0,91022.75,357.33917000,1767848399999,32500747.09727370,132099,187.57547000,17061198.03538210,0
2026-01-08 05:00:00,91022.74,91188.0,90786.14,90829.58,295.83835000,1767851999999,26923217.48503730,89702,111.13287000,10115339.84188730,0
2026-01-08 06:00:00,90829.58,90872.0,89897.01,89898.01,1360.25581000,1767855599999,122847330.82867250,256294,469.05845000,42372378.50176370,0
2026-01-08 07:00:00,89898.0,90588.0,89641.84,90548.02,1094.34311000,1767859199999,98667869.04262260,264914,659.85163000,59515819.18856960,0
2026-01-08 08:00:00,90548.02,90917.22,90155.05,90227.25,841.98085000,1767862799999,76220655.82479020,221819,334.58047000,30310795.22263000,0
2026-01-08 09:00:00,90227.25,90374.78,89956.0,90010.0,514.04982000,1767866399999,46336423.84833640,185832,193.55643000,17446376.77305000,0
2026-01-08 10:00:00,90009.99,90493.18,89777.25,90410.1,526.53398000,1767869999999,47460887.48127770,188338,310.57275000,27997186.06519390,0
2026-01-08 11:00:00,90409.61,90487.31,90022.26,90226.77,548.71612000,1767873599999,49495321.97854030,173607,260.78156000,23522180.65794930,0
2026-01-08 12:00:00,90226.77,90240.85,89781.96,89989.21,992.96975000,1767877199999,89331003.82765780,193838,563.30519000,50684067.31290600,0
2026-01-08 13:00:00,89989.2,90105.08,89861.59,89962.14,441.44929000,1767880799999,39724364.69007470,115446,200.09981000,18006132.27034520,0
2026-01-08 14:00:00,89962.14,90171.0,89311.0,90024.01,1521.76403000,1767884399999,136559118.25268910,505197,858.48294000,77048528.42732080,0
2026-01-08 15:00:00,90024.0,90847.52,89820.89,90781.57,1428.07575000,1767887999999,129111709.56685390,472603,868.87743000,78563566.27341370,0
2026-01-08 16:00:00,90781.57,90926.84,90312.89,90926.84,855.68064000,1767891599999,77596380.13055960,335170,419.90519000,38082691.15196170,0
2026-01-08 17:00:00,90926.84,91440.0,90842.0,91366.39,874.20589000,1767895199999,79680065.77096550,325519,464.61994000,42344332.73851340,0
2026-01-08 18:00:00,91366.39,91469.0,90952.0,91117.35,517.40477000,1767898799999,47183644.86774600,188098,244.61985000,22312309.24636000,0
2026-01-08 19:00:00,91117.35,91333.0,90812.98,90937.41,409.29800000,1767902399999,37287326.56158190,154408,191.40225000,17438072.88768840,0
2026-01-08 20:00:00,90937.42,90996.02,90568.11,90927.62,476.53275000,1767905999999,43240646.03562270,211369,234.14305000,21250265.52570940,0
2026-01-08 21:00:00,90927.63,91336.63,90917.7,91272.96,629.96765000,1767909599999,57424581.77936470,135883,428.67674000,39076889.02027560,0
2026-01-08 22:00:00,91272.96,91493.0,91033.11,91231.9,417.67218000,1767913199999,38122503.36177990,108750,220.85373000,20160059.44285080,0
2026-01-08 23:00:00,91231.89,91336.63,91046.87,91099.99,233.87135000,1767916799999,21331761.88958250,98496,128.02597000,11677609.77461200,0
2026-01-09 00:00:00,91100.0,91307.72,91058.7,91290.33,179.40576000,1767920399999,16354337.05702720,66851,103.14429000,9403907.61408430,0
2026-01-09 01:00:00,91290.34,91632.1,90850.0,91056.19,545.56598000,1767923999999,49757577.73072380,189294,280.32954000,25578657.26981560,0
2026-01-09 02:00:00,91056.2,91481.19,91023.0,91038.38,431.10210000,1767927599999,39361586.47084740,124697,223.24439000,20382492.44790190,0
2026-01-09 03:00:00,91038.39,91271.73,90941.44,91220.23,417.79460000,1767931199999,38066193.87776750,103491,232.08315000,21152316.98801860,0
2026-01-09 04:00:00,91220.24,91236.72,90933.3,91012.8,322.36121000,1767934799999,29353402.42439370,61384,223.59590000,20359751.25950380,0
2026-01-09 05:00:00,91012.81,91119.81,90882.71,91091.82,292.21625000,1767938399999,26587701.36312910,78359,86.28308000,7852463.45750510,0
2026-01-09 06:00:00,91091.82,91146.47,90989.29,91137.58,209.50276000,1767941999999,19082406.05531640,79055,111.57531000,10162750.28786030,0
2026-01-09 07:00:00,91137.58,91137.58,90738.34,90741.84,669.47590000,1767945599999,60867731.24588570,96229,192.39522000,17498548.21973450,0
2026-01-09 08:00:00,90741.85,90843.77,89694.66,90033.52,1141.88324000,1767949199999,103108658.00504040,257771,419.14512000,37827298.99725330,0
2026-01-09 09:00:00,90033.52,90481.2,90014.6,90338.46,507.45187000,1767952799999,45801851.94173190,150524,308.31787000,27828992.78605170,0
2026-01-09 10:00:00,90338.47,90558.01,90283.47,90485.87,396.79277000,1767956399999,35907686.78353400,73802,263.68812000,23863422.62435140,0
2026-01-09 11:00:00,90485.87,90691.32,90404.21,90463.11,540.59585000,1767959999999,48946728.44086360,101830,330.07195000,29887895.93469760,0
2026-01-09 12:00:00,90463.12,90603.53,90235.13,90449.23,690.17113000,1767963599999,62398997.64505370,128450,423.84583000,38322108.86068440,0
2026-01-09 13:00:00,90449.22,90938.62,90405.15,90607.66,722.68305000,1767967199999,65511120.52529760,190300,408.75205000,37055132.33785850,0
2026-01-09 14:00:00,90607.66,90666.91,89940.0,90150.0,840.37741000,1767970799999,75843407.68931010,402856,386.49771000,34877107.74297670,0
2026-01-09 15:00:00,90150.01,92082.55,89850.0,91176.47,3441.12901000,1767974399999,314155614.56194100,691261,2214.57367000,202309170.36444790,0
2026-01-09 16:00:00,91176.48,91783.32,91175.79,91623.89,1143.47636000,1767977999999,104597705.49003260,331382,600.46430000,54934380.58872710,0
2026-01-09 17:00:00,91623.89,91680.41,91012.0,91422.23,688.89123000,1767981599999,62978408.12956940,202371,388.42718000,35518728.33316440,0
2026-01-09 18:00:00,91422.23,91507.82,90340.0,90820.31,551.14415000,1767985199999,50051115.80928270,223971,252.25944000,22904124.06974520,0
2026-01-09 19:00:00,90820.3,90820.3,90190.0,90332.15,578.57871000,1767988799999,52340869.60582190,202007,235.33828000,21288379.64139130,0
2026-01-09 20:00:00,90332.14,90580.62,90235.0,90303.36,313.31668000,1767992399999,28319043.27339100,183199,160.94754000,14545143.65575570,0
2026-01-09 21:00:00,90303.37,90643.81,90113.87,90541.97,207.05117000,1767995999999,18724258.02081720,98202,115.77090000,10472317.80194480,0
2026-01-09 22:00:00,90541.98,90723.06,90353.91,90630.08,575.52178000,1767999599999,52123146.87698880,81451,470.13478000,42579632.92411680,0
2026-01-09 23:00:00,90630.08,90732.01,90604.58,90641.28,183.79042000,1768003199999,16667631.16328150,36966,81.54708000,7395015.02994270,0
2026-01-10 00:00:00,90641.27,90693.89,90527.99,90600.0,151.21516000,1768006799999,13701902.37355030,37220,65.93167000,5973921.06619210,0
2026-01-10 01:00:00,90600.0,90732.2,90587.0,90688.0,113.18366000,1768010399999,10262272.49930340,34891,50.09778000,4542536.60891210,0
2026-01-10 02:00:00,90688.0,90782.23,90607.02,90697.17,139.70054000,1768013999999,12671912.50670680,35685,61.15488000,5547983.95447660,0
2026-01-10 03:00:00,90697.17,90697.18,90554.26,90626.14,124.89032000,1768017599999,11317068.72934150,31585,53.66679000,4862758.48215390,0
2026-01-10 04:00:00,90626.15,90649.99,90408.23,90448.3,164.87324000,1768021199999,14922512.90677770,39419,62.97568000,5699697.51615260,0
2026-01-10 05:00:00,90448.3,90617.62,90431.45,90603.52,84.41081000,1768024799999,7642878.74670080,25286,47.71675000,4320455.09127800,0
2026-01-10 06:00:00,90603.52,90603.53,90474.35,90505.47,74.15884000,1768028399999,6713244.11793800,27127,23.77635000,2152369.61824570,0
2026-01-10 07:00:00,90505.48,90682.7,90505.47,90678.5,168.18359000,1768031999999,15241142.88966160,37059,103.02323000,9336460.53549650,0
2026-01-10 08:00:00,90678.5,90773.33,90618.28,90661.95,288.33994000,1768035599999,26152369.51827370,46957,206.99239000,18775986.22363710,0
2026-01-10 09:00:00,90661.94,90768.97,90630.09,90768.96,158.69299000,1768039199999,14392865.29232330,43579,103.97924000,9430552.12393560,0
2026-01-10 10:00:00,90768.97,90832.0,90728.45,90828.0,126.67512000,1768042799999,11499886.30600900,32426,68.33333000,6203463.52857070,0
2026-01-10 11:00:00,90828.0,90828.0,90708.25,90723.86,73.68827000,1768046399999,6688778.30834410,27329,32.30732000,2932626.00305640,0
2026-01-10 12:00:00,90723.87,90788.78,90665.75,90733.71,94.62022000,1768049999999,8584820.70175940,30663,41.40600000,3756812.08731790,0
2026-01-10 13:00:00,90733.71,90772.78,90633.86,90656.51,82.99160000,1768053599999,7528159.81063300,30114,36.79024000,3337434.50841810,0
2026-01-10 14:00:00,90656.52,90658.69,90538.46,90591.01,144.35468000,1768057199999,13079157.75839810,32897,59.30685000,5373002.55529600,0
2026-01-10 15:00:00,90591.01,90665.76,90584.17,90665.75,92.51513000,1768060799999,8383961.55032630,28452,45.95290000,4164331.25424090,0
2026-01-10 16:00:00,90665.76,90725.74,90609.56,90676.66,142.80125000,1768064399999,12948546.52943280,30591,77.01998000,6984027.07273440,0
2026-01-10 17:00:00,90676.66,90746.0,90544.96,90544.96,152.86625000,1768067999999,13859479.81332700,25680,63.99410000,5802498.94921280,0
2026-01-10 18:00:00,90544.96,90595.63,90504.55,90595.62,158.53961000,1768071599999,14356043.75542190,18843,72.26521000,6543321.70066100,0
2026-01-10 19:00:00,90595.62,90631.37,90580.61,90626.54,75.94050000,1768075199999,6880967.36937920,18803,44.75046000,4054895.73686040,0
2026-01-10 20:00:00,90626.54,90659.03,90571.0,90572.86,99.38243000,1768078799999,9006115.24114530,21672,52.97717000,4800741.50028390,0
2026-01-10 21:00:00,90572.86,90572.86,90500.38,90510.74,144.94285000,1768082399999,13122142.54593190,26033,56.75124000,5137916.55561040,0
2026-01-10 22:00:00,90510.75,90600.0,90404.0,90427.76,161.64189000,1768085999999,14625298.83436110,48596,79.92383000,7230973.64899350,0
2026-01-10 23:00:00,90427.76,90567.15,90427.75,90504.7,85.50833000,1768089599999,7739847.37525190,35450,40.88044000,3699993.08785030,0
2026-01-11 00:00:00,90504.7,90650.75,90451.1,90640.44,114.36360000,1768093199999,10358138.70388220,35593,56.18734000,5088853.79916110,0
2026-01-11 01:00:00,90640.44,90675.53,90558.95,90628.23,83.46973000,1768096799999,7563785.79665300,31674,33.35219000,3022292.62562570,0
2026-01-11 02:00:00,90628.24,90731.9,90615.34,90699.0,123.06702000,1768100399999,11160725.09843680,30948,82.59798000,7491195.38323600,0
2026-01-11 03:00:00,90699.0,90737.95,90631.64,90733.5,142.98004000,1768103999999,12968428.29193360,26784,97.80473000,8871410.41734320,0
2026-01-11 04:00:00,90733.49,90785.48,90661.53,90785.48,141.85581000,1768107599999,12871120.50330880,28074,76.34248000,6927417.30069890,0
2026-01-11 05:00:00,90785.48,90850.0,90740.0,90774.43,128.06651000,1768111199999,11627727.30302190,23383,69.49740000,6310446.16171860,0
2026-01-11 06:00:00,90774.42,90796.83,90585.34,90744.0,169.88277000,1768114799999,15412197.35729880,34900,38.28023000,3471217.51957300,0
2026-01-11 07:00:00,90744.0,90749.0,90675.52,90710.79,107.03833000,1768118399999,9709646.73371830,24476,58.83409000,5336757.51290580,0
2026-01-11 08:00:00,90710.8,90816.0,90610.27,90790.01,261.70108000,1768121999999,23744946.11274120,46779,152.41648000,13829469.68324850,0
2026-01-11 09:00:00,90790.01,90815.44,90675.6,90740.02,180.86038000,1768125599999,16416616.20412960,41003,107.77357000,9783232.51728140,0
2026-01-11 10:00:00,90740.01,90740.02,90692.79,90736.67,123.08314000,1768129199999,11165941.96388240,23647,43.46678000,3943191.47519660,0
2026-01-11 11:00:00,90736.66,90756.0,90695.05,90754.99,128.73157000,1768132799999,11678410.95166430,22876,66.02039000,5989424.97784730,0
2026-01-11 12:00:00,90754.99,91020.0,90720.21,90938.13,211.42505000,1768136399999,19216961.51317200,48687,139.63152000,12691392.51816740,0
2026-01-11 13:00:00,90938.12,90972.33,90821.47,90849.45,154.00693000,1768139999999,13998008.90828130,35473,64.97936000,5906244.91577740,0
2026-01-11 14:00:00,90849.45,91191.5,90849.45,91127.16,282.45011000,1768143599999,25709863.72776300,59598,194.75325000,17727546.81076100,0
2026-01-11 15:00:00,91127.17,91153.99,90708.25,90875.79,496.14604000,1768147199999,45113393.25352020,107151,217.19334000,19751138.34980420,0
2026-01-11 16:00:00,90875.79,91283.89,90875.79,91039.15,389.24788000,1768150799999,35450611.82690020,103535,237.75502000,21653400.97282990,0
2026-01-11 17:00:00,91039.14,91147.82,90904.07,90986.68,234.85682000,1768154399999,21381002.31619350,49086,130.00668000,11837586.99059580,0
2026-01-11 18:00:00,90986.68,90986.69,90793.43,90886.68,177.99755000,1768157999999,16177030.23026880,39486,90.38306000,8214562.29154010,0
2026-01-11 19:00:00,90886.68,90922.08,90673.3,90690.8,159.30510000,1768161599999,14465291.95737180,40883,61.86289000,5617586.95505820,0
2026-01-11 20:00:00,90690.81,90743.72,90370.85,90708.26,497.31755000,1768165199999,45036880.20780730,103097,254.53505000,23053469.71825050,0
2026-01-11 21:00:00,90708.25,90838.69,90590.61,90757.06,217.97309000,1768168799999,19771921.72635850,68074,99.09205000,8989641.61686290,0
2026-01-11 22:00:00,90757.07,90757.07,90453.36,90526.02,255.60666000,1768172399999,23160661.07160150,78400,117.61716000,10657619.62721800,0
2026-01-11 23:00:00,90526.01,91041.79,90236.0,91013.65,695.70318000,1768175999999,63086552.17204090,178422,377.97864000,34282606.66817010,0
2026-01-12 00:00:00,91013.66,91258.66,90700.29,91258.65,740.61830000,1768179599999,67422774.32123460,236531,432.32310000,39364568.62782950,0
2026-01-12 01:00:00,91258.66,91799.0,91086.0,91412.44,973.78286000,1768183199999,89049388.95383500,301802,424.44587000,38820996.43575840,0
2026-01-12 02:00:00,91412.44,92384.4,91374.0,92203.56,1103.07593000,1768186799999,101405941.00525770,232119,666.66968000,61287538.87631730,0
2026-01-12 03:00:00,92203.56,92519.95,91808.11,91808.12,968.99203000,1768190399999,89374965.36932110,182727,441.36599000,40717740.72590910,0
2026-01-12 04:00:00,91808.12,92290.81,91741.82,92175.78,651.26560000,1768193999999,59926169.50626870,96929,457.61368000,42105427.55493380,0
2026-01-12 05:00:00,92175.79,92267.66,92037.51,92111.86,274.66206000,1768197599999,25310274.76707900,66665,138.35700000,12750324.13467560,0
2026-01-12 06:00:00,92111.87,92207.01,91805.43,91836.34,279.64865000,1768201199999,25721954.10430020,81939,109.58839000,10079986.68344120,0
2026-01-12 07:00:00,91836.35,91970.0,91381.36,91408.09,500.65720000,1768204799999,45870490.37926420,128401,173.64866000,15913840.54383570,0
2026-01-12 08:00:00,91408.09,91630.13,90388.89,90752.27,1298.94335000,1768208399999,118140514.25377060,286110,568.83138000,51716991.88941870,0
2026-01-12 09:00:00,90752.28,90942.85,90648.15,90685.64,605.22242000,1768211999999,54972496.05935620,126708,397.65807000,36122439.94369110,0
2026-01-12 10:00:00,90685.65,90793.18,90370.0,90433.46,399.68146000,1768215599999,36199198.36535800,89435,145.54288000,13182885.06163620,0
2026-01-12 11:00:00,90433.45,90824.86,90425.36,90620.96,457.29481000,1768219199999,41439608.79125330,78793,268.56618000,24338391.90074300,0
2026-01-12 12:00:00,90620.95,90863.74,90615.66,90789.37,244.81991000,1768222799999,22216103.27664070,61466,129.41591000,11743189.33890490,0
2026-01-12 13:00:00,90789.37,90829.73,90538.0,90636.01,327.61952000,1768226399999,29702070.67371810,78578,154.41588000,13999630.54188400,0
2026-01-12 14:00:00,90636.0,91131.39,90128.44,90908.95,1300.15719000,1768229999999,117823737.05169950,359097,593.80287000,53858959.41818960,0
2026-01-12 15:00:00,90908.95,91665.0,90705.91,91665.0,1031.47333000,1768233599999,94187562.57164880,378241,509.92210000,46560583.22263630,0
2026-01-12 16:00:00,91664.99,92332.0,91567.81,92123.52,1578.09092000,1768237199999,145195403.72894180,336905,803.99051000,73977119.07657850,0
2026-01-12 17:00:00,92123.51,92306.62,91000.53,91522.83,1208.45838000,1768240799999,110726529.70949580,319399,566.21811000,51871600.55299430,0
2026-01-12 18:00:00,91522.83,91943.26,91411.79,91691.8,505.47425000,1768244399999,46353648.23575430,168528,252.30844000,23136218.26045500,0
2026-01-12 19:00:00,91691.8,91880.0,91434.8,91861.27,337.94969000,1768247999999,30993359.17489060,103631,176.75781000,16212163.60069750,0
2026-01-12 20:00:00,91861.27,92046.23,91417.99,91484.86,374.00813000,1768251599999,34311949.24919120,110836,179.19178000,16450713.50096960,0
2026-01-12 21:00:00,91484.87,91502.37,90938.2,91055.17,398.88227000,1768255199999,36389775.91736610,118967,176.27284000,16086756.51007200,0
2026-01-12 22:00:00,91055.17,91441.34,91052.21,91244.99,313.86446000,1768258799999,28651859.59795480,95575,153.61009000,14021327.80123190,0
2026-01-12 23:00:00,91244.99,91311.68,91059.88,91296.2,313.43996000,1768262399999,28579087.20570610,60127,172.02558000,15685405.97791900,0
2026-01-13 00:00:00,91296.2,91546.08,91249.0,91482.74,334.56358000,1768265999999,30583531.16497800,99713,186.43667000,17043676.06440690,0
2026-01-13 01:00:00,91482.74,91546.08,91042.66,91185.35,442.20574000,1768269599999,40358147.33504620,91135,120.25248000,10973229.10649060,0
2026-01-13 02:00:00,91185.34,91382.82,91097.8,91118.3,271.94314000,1768273199999,24812532.85683330,65997,126.11917000,11512232.16486230,0
2026-01-13 03:00:00,91118.3,91453.45,91118.29,91408.91,263.81213000,1768276799999,24087481.09960370,68344,148.14911000,13526726.28364860,0
2026-01-13 04:00:00,91408.9,91650.81,91350.71,91515.16,272.26771000,1768280399999,24901458.24607370,64118,134.25756000,12280155.82806110,0
2026-01-13 05:00:00,91515.17,92255.94,91472.36,91920.99,991.25943000,1768283999999,91168119.27850670,184747,551.99687000,50768388.89684720,0
2026-01-13 06:00:00,91921.0,92275.38,91806.19,92184.36,600.50125000,1768287599999,55277697.63693130,107624,294.85358000,27144123.53530970,0
2026-01-13 07:00:00,92184.37,92212.48,91905.33,91942.0,704.56170000,1768291199999,64826922.91534750,88949,348.27389000,32043661.96726070,0
2026-01-13 08:00:00,91941.99,92250.66,91924.27,92165.9,528.98890000,1768294799999,48705435.40882850,75204,311.28896000,28659448.53021970,0
2026-01-13 09:00:00,92165.89,92672.11,91950.0,92269.42,1215.58278000,1768298399999,112280363.68187950,224444,672.92010000,62167240.43483780,0
2026-01-13 10:00:00,92269.42,92350.03,92021.15,92128.62,394.76711000,1768301999999,36403040.95533520,98470,220.72603000,20357634.79591460,0
2026-01-13 11:00:00,92128.63,92261.04,91972.44,92000.74,405.87783000,1768305599999,37387171.89675090,75649,228.50471000,21049807.50073940,0
2026-01-13 12:00:00,92000.73,92153.84,91910.25,92109.35,280.96679000,1768309199999,25864491.55915750,70139,142.82606000,13147945.68901940,0
2026-01-13 13:00:00,92109.35,92606.42,91978.66,92076.12,1336.20170000,1768312799999,123266941.97462280,205608,705.82995000,65134106.18031690,0
2026-01-13 14:00:00,92076.11,92915.12,91787.61,92462.03,1289.79234000,1768316399999,119241496.74576380,410164,694.47421000,64203092.88703760,0
2026-01-13 15:00:00,92462.03,93450.0,92132.66,93449.99,1429.93474000,1768319999999,132713893.12906450,484285,748.52431000,69516362.44570330,0
2026-01-13 16:00:00,93449.99,93760.0,93078.31,93389.63,1920.24440000,1768323599999,179535419.70889930,406061,970.08110000,90691629.38025160,0
2026-01-13 17:00:00,93389.63,93498.72,93100.0,93241.99,796.01222000,1768327199999,74293994.36889800,283288,393.19693000,36698483.64306630,0
2026-01-13 18:00:00,93241.99,93871.29,93198.09,93633.71,950.82758000,1768330799999,88974042.08719090,317172,537.82055000,50322216.22033100,0
2026-01-13 19:00:00,93633.71,94231.82,93475.07,94226.84,1085.51387000,1768334399999,101954774.86063380,279588,672.03523000,63131842.53048110,0
2026-01-13 20:00:00,94226.85,94500.0,94113.13,94408.7,1604.35758000,1768337999999,151313488.63767170,391538,959.92930000,90533806.58116440,0
2026-01-13 21:00:00,94408.7,94507.99,94062.0,94087.23,1173.77039000,1768341599999,110747772.10487610,200851,509.59915000,48089623.65414250,0
2026-01-13 22:00:00,94087.23,96495.0,94087.23,95757.21,3452.31954000,1768345199999,329266760.02268270,510671,2082.98227000,198574596.38798380,0
2026-01-13 23:00:00,95757.19,96107.97,95055.01,95414.0,1275.24237000,1768348799999,121805823.44212820,221312,644.15237000,61497131.54088640,0
2026-01-14 00:00:00,95413.99,95647.91,95154.04,95236.84,662.80362000,1768352399999,63232914.50013840,211166,286.34976000,27324919.58118810,0
2026-01-14 01:00:00,95236.84,95582.0,95116.03,95245.6,749.06956000,1768355999999,71425074.30726960,186256,344.22043000,32823616.71878640,0
2026-01-14 02:00:00,95245.61,95562.0,95190.06,95347.46,588.58584000,1768359599999,56155851.35054000,140954,352.56752000,33639541.66762340,0
2026-01-14 03:00:00,95347.47,95722.01,95285.5,95720.99,381.44090000,1768363199999,36426060.56439370,105137,242.18344000,23128995.84316170,0
2026-01-14 04:00:00,95720.99,95799.22,95224.44,95245.16,460.39311000,1768366799999,43965701.24702260,112276,176.91138000,16893214.44512590,0
2026-01-14 05:00:00,95245.17,95270.25,94972.0,95005.0,669.59606000,1768370399999,63674115.44513710,143424,336.71435000,32022075.54999070,0
2026-01-14 06:00:00,95005.01,95028.88,94559.28,95028.87,859.31999000,1768373999999,81469236.59158910,172887,393.90281000,37351597.18805490,0
2026-01-14 07:00:00,95028.88,95233.99,94850.0,95205.1,884.32504000,1768377599999,84039989.29285350,146867,344.05435000,32701029.54024460,0
2026-01-14 08:00:00,95205.11,95315.15,94900.0,94900.01,380.43239000,1768381199999,36187170.25503690,91691,142.13383000,13523841.96368790,0
2026-01-14 09:00:00,94900.01,95186.51,94870.01,95088.24,468.07232000,1768384799999,44474843.38463910,108766,197.65651000,18784710.15272760,0
2026-01-14 10:00:00,95088.24,95291.98,94888.0,95091.75,526.44388000,1768388399999,50050229.95723240,145073,310.79546000,29549647.92719940,0
2026-01-14 11:00:00,95091.49,95091.49,94737.95,94792.99,381.08629000,1768391999999,36173278.55869570,129577,168.36051000,15980699.44612800,0
2026-01-14 12:00:00,94793.0,95154.78,94680.67,95077.56,424.37035000,1768395599999,40317926.45971540,104406,230.61900000,21911943.12029560,0
2026-01-14 13:00:00,95077.56,95241.7,94890.68,94998.19,454.30020000,1768399199999,43178714.13571130,136858,186.78505000,17758156.08352550,0
2026-01-14 14:00:00,94998.2,96827.0,94982.56,96493.15,2348.26402000,1768402799999,225571692.46725630,551201,1381.64993000,132711182.38836100,0
2026-01-14 15:00:00,96493.14,97084.68,96188.25,96764.57,2804.69067000,1768406399999,271277126.86878170,643474,1727.41200000,167133181.78860800,0
2026-01-14 16:00:00,96764.57,97693.66,96730.77,97293.24,2448.97546000,1768409999999,238279343.04510390,464762,1363.41937000,132650941.89932570,0
2026-01-14 17:00:00,97293.23,97777.0,96800.0,96956.07,2017.29615000,1768413599999,196376789.94889180,392665,1073.86833000,104561146.98431520,0
2026-01-14 18:00:00,96956.07,97110.0,96246.56,96806.55,1150.91366000,1768417199999,111305291.30820240,347447,599.36692000,57968809.55003410,0
2026-01-14 19:00:00,96806.54,97640.68,96688.36,97267.42,1063.44638000,1768420799999,103399873.55305890,265189,624.33380000,60705493.38755360,0
2026-01-14 20:00:00,97267.42,97924.49,97209.25,97655.28,1157.33493000,1768424399999,112929445.32905750,336141,637.39155000,62203705.69733490,0
2026-01-14 21:00:00,97655.27,97717.72,97390.0,97564.0,494.72849000,1768427999999,48253636.64001560,149498,234.54548000,22876236.17989900,0
2026-01-14 22:00:00,97563.99,97587.34,96772.02,96878.34,1038.79474000,1768431599999,100927082.08160560,147847,398.95589000,38773797.31114620,0
2026-01-14 23:00:00,96878.34,97371.33,96865.34,96951.78,437.21023000,1768435199999,42444434.35666620,112650,220.79062000,21436978.18298540,0
2026-01-15 00:00:00,96951.78,97000.0,96500.0,96658.03,798.45682000,1768438799999,77210321.70766500,131533,396.09145000,38303464.62677930,0
2026-01-15 01:00:00,96658.03,96959.09,96297.32,96445.31,701.30226000,1768442399999,67731283.84082120,141522,291.34379000,28149530.98326960,0
2026-01-15 02:00:00,96445.32,96617.06,96095.8,96339.91,530.33501000,1768445999999,51093160.63778920,150187,257.91991000,24856454.93576500,0
2026-01-15 03:00:00,96339.92,96393.58,95777.0,95985.1,791.58790000,1768449599999,76019510.38846800,161564,311.35652000,29904545.07122060,0
2026-01-15 04:00:00,95985.11,96387.42,95952.89,96316.27,483.75975000,1768453199999,46538137.70498480,105077,275.13379000,26466000.07853000,0
2026-01-15 05:00:00,96316.27,96510.57,96247.64,96429.71,419.70339000,1768456799999,40448534.11171270,105570,226.49686000,21828516.41533850,0
2026-01-15 06:00:00,96429.71,96588.45,96172.41,96243.78,473.63021000,1768460399999,45650185.50965510,111856,242.60438000,23379254.52687100,0
2026-01-15 07:00:00,96243.79,96760.15,96191.79,96630.48,679.19921000,1768463999999,65541634.82009440,140374,316.24045000,30510707.41204840,0
2026-01-15 08:00:00,96630.47,96662.0,96289.98,96643.0,760.49437000,1768467599999,73390718.92969210,161833,368.91745000,35601191.08813190,0
2026-01-15 09:00:00,96643.01,97193.34,96559.19,97040.75,1029.77719000,1768471199999,99768653.29836100,175329,643.49837000,62363582.31013650,0
2026-01-15 10:00:00,97040.75,97070.39,96750.0,96818.68,414.89635000,1768474799999,40197067.96811670,92198,171.31332000,16593329.69507000,0
2026-01-15 11:00:00,96818.68,96935.39,96580.03,96581.08,588.17595000,1768478399999,56880574.29649090,83237,254.60254000,24628308.95091220,0
2026-01-15 12:00:00,96581.07,96994.65,96525.24,96981.65,332.67430000,1768481999999,32174433.03842820,102750,177.69153000,17189353.80761010,0
2026-01-15 13:00:00,96981.66,97032.99,96620.12,96846.75,496.85903000,1768485599999,48137987.33214510,122217,279.07068000,27040341.65985700,0
2026-01-15 14:00:00,96846.74,97165.03,95592.69,96063.43,1629.09421000,1768489199999,156970589.09997480,456054,690.96921000,66635196.45483090,0
2026-01-15 15:00:00,96063.43,96791.67,95435.91,96737.04,2359.55410000,1768492799999,226596271.37265470,549210,1467.00969000,140896866.80348230,0
2026-01-15 16:00:00,96737.04,96969.99,96272.72,96738.51,1973.14331000,1768496399999,190549206.68400920,412838,1158.68622000,111890086.28545780,0
2026-01-15 17:00:00,96738.5,97163.0,96426.18,96636.35,2398.07402000,1768499999999,232115123.59588990,261756,1648.07052000,159531234.49589020,0
2026-01-15 18:00:00,96636.35,96650.51,95745.25,95835.0,2117.40598000,1768503599999,203481921.60994900,266973,574.11439000,55213437.98465120,0
2026-01-15 19:00:00,95835.01,95920.31,95183.13,95516.01,1380.26708000,1768507199999,131968662.60372340,297768,436.78129000,41745208.97823850,0
2026-01-15 20:00:00,95516.01,95660.0,95134.48,95260.67,524.36978000,1768510799999,49996502.20683220,192358,232.37827000,22152577.41096480,0
2026-01-15 21:00:00,95260.68,95631.08,95196.0,95584.35,297.62442000,1768514399999,28406202.59608880,86531,194.24325000,18539439.69093410,0
2026-01-15 22:00:00,95584.36,95871.0,95488.91,95583.87,269.05055000,1768517999999,25737435.90094250,109645,125.28313000,11984628.06156850,0
2026-01-15 23:00:00,95583.87,95718.31,95378.58,95604.8,276.37850000,1768521599999,26404063.58924470,74715,101.51066000,9699805.38392640,0
2026-01-16 00:00:00,95604.81,95828.01,95570.96,95633.5,207.12295000,1768525199999,19823794.30363780,96749,105.55232000,10103577.06673320,0
2026-01-16 01:00:00,95633.5,95855.12,95420.75,95664.18,401.56495000,1768528799999,38399871.07427360,100015,181.33311000,17338240.52514530,0
2026-01-16 02:00:00,95664.17,95687.47,95393.9,95504.4,384.29986000,1768532399999,36709576.27588300,107593,172.16909000,16445731.63698130,0
2026-01-16 03:00:00,95504.4,95586.6,95321.58,95354.69,214.15334000,1768535999999,20445038.04686280,58409,87.97233000,8399405.78319040,0
2026-01-16 04:00:00,95354.69,95582.41,95133.03,95261.29,700.90747000,1768539599999,66789226.02128170,95333,243.97575000,23252941.68974750,0
2026-01-16 05:00:00,95261.3,95676.73,95242.18,95660.37,746.76630000,1768543199999,71262552.00074300,123940,295.91178000,28252039.95601440,0
2026-01-16 06:00:00,95660.38,95816.83,95534.0,95741.21,443.54681000,1768546799999,42437192.14496680,79327,227.48797000,21768220.68890700,0
2026-01-16 07:00:00,95741.22,95788.34,95489.6,95653.16,403.70542000,1768550399999,38594352.62210260,59641,171.06274000,16350845.01279150,0
2026-01-16 08:00:00,95653.16,95871.47,95570.68,95676.0,594.74259000,1768553999999,56945464.99405110,92809,333.81403000,31966230.30673270,0
2026-01-16 09:00:00,95676.01,95788.17,95601.5,95613.53,177.27273000,1768557599999,16960340.70952860,52411,77.83219000,7445879.86833270,0
2026-01-16 10:00:00,95613.53,95637.0,95280.51,95307.35,538.64006000,1768561199999,51380354.23721190,73987,146.80010000,14005788.06309180,0
2026-01-16 11:00:00,95307.35,95470.0,95261.43,95429.09,303.73259000,1768564799999,28964485.24259440,69302,143.92687000,13725497.76831670,0
2026-01-16 12:00:00,95429.09,95569.0,95353.5,95458.55,289.70117000,1768568399999,27660389.98631400,64285,143.92815000,13741771.79498040,0
2026-01-16 13:00:00,95458.55,95579.0,95288.05,95448.87,277.92918000,1768571999999,26532430.83086100,78021,119.03808000,11364519.30005520,0
2026-01-16 14:00:00,95448.86,95809.08,95192.35,95192.36,624.83754000,1768575599999,59641122.51703130,278449,325.38446000,31066033.20922720,0
2026-01-16 15:00:00,95192.36,95663.15,94293.46,94585.98,1821.66491000,1768579199999,172736137.73937610,506139,724.01442000,68653679.20312570,0
2026-01-16 16:00:00,94585.99,94990.73,94508.0,94872.55,811.28371000,1768582799999,76907226.50858030,245123,407.38973000,38618699.77852560,0
2026-01-16 17:00:00,94872.55,95130.49,94555.88,95076.08,513.23212000,1768586399999,48677489.86924210,149324,309.70907000,29388265.44668410,0
2026-01-16 18:00:00,95076.09,95215.74,94960.04,95001.19,353.51337000,1768589999999,33622976.64489240,131479,134.88787000,12830206.31682990,0
2026-01-16 19:00:00,95001.19,95055.31,94841.31,95002.09,176.56522000,1768593599999,16767832.51055860,102582,68.38386000,6494196.52235850,0
2026-01-16 20:00:00,95002.09,95561.5,94682.0,95553.6,414.87593000,1768597199999,39477455.85677470,148737,235.54461000,22425606.89691500,0
2026-01-16 21:00:00,95553.61,95600.0,95359.69,95523.52,341.14068000,1768600799999,32576361.53512950,126362,175.63889000,16771807.62379100,0
2026-01-16 22:00:00,95523.52,95574.0,95260.64,95514.0,283.10566000,1768604399999,27010015.85811140,89750,148.38164000,14157008.41158380,0
2026-01-16 23:00:00,95513.99,95577.89,95433.83,95550.94,143.41004000,1768607999999,13697720.54724270,41792,74.93046000,7156985.21140700,0
2026-01-17 00:00:00,95550.94,95578.2,95433.94,95465.97,129.13356000,1768611599999,12333379.74474160,42278,56.94662000,5438751.17266200,0
2026-01-17 01:00:00,95465.97,95530.0,95384.86,95399.93,104.26658000,1768615199999,9952999.31959470,33643,39.64163000,3783734.59623610,0
2026-01-17 02:00:00,95399.94,95412.86,95200.0,95371.35,155.12882000,1768618799999,14783878.30387320,46071,58.65443000,5589890.38821870,0
2026-01-17 03:00:00,95371.36,95384.87,95270.79,95372.95,132.45240000,1768622399999,12625361.28971510,31223,62.43815000,5951849.30925640,0
2026-01-17 04:00:00,95372.94,95372.95,95260.64,95303.64,131.52683000,1768625999999,12536056.31469730,26920,71.73685000,6836915.37402020,0
2026-01-17 05:00:00,95303.63,95373.64,95275.05,95323.67,103.95781000,1768629599999,9909257.31759940,21827,56.94479000,5427650.39750570,0
2026-01-17 06:00:00,95323.68,95347.89,95186.29,95240.07,125.70578000,1768633199999,11975368.16358990,33787,64.62622000,6156585.75734050,0
2026-01-17 07:00:00,95240.08,95240.08,95041.7,95101.67,197.34545000,1768636799999,18773188.94127810,65981,66.76559000,6350790.56902310,0
2026-01-17 08:00:00,95101.67,95260.65,95021.67,95247.51,164.49559000,1768640399999,15659953.44392830,44186,107.55512000,10239534.65744380,0
2026-01-17 09:00:00,95247.51,95290.08,95176.9,95260.65,104.24877000,1768643999999,9928643.44887390,26817,57.71365000,5496789.60504400,0
2026-01-17 10:00:00,95260.65,95271.21,95116.47,95116.48,127.24070000,1768647599999,12110772.51060770,30477,41.10414000,3912496.45440580,0
2026-01-17 11:00:00,95116.48,95323.86,95073.57,95323.86,218.85009000,1768651199999,20843895.28050120,55913,155.66239000,14827339.57016390,0
2026-01-17 12:00:00,95323.85,95412.84,95243.63,95251.15,215.62364000,1768654799999,20547548.52366410,51130,106.96527000,10193764.98742210,0
2026-01-17 13:00:00,95251.15,95438.33,95198.81,95438.32,227.83624000,1768658399999,21721600.64855110,46602,114.54046000,10921773.32609600,0
2026-01-17 14:00:00,95438.32,95544.07,95357.02,95471.18,259.56584000,1768661999999,24774942.50792300,53111,129.31944000,12343473.78378230,0
2026-01-17 15:00:00,95471.17,95639.45,95433.81,95573.64,747.96943000,1768665599999,71460855.44095790,89656,326.21851000,31167403.72812720,0
2026-01-17 16:00:00,95573.65,95576.14,95212.25,95315.23,330.67135000,1768669199999,31539189.71865710,74432,164.19395000,15659912.31140780,0
2026-01-17 17:00:00,95315.23,95440.8,95295.17,95357.24,141.20490000,1768672799999,13467403.45932550,40606,92.94960000,8864929.79326270,0
2026-01-17 18:00:00,95357.23,95465.98,95346.0,95428.25,100.50730000,1768676399999,9591156.00176000,27449,46.30847000,4418866.92937470,0
2026-01-17 19:00:00,95428.25,95428.25,95290.7,95291.38,64.10708000,1768679999999,6112635.84362990,22370,24.79180000,2363845.00657580,0
2026-01-17 20:00:00,95291.37,95383.84,95291.36,95378.18,65.25873000,1768683599999,6221173.67443760,17756,43.84379000,4179583.99406040,0
2026-01-17 21:00:00,95378.19,95412.86,95283.99,95302.94,114.01955000,1768687199999,10869551.20446080,33847,37.20458000,3546778.19901710,0
2026-01-17 22:00:00,95302.94,95302.94,95050.0,95170.97,209.18455000,1768690799999,19908190.81410530,63931,78.76882000,7496649.56480240,0
2026-01-17 23:00:00,95170.98,95208.96,95123.79,95147.77,110.50038000,1768694399999,10514939.75543520,40514,54.95856000,5229766.49572140,0
2026-01-18 00:00:00,95147.77,95250.0,95067.83,95112.47,179.02691000,1768697999999,17033981.09943890,49687,66.57474000,6335556.34858060,0
2026-01-18 01:00:00,95112.48,95112.48,94876.33,94966.9,243.72080000,1768701599999,23147043.73261270,86641,87.24663000,8285712.44987030,0
2026-01-18 02:00:00,94966.89,95069.07,94880.53,95022.01,148.46070000,1768705199999,14101526.93363410,43816,62.24583000,5912013.36752260,0
2026-01-18 03:00:00,95022.01,95205.74,95022.01,95200.29,149.82604000,1768708799999,14251453.61336160,36300,86.46705000,8225325.72767730,0
2026-01-18 04:00:00,95200.29,95200.3,95075.3,95095.68,90.87843000,1768712399999,8645007.69680470,31566,53.94607000,5131516.11695200,0
2026-01-18 05:00:00,95095.68,95260.0,95059.27,95188.55,176.45319000,1768715999999,16785093.10496020,40838,105.81543000,10065250.08530760,0
2026-01-18 06:00:00,95188.54,95199.62,95144.3,95171.43,144.72253000,1768719599999,13774214.48800450,28764,69.70778000,6634741.69402830,0
2026-01-18 07:00:00,95171.44,95183.3,95028.27,95028.27,293.23856000,1768723199999,27885692.27101290,39985,101.72850000,9673217.37531840,0
2026-01-18 08:00:00,95028.27,95195.0,95021.44,95183.93,124.96260000,1768726799999,11883814.83177000,27524,79.83314000,7591366.84635040,0
2026-01-18 09:00:00,95183.93,95295.35,95149.18,95275.73,312.28376000,1768730399999,29736760.22303270,40688,189.73820000,18067225.71917680,0
2026-01-18 10:00:00,95275.73,95295.39,95088.0,95180.66,344.24187000,1768733999999,32751810.60960300,56874,122.91328000,11695768.02570990,0
2026-01-18 11:00:00,95180.67,95180.67,95061.65,95168.06,178.51779000,1768737599999,16980666.77512240,31122,86.15745000,8195658.58362880,0
2026-01-18 12:00:00,95168.06,95178.09,95081.32,95113.25,122.90856000,1768741199999,11692086.57429150,33227,55.83721000,5311318.56246910,0
2026-01-18 13:00:00,95113.24,95205.4,94910.0,95146.82,328.31194000,1768744799999,31213377.21742310,60918,154.99751000,14738123.26250480,0
2026-01-18 14:00:00,95146.82,95376.24,94928.51,94955.79,530.35330000,1768748399999,50466659.25568700,81512,186.96187000,17788609.49735320,0
2026-01-18 15:00:00,94955.78,95125.47,94915.21,95119.28,195.60522000,1768751999999,18590160.75505470,56729,126.42927000,12016218.60934920,0
2026-01-18 16:00:00,95119.27,95186.3,95073.02,95169.35,105.98121000,1768755599999,10083119.21223020,58512,57.24624000,5446617.43976970,0
2026-01-18 17:00:00,95169.35,95280.24,95140.61,95274.36,147.92595000,1768759199999,14086756.27868100,38716,79.96272000,7615170.12285890,0
2026-01-18 18:00:00,95274.35,95521.71,95180.9,95439.6,407.32335000,1768762799999,38855140.97981550,81840,271.90418000,25940696.92399660,0
2026-01-18 19:00:00,95439.6,95514.0,95333.99,95380.99,260.23192000,1768766399999,24840217.49610700,56067,137.18888000,13096413.27247110,0
2026-01-18 20:00:00,95380.99,95441.22,95285.2,95304.01,77.90234000,1768769999999,7428451.98849590,44321,37.24350000,3551495.13293080,0
2026-01-18 21:00:00,95304.01,95430.45,95284.23,95430.44,81.51777000,1768773599999,7773941.73026800,30857,46.00863000,4387667.70017710,0
2026-01-18 22:00:00,95430.45,95531.12,95412.86,95498.61,319.96465000,1768777199999,30548277.00545060,38612,149.67411000,14289997.29463260,0
2026-01-18 23:00:00,95498.6,95498.6,93615.4,93673.14,1930.81880000,1768780799999,182218489.39484960,393669,691.52782000,65222082.66264320,0
2026-01-19 00:00:00,93673.14,93673.14,91910.2,92711.02,4221.82713000,1768784399999,391410938.63318060,702026,2013.05803000,186611115.75122240,0
2026-01-19 01:00:00,92711.02,92875.68,92247.97,92586.65,910.87085000,1768787999999,84357357.54796400,269217,496.52291000,45989922.49763250,0
2026-01-19 02:00:00,92586.65,92672.0,92383.94,92566.8,452.44264000,1768791599999,41866839.32398060,123754,241.18739000,22320939.61663930,0
2026-01-19 03:00:00,92566.8,92776.83,92500.0,92690.09,556.40187000,1768795199999,51547488.41051060,95858,357.82667000,33152814.73303800,0
2026-01-19 04:00:00,92690.08,92748.32,92502.58,92665.0,506.12587000,1768798799999,46897062.71674910,78066,276.93937000,25660341.58681800,0
2026-01-19 05:00:00,92665.0,92811.11,92504.24,92511.77,357.86057000,1768802399999,33155413.50682280,82901,156.53744000,14504373.53450060,0
2026-01-19 06:00:00,92511.77,92629.26,92385.07,92583.27,427.02868000,1768805999999,39509044.89927120,91151,198.01101000,18321840.85651630,0
2026-01-19 07:00:00,92583.27,92861.41,92562.0,92841.62,421.22196000,1768809599999,39041176.42437540,76549,260.93848000,24186721.08965190,0
2026-01-19 08:00:00,92841.62,93368.44,92702.56,93259.09,865.57873000,1768813199999,80546697.23894170,176880,530.47081000,49361403.15865470,0
2026-01-19 09:00:00,93259.09,93268.12,92950.0,93060.06,474.82948000,1768816799999,44196467.46404520,110099,182.53195000,16989681.15292910,0
2026-01-19 10:00:00,93060.06,93081.3,92900.0,93064.88,263.24721000,1768820399999,24484592.42561170,67109,104.56930000,9724952.52545650,0
2026-01-19 11:00:00,93064.88,93317.29,92969.94,93191.96,305.33086000,1768823999999,28432976.27664340,78560,143.67401000,13380842.97563490,0
2026-01-19 12:00:00,93191.96,93226.44,92979.48,93070.6,586.84126000,1768827599999,54621385.37067590,104693,222.62159000,20724439.27086840,0
2026-01-19 13:00:00,93070.6,93151.37,92807.34,93031.86,326.88604000,1768831199999,30400138.42525890,102007,171.39977000,15940914.38294180,0
2026-01-19 14:00:00,93031.85,93039.6,92700.0,92812.43,417.89495000,1768834799999,38806573.89859290,145088,147.70050000,13716395.24256010,0
2026-01-19 15:00:00,92812.43,93081.0,92812.43,93068.62,467.20202000,1768838399999,43446684.64901020,141265,232.03944000,21579156.78058820,0
2026-01-19 16:00:00,93068.62,93420.0,92994.0,93301.86,380.00206000,1768841999999,35406985.55927120,123287,207.01737000,19290192.73404990,0
2026-01-19 17:00:00,93301.85,93389.45,93150.0,93242.99,357.60248000,1768845599999,33349780.37754940,97174,144.32229000,13460561.85981080,0
2026-01-19 18:00:00,93242.99,93259.39,92930.0,93065.84,235.78814000,1768849199999,21945773.38123490,90042,100.11119000,9317585.19071980,0
2026-01-19 19:00:00,93065.83,93154.32,93000.0,93105.85,179.79114000,1768852799999,16736741.33763310,62703,89.17487000,8300990.27273360,0
2026-01-19 20:00:00,93105.85,93274.82,93084.15,93141.94,178.48795000,1768856399999,16632391.39604740,60208,74.42996000,6936015.25529720,0
2026-01-19 21:00:00,93141.95,93342.36,93000.03,93003.42,240.63302000,1768859999999,22411713.19285290,72412,85.95994000,8008103.63548690,0
2026-01-19 22:00:00,93003.41,93060.0,92565.78,92565.78,374.00927000,1768863599999,34725541.55314960,131360,136.84898000,12707060.49283290,0
2026-01-19 23:00:00,92565.78,92750.0,92158.48,92631.0,787.62329000,1768867199999,72840572.03967430,276657,332.94918000,30794640.29922840,0
2026-01-20 00:00:00,92630.99,92870.0,92370.25,92717.9,325.00059000,1768870799999,30102457.99140280,155194,158.69077000,14702193.45586640,0
2026-01-20 01:00:00,92717.9,92867.28,92525.8,92716.48,251.70499000,1768874399999,23345364.16168370,130991,124.67081000,11563047.90386860,0
2026-01-20 02:00:00,92716.47,92729.94,92370.68,92552.16,354.36518000,1768877999999,32797176.38469280,114769,161.45433000,14942761.29245440,0
2026-01-20 03:00:00,92552.15,92650.0,92264.7,92434.92,329.07012000,1768881599999,30412930.75170080,95090,155.60893000,14381361.13865240,0
2026-01-20 04:00:00,92434.93,92470.37,92000.01,92062.61,363.95619000,1768885199999,33572610.72010100,107826,139.39075000,12860568.18154680,0
2026-01-20 05:00:00,92062.62,92084.8,91294.11,91624.18,1546.22756000,1768888799999,141757402.06568800,315551,661.93069000,60669724.03243330,0
2026-01-20 06:00:00,91624.19,91625.31,90771.78,90929.98,1830.88581000,1768892399999,166768293.10836360,441480,617.53615000,56252123.56193910,0
2026-01-20 07:00:00,90929.98,91319.05,90862.83,91177.98,907.06352000,1768895999999,82622571.73975850,236698,542.22614000,49402318.76707010,0
2026-01-20 08:00:00,91177.99,91255.7,90693.0,91116.0,1083.79650000,1768899599999,98630495.52725860,285537,586.61867000,53394569.04658210,0
2026-01-20 09:00:00,91116.0,91116.0,90899.0,91036.25,381.95269000,1768903199999,34762916.83134140,162372,166.74136000,15175448.74666930,0
2026-01-20 10:00:00,91036.25,91294.11,90998.08,91269.58,415.15786000,1768906799999,37848309.68884200,114704,219.89195000,20051701.67648270,0
2026-01-20 11:00:00,91269.57,91442.88,91214.36,91218.99,373.22315000,1768910399999,34087811.18392460,108481,173.65031000,15863055.03953390,0
2026-01-20 12:00:00,91218.99,91318.94,91027.74,91280.31,528.83740000,1768913999999,48220478.35336050,119911,214.06654000,19520357.94484160,0
2026-01-20 13:00:00,91280.31,91289.64,90777.0,90958.88,722.76892000,1768917599999,65770756.05113390,207128,331.67440000,30179794.25250640,0
2026-01-20 14:00:00,90958.89,91371.11,90272.53,90531.15,1809.16854000,1768921199999,164126014.74540090,520202,668.63786000,60723663.18870110,0
2026-01-20 15:00:00,90531.15,90808.04,89859.06,90684.95,1977.53179000,1768924799999,178552707.20725270,606797,785.97377000,71004036.05516360,0
2026-01-20 16:00:00,90684.95,90974.49,90023.99,90165.51,895.41274000,1768928399999,81028210.20572340,317966,491.87261000,44508397.97674880,0
2026-01-20 17:00:00,90165.5,90505.68,89431.1,89775.46,1552.70440000,1768931999999,139581504.41286270,395574,655.08528000,58892555.81238160,0
2026-01-20 18:00:00,89775.47,89958.0,89395.07,89501.0,885.28879000,1768935599999,79384326.47601350,289572,393.91280000,35326625.33008640,0
2026-01-20 19:00:00,89501.0,89795.45,89292.48,89725.76,781.35230000,1768939199999,69951877.59889680,302962,362.62038000,32474433.91445290,0
2026-01-20 20:00:00,89725.77,89854.2,89400.0,89733.99,735.02193000,1768942799999,65911438.06310750,293155,387.76690000,34771907.68753420,0
2026-01-20 21:00:00,89734.0,89829.11,89428.0,89476.01,445.56945000,1768946399999,39931698.49643870,116075,188.36396000,16880650.21563640,0
2026-01-20 22:00:00,89476.01,89645.56,87900.0,88509.18,2094.09769000,1768949999999,185475937.00041370,331820,789.79418000,69930646.70630520,0
2026-01-20 23:00:00,88509.18,88534.21,87895.98,88427.66,1417.16799000,1768953599999,125033379.82881620,294176,651.01670000,57464482.21163690,0
2026-01-21 00:00:00,88427.66,88982.0,88250.0,88936.01,1052.93124000,1768957199999,93361861.60432120,253642,587.04316000,52067024.82431440,0
2026-01-21 01:00:00,88936.01,89165.2,88850.0,89020.91,502.12138000,1768960799999,44702258.33917000,140581,307.71535000,27395693.02597580,0
2026-01-21 02:00:00,89020.91,89381.86,89000.0,89048.57,884.94036000,1768964399999,78907747.15538220,132834,458.36961000,40872915.68922240,0
2026-01-21 03:00:00,89048.56,89598.8,89046.0,89432.33,540.55763000,1768967999999,48264969.01539420,122492,292.71672000,26138524.19336670,0
2026-01-21 04:00:00,89432.33,89630.0,89354.72,89448.89,300.28776000,1768971599999,26868234.17648900,70674,158.11215000,14148403.99570140,0
2026-01-21 05:00:00,89448.89,90120.44,89437.25,89950.04,554.58380000,1768975199999,49823815.08058030,116900,320.88030000,28827476.84971210,0
2026-01-21 06:00:00,89950.03,89950.04,89491.96,89649.62,369.00614000,1768978799999,33127200.63068450,96918,187.29552000,16816995.46660090,0
2026-01-21 07:00:00,89649.63,89767.29,89093.28,89213.95,825.75082000,1768982399999,73783854.61844790,148138,414.63151000,37038115.06357310,0
2026-01-21 08:00:00,89213.96,89385.4,89000.0,89197.35,723.12982000,1768985999999,64516823.58615610,172933,424.97386000,37917410.78650020,0
2026-01-21 09:00:00,89197.36,89493.46,89080.0,89112.3,307.89975000,1768989599999,27502367.19132370,128205,161.40824000,14420268.00851450,0
2026-01-21 10:00:00,89112.3,89395.08,89080.0,89248.99,328.36365000,1768993199999,29320040.45750710,136106,193.99107000,17320689.96294110,0
2026-01-21 11:00:00,89248.99,89382.0,88700.0,88789.99,651.53578000,1768996799999,57993294.28933780,123830,263.31975000,23453861.80722790,0
2026-01-21 12:00:00,88789.99,88849.39,88196.72,88736.31,1271.35096000,1769000399999,112532483.12072190,317271,480.68490000,42546573.12661730,0
2026-01-21 13:00:00,88736.31,89020.32,88558.67,88672.64,735.83253000,1769003999999,65348300.74847650,213635,380.41574000,33788677.59394410,0
2026-01-21 14:00:00,88672.64,89993.88,88611.15,89805.43,1602.75733000,1769007599999,143481719.21851950,650539,885.03021000,79218755.77502660,0
2026-01-21 15:00:00,89805.43,90574.0,89759.59,90288.04,1074.26054000,1769011199999,96857800.58690040,467233,554.23418000,49972877.98404900,0
2026-01-21 16:00:00,90288.04,90360.0,87590.0,87602.4,2075.92566000,1769014799999,184109719.29002700,655267,744.55419000,66079615.91770920,0
2026-01-21 17:00:00,87602.39,88156.47,87263.53,87932.38,1818.07575000,1769018399999,159513454.24126300,701665,839.40127000,73677675.04887660,0
2026-01-21 18:00:00,87932.37,88657.23,87585.05,88485.43,743.38561000,1769021999999,65482086.09428690,436098,407.20918000,35877010.68185660,0
2026-01-21 19:00:00,88485.43,90450.0,88280.55,90355.56,1787.81485000,1769025599999,160259108.36360900,567939,969.13340000,86889151.71104720,0
2026-01-21 20:00:00,90355.56,90377.0,89392.0,90214.01,1099.33527000,1769029199999,98868681.93768250,387026,604.66537000,54404156.95212400,0
2026-01-21 21:00:00,90214.02,90339.58,89950.36,90249.18,428.70398000,1769032799999,38647717.72338630,134900,199.91438000,18022402.05084230,0
2026-01-21 22:00:00,90249.18,90377.0,89752.38,89763.51,414.26891000,1769036399999,37322229.98687830,107323,187.45982000,16898375.79967630,0
2026-01-21 23:00:00,89763.51,90212.89,89344.98,89454.73,524.68420000,1769039999999,47112347.90315800,136904,242.05314000,21739098.76678090,0
2026-01-22 00:00:00,89454.73,90032.5,89454.72,89908.49,394.22125000,1769043599999,35393552.07743350,135502,263.85758000,23690631.79932350,0
2026-01-22 01:00:00,89908.5,90198.51,89826.38,90113.19,341.32729000,1769047199999,30738759.58664210,146439,207.86955000,18720851.69074400,0
2026-01-22 02:00:00,90113.2,90359.99,89851.03,89938.3,436.55946000,1769050799999,39343394.30629240,138237,270.82084000,24406620.78526390,0
2026-01-22 03:00:00,89938.3,90166.67,89702.84,89899.51,389.70123000,1769054399999,35047454.31260630,105070,207.81803000,18694070.58133470,0
2026-01-22 04:00:00,89899.51,90076.77,89826.67,89998.91,327.01022000,1769057999999,29416703.73887080,94675,161.70079000,14545232.11148310,0
2026-01-22 05:00:00,89998.91,90075.8,89928.09,90026.3,201.60447000,1769061599999,18145248.06132260,66691,108.03197000,9723352.96816220,0
2026-01-22 06:00:00,90026.3,90215.79,89900.0,90172.11,274.11012000,1769065199999,24693957.08544740,85096,146.30745000,13178930.17679610,0
2026-01-22 07:00:00,90172.12,90196.99,89802.0,89818.79,410.94787000,1769068799999,36969276.79748920,83341,188.33502000,16940226.86217560,0
2026-01-22 08:00:00,89818.79,89968.28,89760.0,89920.16,241.50947000,1769072399999,21700455.75747180,90506,97.23982000,8738508.54137260,0
2026-01-22 09:00:00,89920.16,90113.43,89883.8,90033.02,235.39671000,1769075999999,21191988.89943400,65957,121.79350000,10964011.12948660,0
2026-01-22 10:00:00,90033.02,90101.83,89960.0,90078.77,307.75831000,1769079599999,27711216.64468790,77758,136.50608000,12291169.94746060,0
2026-01-22 11:00:00,90078.76,90150.0,89897.87,89941.26,341.24190000,1769083199999,30711268.81287460,114002,183.39791000,16507301.12246390,0
2026-01-22 12:00:00,89941.26,90099.99,89873.09,90021.09,250.41912000,1769086799999,22536795.27495440,83801,120.95433000,10887283.97740230,0
2026-01-22 13:00:00,90021.09,90340.0,89478.92,89619.81,800.98427000,1769090399999,71982807.87947130,178221,471.47481000,42385442.13133100,0
2026-01-22 14:00:00,89619.81,89742.67,89039.78,89088.59,1132.03645000,1769093999999,101224699.87920960,378646,518.49113000,46373655.32748750,0
2026-01-22 15:00:00,89088.6,89445.24,88515.37,89000.01,1328.81681000,1769097599999,118224897.36161320,528273,602.95901000,53668012.51004900,0
2026-01-22 16:00:00,89000.0,89270.0,88676.95,89054.06,820.87315000,1769101199999,73028088.60815510,356586,422.14091000,37563634.67048020,0
2026-01-22 17:00:00,89054.07,89616.04,89024.55,89550.01,536.51415000,1769104799999,47913832.38872210,252258,311.15309000,27790923.52245000,0
2026-01-22 18:00:00,89550.0,89797.5,89301.9,89333.94,457.15553000,1769108399999,40956830.64378630,176831,268.40461000,24047916.64695530,0
2026-01-22 19:00:00,89333.93,89924.46,89114.48,89777.9,489.86443000,1769111999999,43875849.52271870,183359,246.72069000,22104770.64167480,0
2026-01-22 20:00:00,89777.89,89946.13,89398.87,89409.72,338.82702000,1769115599999,30388254.98436900,138795,119.77586000,10742603.67564760,0
2026-01-22 21:00:00,89409.73,89669.21,89238.32,89268.66,272.77807000,1769119199999,24408576.50989950,93973,128.92902000,11538552.16809000,0
2026-01-22 22:00:00,89268.66,89566.0,89140.13,89346.99,294.98276000,1769122799999,26348242.21312920,94049,127.80995000,11417822.73099320,0
2026-01-22 23:00:00,89346.99,89583.62,89170.74,89559.67,200.86486000,1769126399999,17958472.00938760,75346,97.05571000,8676964.80416200,0
2026-01-23 00:00:00,89559.68,89638.84,89450.48,89520.01,225.79843000,1769129999999,20227099.55738500,74265,97.54948000,8737366.24360500,0
2026-01-23 01:00:00,89520.01,89939.39,89520.01,89939.38,281.57226000,1769133599999,25260489.48432520,120368,171.38561000,15376930.66628390,0
2026-01-23 02:00:00,89939.39,89979.97,89655.41,89663.48,375.68609000,1769137199999,33749968.01696390,109141,191.88530000,17239734.21839780,0
2026-01-23 03:00:00,89663.47,89924.78,89646.18,89924.78,261.08428000,1769140799999,23457120.17694130,67420,136.89708000,12298641.81631580,0
2026-01-23 04:00:00,89924.78,90088.94,89871.73,89965.42,430.92263000,1769144399999,38775185.31754030,85316,207.56338000,18677377.90237820,0
2026-01-23 05:00:00,89965.43,89969.02,89473.99,89616.03,360.88730000,1769147999999,32370743.92791130,142526,135.90851000,12187407.18248660,0
2026-01-23 06:00:00,89616.04,89799.36,89400.0,89509.59,450.16637000,1769151599999,40343409.22392010,192856,193.52405000,17343386.33333910,0
2026-01-23 07:00:00,89509.59,89686.4,89447.52,89549.45,487.74127000,1769155199999,43686414.84969730,139576,303.99604000,27228250.87607580,0
2026-01-23 08:00:00,89549.45,89632.18,89133.35,89221.46,544.19233000,1769158799999,48630037.16568880,163822,212.86097000,19021581.92624830,0
2026-01-23 09:00:00,89221.46,89388.71,88897.81,88977.72,632.36708000,1769162399999,56323911.65427300,182420,275.28757000,24525093.49307820,0
2026-01-23 10:00:00,88977.72,89160.74,88860.44,89046.49,334.46792000,1769165999999,29785566.95862470,124155,166.50402000,14828123.36694500,0
2026-01-23 11:00:00,89046.49,89355.51,89000.0,89202.48,481.66038000,1769169599999,42971811.43945830,109768,238.08436000,21239280.18609130,0
2026-01-23 12:00:00,89202.47,89383.09,89099.2,89267.83,219.71914000,1769173199999,19603870.88334320,76739,91.66868000,8178608.20613930,0
2026-01-23 13:00:00,89267.83,89450.18,89237.65,89350.81,297.76310000,1769176799999,26604918.77487970,91866,143.68762000,12837119.32308730,0
2026-01-23 14:00:00,89350.8,89733.71,88663.65,89017.85,1240.76676000,1769180399999,110619204.01955160,414675,622.67095000,55523269.59338890,0
2026-01-23 15:00:00,89017.85,89865.53,88578.36,89761.61,1078.68425000,1769183999999,96243206.64373590,492091,571.41557000,51006360.08648570,0
2026-01-23 16:00:00,89761.61,90490.06,89489.0,90124.85,1266.72506000,1769187599999,114021389.27619080,405652,676.42211000,60913271.51534220,0
2026-01-23 17:00:00,90124.86,91224.99,89978.4,90600.0,1346.59832000,1769191199999,122150559.15797120,398344,711.78054000,64567746.86824760,0
2026-01-23 18:00:00,90600.0,91039.75,90449.42,90530.45,698.45416000,1769194799999,63400382.84196080,264098,319.05446000,28964642.66408030,0
2026-01-23 19:00:00,90530.44,90534.59,89612.01,89982.79,1118.99851000,1769198399999,100717053.27656150,342778,583.76444000,52523573.49184520,0
2026-01-23 20:00:00,89982.79,90156.06,89200.68,89503.68,917.72716000,1769201999999,82207422.39122850,333082,417.22584000,37387041.73693120,0
2026-01-23 21:00:00,89503.67,89691.18,89317.0,89349.99,308.43710000,1769205599999,27610864.87857250,126154,148.00812000,13251398.18078570,0
2026-01-23 22:00:00,89349.99,89752.45,89335.35,89624.61,406.19522000,1769209199999,36410141.38871530,106372,226.14637000,20268274.83282440,0
2026-01-23 23:00:00,89624.6,89631.0,89472.13,89600.26,151.87407000,1769212799999,13601494.37340280,56423,67.88561000,6079933.42195120,0
2026-01-24 00:00:00,89600.26,89625.41,89424.39,89452.83,130.78736000,1769216399999,11706521.43648110,54271,48.66749000,4356150.23277930,0
2026-01-24 01:00:00,89452.83,89588.72,89450.58,89550.24,118.84415000,1769219999999,10639266.34900690,49431,67.33318000,6028060.72906170,0
2026-01-24 02:00:00,89550.24,89722.57,89550.24,89702.85,142.98732000,1769223599999,12818440.48263140,46645,75.07257000,6730334.18178150,0
2026-01-24 03:00:00,89702.85,89957.39,89670.88,89770.02,368.35777000,1769227199999,33088823.02836280,77464,180.99679000,16261795.61981670,0
2026-01-24 04:00:00,89770.03,89853.38,89709.08,89829.35,167.98668000,1769230799999,15080561.95246680,44994,81.61398000,7326406.81897990,0
2026-01-24 05:00:00,89829.36,89849.78,89751.21,89775.2,112.02746000,1769234399999,10059724.63122410,31139,53.74322000,4825749.61618220,0
2026-01-24 06:00:00,89775.2,89784.88,89602.22,89649.32,420.23986000,1769237999999,37691777.45623580,33567,140.19194000,12571399.68105860,0
2026-01-24 07:00:00,89649.33,89692.31,89572.81,89620.1,254.69309000,1769241599999,22825480.71016630,35223,107.84785000,9664565.31717390,0
2026-01-24 08:00:00,89620.11,89686.43,89583.02,89660.88,190.29089000,1769245199999,17055443.04134440,30316,69.41292000,6221486.04096010,0
2026-01-24 09:00:00,89660.88,89660.88,89600.0,89600.0,126.61337000,1769248799999,11346122.47411990,21637,31.72485000,2843109.76596290,0
2026-01-24 10:00:00,89600.01,89654.79,89577.97,89626.8,82.58886000,1769252399999,7401312.28239440,28210,45.59360000,4085756.84003310,0
2026-01-24 11:00:00,89626.79,89676.26,89595.4,89595.4,114.10267000,1769255999999,10227107.37553790,26930,51.38380000,4605602.65663060,0
2026-01-24 12:00:00,89595.41,89595.41,89486.87,89537.82,179.07545000,1769259599999,16034753.85931520,36036,79.99446000,7162782.43101190,0
2026-01-24 13:00:00,89537.82,89540.44,89368.21,89368.22,156.70890000,1769263199999,14027239.12429830,22599,53.56973000,4795495.04435470,0
2026-01-24 14:00:00,89368.22,89512.05,89171.75,89450.03,346.65964000,1769266799999,30991676.28940860,74368,155.84285000,13934065.06958710,0
2026-01-24 15:00:00,89450.03,89492.14,89263.64,89275.77,334.47117000,1769270399999,29911041.61598450,60978,148.36122000,13268140.69242800,0
2026-01-24 16:00:00,89275.77,89369.79,89162.08,89290.01,235.06029000,1769273999999,20979333.74246610,62178,94.79960000,8460782.71326580,0
2026-01-24 17:00:00,89290.01,89414.38,89252.93,89406.5,135.14408000,1769277599999,12076145.85262350,38632,68.42582000,6114218.90173390,0
2026-01-24 18:00:00,89406.5,89461.4,89382.05,89395.23,84.40453000,1769281199999,7547175.01728010,24508,32.13501000,2873371.15253640,0
2026-01-24 19:00:00,89395.22,89395.23,89276.58,89331.36,105.47816000,1769284799999,9421441.10236540,27591,52.16627000,4659328.98100320,0
2026-01-24 20:00:00,89331.36,89399.99,89331.35,89380.01,46.43346000,1769288399999,4150192.52406420,17275,18.16672000,1623737.09625010,0
2026-01-24 21:00:00,89380.0,89386.61,89270.0,89386.61,99.49846000,1769291999999,8888214.85046990,35678,49.37794000,4410941.39935870,0
2026-01-24 22:00:00,89386.61,89489.84,89304.85,89430.0,137.03504000,1769295599999,12249614.90339570,36005,73.15909000,6539637.18454660,0
2026-01-24 23:00:00,89429.99,89474.65,89215.59,89225.34,137.07871000,1769299199999,12246735.99023790,44179,56.38849000,5038275.27319680,0
2026-01-25 00:00:00,89225.34,89315.18,89183.49,89315.18,121.64277000,1769302799999,10856029.84292870,39947,56.35211000,5029154.57178670,0
2026-01-25 01:00:00,89315.18,89319.13,89102.58,89176.31,180.68432000,1769306399999,16117384.44608970,55049,69.88634000,6233890.50462970,0
2026-01-25 02:00:00,89176.31,89268.36,89129.62,89139.04,174.65440000,1769309999999,15575185.17659250,36191,55.15959000,4919653.38606120,0
2026-01-25 03:00:00,89139.04,89176.72,88838.72,88960.35,472.84604000,1769313599999,42060978.31278490,84796,161.72339000,14385161.49149380,0
2026-01-25 04:00:00,88960.36,89090.13,88941.03,89006.96,349.85772000,1769317199999,31136560.80698220,54139,113.81429000,10130359.02521660,0
2026-01-25 05:00:00,89006.97,89045.44,88870.45,88990.9,204.95163000,1769320799999,18235063.21480710,44545,75.97381000,6758235.75045530,0
2026-01-25 06:00:00,88990.89,88990.9,88649.98,88831.36,567.42395000,1769324399999,50381036.06764130,98343,179.14173000,15904117.06500000,0
2026-01-25 07:00:00,88831.36,88831.36,88635.84,88659.99,242.80483000,1769327999999,21547715.53743080,44904,70.74317000,6277450.33383150,0
2026-01-25 08:00:00,88659.99,88760.0,88136.0,88300.01,461.92857000,1769331599999,40851960.93138470,140229,191.44379000,16927455.02059530,0
2026-01-25 09:00:00,88300.0,88488.0,88238.5,88398.38,288.59867000,1769335199999,25506354.23247950,76967,165.68220000,14642516.22952880,0
2026-01-25 10:00:00,88398.38,88671.27,88398.37,88659.51,354.58647000,1769338799999,31405404.94322450,79138,270.05873000,23919978.03813170,0
2026-01-25 11:00:00,88659.52,88710.0,88536.11,88570.17,171.64836000,1769342399999,15212634.27893660,65142,76.68027000,6795788.32967950,0
2026-01-25 12:00:00,88570.17,88800.0,88450.0,88791.99,329.09813000,1769345999999,29177641.75233570,87586,211.47307000,18751405.50938550,0
2026-01-25 13:00:00,88791.98,88971.89,88650.98,88921.0,278.06000000,1769349599999,24700277.62060800,78667,163.04802000,14484427.04165450,0
2026-01-25 14:00:00,88920.99,88938.94,88624.55,88710.1,293.57615000,1769353199999,26055978.03887190,108362,135.57887000,12032507.28472520,0
2026-01-25 15:00:00,88710.1,88760.35,88340.75,88446.5,370.52290000,1769356799999,32827200.30324940,96007,104.87037000,9291655.69106060,0
2026-01-25 16:00:00,88446.51,88448.85,87560.0,88077.26,1878.84709000,1769360399999,165235553.54584490,468100,823.60154000,72426332.47918920,0
2026-01-25 17:00:00,88077.25,88108.24,87767.18,87892.17,467.38462000,1769363999999,41090239.16682470,169555,229.96858000,20215260.33878420,0
2026-01-25 18:00:00,87892.16,87983.29,86827.1,87420.01,1893.52035000,1769367599999,165424807.01817760,407600,693.10402000,60564715.60128500,0
2026-01-25 19:00:00,87420.01,87508.15,86194.85,86495.16,1925.07483000,1769371199999,166857531.02544990,450599,878.05254000,76118912.62329850,0
2026-01-25 20:00:00,86495.17,86718.75,86222.02,86654.61,753.55910000,1769374799999,65145981.68891790,265018,392.47658000,33931678.87966120,0
2026-01-25 21:00:00,86654.6,87013.79,86400.0,86568.5,666.32154000,1769378399999,57785249.93280970,216659,307.30820000,26662877.45072710,0
2026-01-25 22:00:00,86568.51,86694.78,86217.32,86521.39,849.36578000,1769381999999,73408535.45810990,219563,322.44562000,27870784.10158160,0
2026-01-25 23:00:00,86521.39,86791.91,86074.72,86670.36,1129.26197000,1769385599999,97638386.49909890,333072,520.68974000,45030267.81963270,0
2026-01-26 00:00:00,86670.36,87167.84,86509.63,86854.86,788.16762000,1769389199999,68482189.65827060,263131,434.29565000,37733690.32935750,0
2026-01-26 01:00:00,86854.86,87809.99,86815.37,87698.73,1118.10870000,1769392799999,97836414.25750880,342348,539.64417000,47203846.51381100,0
2026-01-26 02:00:00,87698.74,87973.11,87435.18,87563.38,1015.63506000,1769396399999,89065695.61865300,239682,650.24674000,57026733.70731930,0
2026-01-26 03:00:00,87563.39,87691.41,87062.76,87282.05,1083.65608000,1769399999999,94738825.59381630,177714,758.20686000,66297307.64529740,0
2026-01-26 04:00:00,87282.04,87953.0,87244.27,87737.06,1109.49828000,1769403599999,97258518.43411980,174138,864.39881000,75761961.24460840,0
2026-01-26 05:00:00,87737.06,87956.27,87673.12,87826.01,765.12364000,1769407199999,67203166.54574020,128751,466.60580000,40990329.94827460,0
2026-01-26 06:00:00,87826.01,88031.73,87764.0,87937.44,915.62979000,1769410799999,80475799.23441020,165310,491.74455000,43217391.51266600,0
2026-01-26 07:00:00,87937.45,88074.48,87701.72,88000.64,768.40988000,1769414399999,67547263.03918530,175427,314.44474000,27643959.35450740,0
2026-01-26 08:00:00,88000.64,88424.45,87846.89,87975.39,790.54723000,1769417999999,69666665.12001890,184950,354.11873000,31218048.19712820,0
2026-01-26 09:00:00,87975.39,88000.0,87600.69,87663.12,543.28474000,1769421599999,47680981.15652970,138866,230.70073000,20246308.68942610,0
2026-01-26 10:00:00,87663.12,87950.0,87660.0,87897.55,242.48130000,1769425199999,21305516.29558250,76937,135.04380000,11863886.70112220,0
2026-01-26 11:00:00,87897.55,87980.0,87765.99,87855.0,244.05793000,1769428799999,21445468.66237330,60606,98.23771000,8632766.45126050,0
2026-01-26 12:00:00,87855.01,87971.99,87735.38,87799.45,288.85651000,1769432399999,25377614.24286100,75949,132.27700000,11621399.20745220,0
2026-01-26 13:00:00,87799.44,88048.0,87681.4,87960.01,556.52991000,1769435999999,48924689.47233410,128722,289.66965000,25470685.80424100,0
2026-01-26 14:00:00,87960.01,88508.41,87450.08,88178.1,1822.59356000,1769439599999,160331184.38421210,419334,863.86654000,76035164.64108110,0
2026-01-26 15:00:00,88178.09,88860.0,87325.03,87641.41,1769.32177000,1769443199999,155989708.31627090,580752,824.59874000,72755354.37180800,0
2026-01-26 16:00:00,87641.41,87964.6,87206.0,87606.99,686.77865000,1769446799999,60155439.88902020,393493,344.62579000,30187314.97275820,0
2026-01-26 17:00:00,87607.0,87789.47,87035.51,87700.62,580.63374000,1769450399999,50746640.39085800,237495,265.96096000,23250440.14094860,0
2026-01-26 18:00:00,87700.61,88403.73,87639.26,88403.72,550.84106000,1769453999999,48498350.49085500,221827,301.58921000,26556656.43491710,0
2026-01-26 19:00:00,88403.73,88537.95,87950.0,88013.19,515.97407000,1769457599999,45557680.83049240,170095,252.19312000,22268252.52606650,0
2026-01-26 20:00:00,88013.19,88118.0,87542.05,87629.22,428.95260000,1769461199999,37667408.61043980,134985,175.70239000,15430440.54036750,0
2026-01-26 21:00:00,87629.23,88238.29,87573.35,88064.69,392.85938000,1769464799999,34555671.81405670,120424,201.54312000,17724155.34166190,0
2026-01-26 22:00:00,88064.69,88270.29,88001.75,88140.01,324.81747000,1769468399999,28628819.95980310,86909,175.93620000,15506812.54546700,0
2026-01-26 23:00:00,88140.01,88659.09,88021.86,88347.08,463.75556000,1769471999999,40996046.97180290,100238,263.29105000,23271483.87344210,0
2026-01-27 00:00:00,88347.08,88457.3,88200.0,88353.97,302.20293000,1769475599999,26687147.36125530,71831,88.36082000,7802608.15954190,0
2026-01-27 01:00:00,88353.97,88700.0,88194.82,88550.61,340.87375000,1769479199999,30156484.34779490,87589,183.80788000,16266020.39773620,0
2026-01-27 02:00:00,88550.61,88858.96,88550.61,88831.6,479.89810000,1769482799999,42577968.42687170,112810,299.73699000,26597403.64277310,0
2026-01-27 03:00:00,88831.59,88898.0,88582.57,88788.0,526.26275000,1769486399999,46693946.25236510,120654,364.66993000,32357842.97451450,0
2026-01-27 04:00:00,88787.99,89010.0,88511.88,88579.58,508.81601000,1769489999999,45164058.16706720,104113,254.20774000,22575327.54607600,0
2026-01-27 05:00:00,88579.58,88586.26,88399.99,88456.3,306.33125000,1769493599999,27107140.32288570,70906,115.48617000,10218958.06974550,0
2026-01-27 06:00:00,88456.31,88522.86,88278.03,88332.67,277.06987000,1769497199999,24495093.10086400,71584,136.80406000,12098292.54628650,0
2026-01-27 07:00:00,88332.68,88555.14,88312.6,88320.41,356.10224000,1769500799999,31496002.05420830,79642,150.63790000,13322946.18419390,0
2026-01-27 08:00:00,88320.41,88397.85,88120.04,88170.82,305.95946000,1769504399999,27002916.62092180,83728,142.70443000,12595986.85552850,0
2026-01-27 09:00:00,88170.83,88170.83,87868.0,87886.82,501.60080000,1769507999999,44143767.83082200,101016,154.59661000,13606054.57648770,0
2026-01-27 10:00:00,87886.82,88055.75,87743.84,87786.53,315.39119000,1769511599999,27724024.88026450,74489,154.14586000,13554677.35731220,0
2026-01-27 11:00:00,87786.53,88093.19,87743.52,87992.74,339.68763000,1769515199999,29870980.24528840,79857,195.43601000,17188925.42171250,0
2026-01-27 12:00:00,87992.74,88165.24,87955.98,87986.96,497.99816000,1769518799999,43848804.39224870,84050,290.20735000,25554184.33834730,0
2026-01-27 13:00:00,87986.96,88076.82,87799.2,87982.15,400.06912000,1769522399999,35171899.83287850,83939,170.64718000,15003356.59267330,0
2026-01-27 14:00:00,87982.15,88474.23,87659.23,87745.02,762.91064000,1769525999999,67178134.74420390,332854,413.66124000,36434417.93499320,0
2026-01-27 15:00:00,87745.02,88189.44,87578.67,88047.46,838.96558000,1769529599999,73699275.55642650,375257,440.63295000,38714903.34726070,0
2026-01-27 16:00:00,88047.46,88819.89,88002.57,88641.44,1128.77578000,1769533199999,99918119.00987720,418968,586.58003000,51928127.42685980,0
2026-01-27 17:00:00,88641.43,88699.45,87304.33,87546.58,1183.80567000,1769536799999,103929166.53023760,363260,499.04049000,43790288.37329000,0
2026-01-27 18:00:00,87546.58,88510.15,87450.0,88285.05,865.62099000,1769540399999,76057266.53947790,264807,542.81155000,47703774.25225530,0
2026-01-27 19:00:00,88285.05,88549.32,88049.89,88408.77,469.70931000,1769543999999,41485439.99135270,182020,189.38076000,16725791.26553650,0
2026-01-27 20:00:00,88408.78,89497.19,88373.49,89396.16,1024.56489000,1769547599999,91255268.93303300,283254,620.55259000,55278913.05875640,0
2026-01-27 21:00:00,89396.03,89523.16,89008.75,89081.46,689.88066000,1769551199999,61592218.26424240,162970,396.94736000,35440047.45609580,0
2026-01-27 22:00:00,89081.47,89421.91,89021.61,89243.63,281.54432000,1769554799999,25118044.78076610,89337,145.84083000,13012829.73263860,0
2026-01-27 23:00:00,89243.63,89515.78,89143.92,89250.0,421.36315000,1769558399999,37653685.40414980,88401,185.97264000,16616918.54666430,0
2026-01-28 00:00:00,89249.99,89468.01,89154.8,89467.72,258.84583000,1769561999999,23110231.49365310,82957,141.59178000,12642961.16048230,0
2026-01-28 01:00:00,89467.73,89497.96,89196.87,89404.57,267.52883000,1769565599999,23913648.55431320,94523,114.27414000,10214104.17679060,0
2026-01-28 02:00:00,89404.57,89453.89,89100.01,89285.77,214.15071000,1769569199999,19115380.66042220,95501,84.60304000,7552997.92642070,0
2026-01-28 03:00:00,89285.78,89311.87,88985.0,89126.67,353.86100000,1769572799999,31534275.34851270,100661,141.75568000,12631132.57994680,0
2026-01-28 04:00:00,89126.68,89160.0,88840.0,88975.04,312.10964000,1769576399999,27767899.28444480,84659,117.11249000,10419003.07197470,0
2026-01-28 05:00:00,88975.03,89105.56,88849.0,89084.1,326.80822000,1769579999999,29083986.97247630,79849,157.96758000,14057987.56231340,0
2026-01-28 06:00:00,89084.1,89400.0,89084.1,89317.47,340.81001000,1769583599999,30419246.82164010,92617,164.76254000,14706651.50469060,0
2026-01-28 07:00:00,89317.47,89358.51,89099.81,89134.35,370.19520000,1769587199999,33026854.06321430,86566,107.43314000,9585499.53618670,0
2026-01-28 08:00:00,89134.35,89258.02,88833.65,88925.47,515.45435000,1769590799999,45910123.44042420,115975,194.40587000,17318015.33595250,0
2026-01-28 09:00:00,88925.47,89567.26,88849.99,89567.25,490.95043000,1769594399999,43784950.11177690,126229,290.77963000,25940608.93369210,0
2026-01-28 10:00:00,89567.25,89703.87,89330.22,89403.77,688.45427000,1769597999999,61615392.48102160,160113,318.73352000,28527394.45364780,0
2026-01-28 11:00:00,89403.76,90156.72,89313.13,90080.0,1092.21486000,1769601599999,97997265.49816780,198930,618.33581000,55497385.09406250,0
2026-01-28 12:00:00,90079.99,90176.88,89790.0,89998.69,946.78783000,1769605199999,85173012.32425740,179417,440.74467000,39656938.83921270,0
2026-01-28 13:00:00,89998.69,90488.0,89969.42,90257.91,1485.47795000,1769608799999,134099074.09960940,250842,891.64888000,80496508.81860370,0
2026-01-28 14:00:00,90257.91,90276.78,89460.01,89617.27,997.73721000,1769612399999,89678134.52578390,383355,434.72264000,39075659.80125470,0
2026-01-28 15:00:00,89617.27,89849.75,88904.61,89479.66,998.88376000,1769615999999,89225868.62263860,429398,470.16576000,42003345.87535310,0
2026-01-28 16:00:00,89479.66,89830.0,89248.61,89629.66,744.86311000,1769619599999,66715151.08500410,280620,435.22008000,38990267.67454050,0
2026-01-28 17:00:00,89629.66,90600.0,89277.21,90169.88,923.32635000,1769623199999,83089378.78514360,248746,524.07782000,47168592.52732560,0
2026-01-28 18:00:00,90169.89,90178.91,89312.88,89546.24,748.51147000,1769626799999,67166682.99997480,227936,299.35963000,26861146.89590330,0
2026-01-28 19:00:00,89544.0,89719.58,89006.36,89402.58,893.38320000,1769630399999,79834899.03531970,484460,425.74518000,38049321.26796800,0
2026-01-28 20:00:00,89402.57,89896.0,89010.0,89130.63,590.94624000,1769633999999,52856777.93669230,227613,277.15440000,24795982.27776610,0
2026-01-28 21:00:00,89130.63,89490.24,88878.01,89412.17,381.49994000,1769637599999,34020454.60423000,191513,180.95878000,16143776.76819030,0
2026-01-28 22:00:00,89412.18,89479.04,89138.0,89396.15,156.23518000,1769641199999,13952427.27004560,73786,67.92920000,6066578.33210960,0
2026-01-28 23:00:00,89396.15,89471.41,89209.48,89299.99,233.14943000,1769644799999,20828724.83270520,89525,115.96110000,10359170.90074810,0
2026-01-29 00:00:00,89300.0,89348.0,88900.0,89143.91,431.21285000,1769648399999,38417474.57702970,154141,141.87832000,12640673.90631030,0
2026-01-29 01:00:00,89143.92,89159.99,88548.87,88603.56,624.81108000,1769651999999,55457853.91650030,206468,259.68948000,23044009.94219060,0
2026-01-29 02:00:00,88603.56,88754.64,87704.0,87907.06,1097.35161000,1769655599999,96803584.80054590,306119,419.04418000,36961771.58269710,0
2026-01-29 03:00:00,87907.05,88265.39,87771.3,88053.71,769.73434000,1769659199999,67779202.91225340,174848,444.52824000,39143208.02583030,0
2026-01-29 04:00:00,88053.71,88345.66,87901.23,88315.2,311.34380000,1769662799999,27429649.77620030,86833,191.39502000,16861932.61408400,0
2026-01-29 05:00:00,88315.2,88408.08,88142.66,88186.54,354.31355000,1769666399999,31282812.21404400,77402,183.84328000,16230270.83467330,0
2026-01-29 06:00:00,88186.53,88338.67,88168.9,88319.35,284.51762000,1769669999999,25114183.54322590,71779,138.98991000,12268781.61137600,0
2026-01-29 07:00:00,88319.35,88430.05,88250.0,88352.97,526.73614000,1769673599999,46525841.68533450,83926,255.17139000,22539814.22962820,0
2026-01-29 08:00:00,88352.96,88500.0,87907.8,88064.16,823.67262000,1769677199999,72619731.09359920,133101,352.84347000,31109187.85606410,0
2026-01-29 09:00:00,88064.16,88160.0,87892.0,87892.01,372.84765000,1769680799999,32816440.52692670,70955,168.79369000,14859103.24128230,0
2026-01-29 10:00:00,87892.0,88046.59,87832.18,87946.46,575.41561000,1769684399999,50598572.70513070,76150,271.93503000,23913569.83777450,0
2026-01-29 11:00:00,87946.47,88066.94,87750.01,87846.5,527.10516000,1769687999999,46315623.74915730,94975,239.93961000,21082629.26859710,0
2026-01-29 12:00:00,87846.5,88121.29,87817.97,88121.21,516.69113000,1769691599999,45460648.37277930,76207,225.81118000,19868949.61902400,0
2026-01-29 13:00:00,88121.21,88182.29,87951.67,88052.88,283.13252000,1769695199999,24940417.09938890,57434,154.28223000,13590024.72938760,0
2026-01-29 14:00:00,88052.87,88075.23,87008.0,87014.4,1065.77381000,1769698799999,93374914.34501600,290797,441.55650000,38703684.60052640,0
2026-01-29 15:00:00,87014.4,87039.51,84366.56,84934.02,8241.95640000,1769702399999,704778894.16933920,1042655,2523.48048000,215610937.26204360,0
2026-01-29 16:00:00,84934.02,85392.2,84268.17,85270.0,4076.75879000,1769705999999,345397425.35761270,593102,1401.38362000,118808828.85944980,0
2026-01-29 17:00:00,85270.01,85638.3,84012.78,84261.66,2652.67947000,1769709599999,225382759.85450180,446250,1324.41017000,112608321.88615560,0
2026-01-29 18:00:00,84261.66,84630.55,83415.0,83477.02,2305.76692000,1769713199999,193585102.96183090,544877,976.43448000,82004093.39554630,0
2026-01-29 19:00:00,83477.02,84334.97,83383.33,84012.11,1752.68525000,1769716799999,147018710.51319600,358783,825.12250000,69200767.73705790,0
2026-01-29 20:00:00,84012.11,84398.36,83824.9,84216.91,1089.07114000,1769720399999,91564837.89312660,267279,578.87156000,48674187.95154530,0
2026-01-29 21:00:00,84216.91,84706.32,84200.0,84526.57,780.67473000,1769723999999,65919385.07880750,197629,458.72077000,38740970.01586130,0
2026-01-29 22:00:00,84526.57,84615.74,84306.24,84570.05,335.13893000,1769727599999,28311519.48025500,82910,165.54596000,13984016.04858780,0
2026-01-29 23:00:00,84570.04,84737.69,84445.7,84650.16,631.99089000,1769731199999,53486001.28420170,104129,241.91799000,20470649.02032540,0
2026-01-30 00:00:00,84650.16,84735.75,84100.0,84192.0,730.18491000,1769734799999,61634913.74887230,130537,257.86415000,21771651.16457710,0
2026-01-30 01:00:00,84192.0,84192.01,81118.0,82468.02,6080.28823000,1769738399999,501827611.84844880,730326,2320.55154000,191250439.74026650,0
2026-01-30 02:00:00,82468.01,82535.89,81154.0,82164.88,3963.98084000,1769741999999,324465120.79032560,728018,1605.82573000,131438091.88886430,0
2026-01-30 03:00:00,82164.88,82738.89,82036.35,82676.43,1470.66915000,1769745599999,121099969.44934130,281534,656.08506000,54036672.30138540,0
2026-01-30 04:00:00,82676.42,83332.2,82676.42,82938.92,1147.37787000,1769749199999,95245959.71548910,206977,571.58317000,47445368.11115500,0
2026-01-30 05:00:00,82938.92,83329.36,82903.23,82914.19,818.20759000,1769752799999,67997774.51187390,157432,380.67497000,31633055.79387780,0
2026-01-30 06:00:00,82914.2,82919.21,82056.08,82602.81,1199.37024000,1769756399999,99063064.60707440,258558,478.05819000,39487080.50405480,0
2026-01-30 07:00:00,82602.81,83100.0,82483.27,82816.98,1624.46252000,1769759999999,134405059.21157710,255287,1071.85178000,88687959.33583760,0
2026-01-30 08:00:00,82816.98,82995.41,82438.8,82671.7,959.74241000,1769763599999,79380727.22625540,213661,617.57305000,51088581.02515810,0
2026-01-30 09:00:00,82671.7,82834.19,82160.0,82363.72,1026.26025000,1769767199999,84642791.51245610,265314,544.98400000,44959418.81636710,0
2026-01-30 10:00:00,82363.71,82897.41,82172.02,82833.92,661.39040000,1769770799999,54587859.50494290,227004,393.09081000,32447168.51533560,0
2026-01-30 11:00:00,82833.92,83314.85,82682.15,83151.36,607.68303000,1769774399999,50393061.82519820,181536,364.56770000,30234690.54596030,0
2026-01-30 12:00:00,83151.36,83329.35,82650.0,82800.5,693.01620000,1769777999999,57454381.42567390,189580,327.88671000,27180039.27753350,0
2026-01-30 13:00:00,82800.49,83087.34,82421.64,82740.92,760.57185000,1769781599999,62923812.71351690,260033,412.15499000,34102923.81194300,0
2026-01-30 14:00:00,82740.93,83797.99,82738.68,83098.0,1785.40114000,1769785199999,148576592.00735490,560365,1000.83665000,83296212.27937790,0
2026-01-30 15:00:00,83098.0,83616.46,82382.01,82883.94,1512.89136000,1769788799999,125728110.90640150,716661,748.05031000,62192927.16063680,0
2026-01-30 16:00:00,82882.84,83493.6,82549.35,83149.0,956.54558000,1769792399999,79451323.26581620,531783,420.68817000,34950196.35375920,0
2026-01-30 17:00:00,83149.0,83475.8,82641.6,82943.23,1094.09504000,1769795999999,90878216.45949510,535245,551.45699000,45814508.98293510,0
2026-01-30 18:00:00,82943.23,84160.0,81871.37,83931.13,2213.77003000,1769799599999,183445167.70663590,777890,1051.02981000,87201914.24142130,0
2026-01-30 19:00:00,83931.13,84621.16,83917.36,84242.99,1851.84536000,1769803199999,156092177.82937660,627150,939.83278000,79226169.44107030,0
2026-01-30 20:00:00,84243.0,84299.99,83539.2,83906.34,2390.62988000,1769806799999,200668721.91086200,642136,1194.25504000,100266904.89584750,0
2026-01-30 21:00:00,83906.34,84523.11,83790.44,84273.7,835.94444000,1769810399999,70417008.99652360,253269,468.13365000,39440995.01189800,0
2026-01-30 22:00:00,84273.71,84327.06,83918.42,84219.99,454.50219000,1769813999999,38214283.13695800,167317,196.83717000,16550130.55760520,0
2026-01-30 23:00:00,84220.0,84298.96,83933.82,84260.49,357.01742000,1769817599999,30030356.17136230,101216,175.72542000,14783685.34981360,0
2026-01-31 00:00:00,84260.5,84270.02,84014.01,84067.83,380.99765000,1769821199999,32060607.11404640,99962,139.85440000,11768212.13619170,0
2026-01-31 01:00:00,84067.83,84266.22,83908.0,83999.99,474.79523000,1769824799999,39922697.91201940,102397,204.29095000,17178178.82779450,0
2026-01-31 02:00:00,84000.0,84183.42,83815.02,84130.01,514.80351000,1769828399999,43239036.19528780,110835,287.34323000,24136643.29775380,0
2026-01-31 03:00:00,84130.01,84232.0,84022.69,84022.69,356.74317000,1769831999999,30016580.59485190,76399,232.84659000,19592457.44582590,0
2026-01-31 04:00:00,84022.7,84146.22,83941.43,83992.45,214.26773000,1769835599999,18013269.90625070,69101,109.60979000,9214741.00451450,0
2026-01-31 05:00:00,83992.44,84097.37,83903.7,84000.01,249.62585000,1769839199999,20967094.46535150,73730,144.00044000,12094507.37346670,0
2026-01-31 06:00:00,84000.01,84050.51,83638.4,83786.09,407.33324000,1769842799999,34134993.09590370,93835,151.12051000,12662089.12943310,0
2026-01-31 07:00:00,83786.09,83805.02,83404.67,83546.81,478.71890000,1769846399999,40014037.43590840,94324,197.76429000,16526599.15133030,0
2026-01-31 08:00:00,83546.82,83629.08,82560.75,83074.07,1142.87539000,1769849999999,94883157.85093790,314551,453.61009000,37656221.28233030,0
2026-01-31 09:00:00,83074.08,83300.0,82894.0,83109.1,471.08907000,1769853599999,39167263.98306620,169958,241.33064000,20069327.25776110,0
2026-01-31 10:00:00,83109.1,83203.26,82917.32,83160.0,515.13254000,1769857199999,42811420.67973390,116996,276.36336000,22970630.55437280,0
2026-01-31 11:00:00,83160.0,83160.0,82851.97,83020.0,279.69189000,1769860799999,23220354.02295870,118802,141.74852000,11768202.59067490,0
2026-01-31 12:00:00,83020.0,83140.0,82720.0,82762.0,537.57574000,1769864399999,44555733.84127430,160068,259.64701000,21518677.49764240,0
2026-01-31 13:00:00,82761.99,82919.29,82478.59,82767.99,539.85854000,1769867999999,44642719.09622850,195158,232.42076000,19223098.04338380,0
2026-01-31 14:00:00,82768.0,82928.2,80825.76,81479.99,4166.24097000,1769871599999,339638421.90881880,722011,1635.76866000,133363500.89936800,0
2026-01-31 15:00:00,81480.0,81789.68,81088.0,81302.15,1568.15407000,1769875199999,127554126.94248400,392138,775.57840000,63091501.76731740,0
2026-01-31 16:00:00,81302.16,82200.0,80098.01,80365.04,5113.56418000,1769878799999,413298570.05826030,736832,2477.87170000,200186273.80690870,0
2026-01-31 17:00:00,80365.05,80550.74,78159.9,78893.92,6669.26832000,1769882399999,528254556.02167810,909684,2837.73589000,224512910.36454690,0
2026-01-31 18:00:00,78893.92,79143.64,75719.9,78038.38,7783.32311000,1769885999999,603507189.91751950,847095,3016.35540000,234088814.11789300,0
2026-01-31 19:00:00,78038.39,78576.3,77194.0,77750.01,2463.45994000,1769889599999,191947689.19780700,555966,1263.97021000,98510979.49398250,0
2026-01-31 20:00:00,77750.01,78141.95,77092.34,77999.03,1378.50317000,1769893199999,106947266.59324280,426367,748.02960000,58047647.33846680,0
2026-01-31 21:00:00,77999.02,78365.02,77372.69,78292.0,1330.56660000,1769896799999,103689804.03046070,417345,789.25062000,61525165.45273330,0
2026-01-31 22:00:00,78292.0,78499.94,78000.0,78155.17,902.43744000,1769900399999,70594211.65780530,233979,513.78442000,40193472.89614430,0
2026-01-31 23:00:00,78155.16,79240.0,78078.67,78741.09,1552.86508000,1769903999999,122183291.10114830,347443,829.31810000,65220394.25285980,0
2026-02-01 00:00:00,78741.1,79424.0,78644.09,78902.31,1738.02598000,1769907599999,137406050.27977910,453145,922.66296000,72972570.89290200,0
2026-02-01 01:00:00,78902.31,78943.62,78284.0,78532.17,1163.10084000,1769911199999,91401610.53298530,365358,431.91227000,33937511.81189970,0
2026-02-01 02:00:00,78532.32,79060.44,78378.0,78900.01,762.94469000,1769914799999,60059542.10756610,280075,405.87848000,31954747.59896530,0
2026-02-01 03:00:00,78900.01,79008.36,78666.73,78868.28,594.31033000,1769918399999,46838113.09471630,198452,304.95888000,24033801.31986360,0
2026-02-01 04:00:00,78868.29,79119.3,78720.97,78971.75,441.04188000,1769921999999,34823785.67624050,154405,246.77599000,19486032.76193420,0
2026-02-01 05:00:00,78973.22,79006.0,78527.13,78620.91,744.74280000,1769925599999,58660566.08008460,198307,391.59057000,30847430.75858370,0
2026-02-01 06:00:00,78620.9,78824.1,78266.63,78300.0,568.62406000,1769929199999,44665527.26367590,200310,254.10936000,19963285.08311390,0
2026-02-01 07:00:00,78300.01,78724.01,77967.69,78343.0,808.74546000,1769932799999,63296409.98757970,291017,361.65344000,28313688.90858600,0
2026-02-01 08:00:00,78343.0,78863.0,78252.64,78604.02,567.72389000,1769936399999,44603722.92757740,223580,262.43775000,20622606.65895980,0
2026-02-01 09:00:00,78604.02,79136.1,78551.15,79034.45,479.76229000,1769939999999,37807903.14914420,189051,280.94149000,22142689.30873370,0
2026-02-01 10:00:00,79034.45,79220.72,78148.1,78279.73,863.43565000,1769943599999,67942607.36629480,312831,406.14845000,31973842.58814940,0
2026-02-01 11:00:00,78279.73,78877.89,78279.72,78743.56,539.38656000,1769947199999,42379299.74663230,218909,263.27303000,20688427.93398820,0
2026-02-01 12:00:00,78743.57,78760.0,78244.0,78459.67,620.90729000,1769950799999,48748335.81786330,206071,293.37869000,23031725.48782780,0
2026-02-01 13:00:00,78459.68,78768.68,78203.21,78317.51,482.47432000,1769954399999,37895543.50211200,205226,244.12629000,19177546.38262900,0
2026-02-01 14:00:00,78317.51,78520.0,77236.68,78211.12,1658.37078000,1769957999999,129207311.45795320,617614,713.00138000,55590941.56860600,0
2026-02-01 15:00:00,78211.12,78254.2,76761.98,77593.4,2045.87767000,1769961599999,158134003.93313390,662084,909.40212000,70290644.53122830,0
2026-02-01 16:00:00,77593.4,77838.48,77087.76,77494.77,1084.57336000,1769965199999,83953794.73546000,493272,482.31522000,37345135.59103510,0
2026-02-01 17:00:00,77494.77,77748.0,77300.0,77745.32,549.82327000,1769968799999,42635456.77803050,327533,261.88172000,20308633.94080760,0
2026-02-01 18:00:00,77745.33,78443.1,77727.27,78029.28,791.63632000,1769972399999,61808538.39517730,329953,374.37785000,29229801.47479760,0
2026-02-01 19:00:00,78029.29,78106.1,77000.01,77174.78,457.49789000,1769975999999,35473923.35516800,257502,188.62527000,14622471.19892190,0
2026-02-01 20:00:00,77174.77,77740.91,76606.0,77103.04,1125.71882000,1769979599999,86838139.99154630,371114,557.42459000,43001403.04361990,0
2026-02-01 21:00:00,77103.04,77161.26,76359.87,76526.03,1221.60590000,1769983199999,93722521.83606750,370566,570.76691000,43801726.93118860,0
2026-02-01 22:00:00,76526.03,77779.63,76456.78,77249.31,1235.13318000,1769986799999,95296146.23582380,398499,665.87409000,51377361.81402650,0
2026-02-01 23:00:00,77249.31,77610.72,75700.0,76968.21,4850.01845000,1769990399999,371321702.79677460,677032,2238.22712000,171381715.14984940,0
2026-02-02 00:00:00,76968.22,78231.26,76606.39,77672.61,1960.16053000,1769993999999,151925957.22405490,704706,1139.69392000,88352315.87552120,0
2026-02-02 01:00:00,77672.61,77942.28,76619.69,77518.87,1238.02224000,1769997599999,95892495.76724630,521896,596.18585000,46195395.85928940,0
2026-02-02 02:00:00,77518.87,77555.62,76449.84,76491.17,1406.18164000,1770001199999,108215443.96113820,410082,753.71926000,58011134.50360210,0
2026-02-02 03:00:00,76491.18,76575.93,74604.0,76292.98,6845.40126000,1770004799999,515668508.23727190,1008654,3047.18614000,229589264.69851460,0
2026-02-02 04:00:00,76292.98,76621.28,75335.9,75894.15,2387.03559000,1770008399999,181531495.46326730,505862,1044.63896000,79467738.24280200,0
2026-02-02 05:00:00,75894.15,75999.99,74911.14,75502.1,2327.56014000,1770011999999,175315426.67609150,558104,967.90710000,72872638.97952630,0
2026-02-02 06:00:00,75502.1,76834.71,74957.51,76549.32,3207.27225000,1770015599999,243242170.89178600,676199,1501.47771000,113870259.44567230,0
2026-02-02 07:00:00,76549.32,76958.0,76327.9,76660.79,1646.53051000,1770019199999,126151849.83802860,462448,1023.63814000,78438495.88258180,0
2026-02-02 08:00:00,76660.78,77191.15,76628.28,76881.28,1422.14452000,1770022799999,109369558.07345510,361539,770.13402000,59241711.19329290,0
2026-02-02 09:00:00,76881.28,77815.0,76652.0,77725.33,2196.40917000,1770026399999,170180164.55231610,459943,1413.78804000,109607911.27965450,0
2026-02-02 10:00:00,77725.33,77876.69,77474.85,77504.54,1049.86427000,1770029999999,81521120.04698820,268374,543.52141000,42211713.54691370,0
2026-02-02 11:00:00,77504.54,77970.62,77451.11,77759.99,983.08962000,1770033599999,76466338.00666460,268090,567.85822000,44168918.99697990,0
2026-02-02 12:00:00,77760.0,78434.0,77706.0,77988.51,1103.97039000,1770037199999,86120645.25399890,320801,605.53233000,47248433.88978710,0
2026-02-02 13:00:00,77988.5,78458.0,77800.0,78224.79,960.76337000,1770040799999,74925553.97338630,323067,528.73139000,41239378.86694470,0
2026-02-02 14:00:00,78224.8,78885.0,77626.44,77844.79,2220.07608000,1770044399999,173737983.51531010,637819,1153.76298000,90315260.73720720,0
2026-02-02 15:00:00,77844.78,79360.0,77564.62,78850.06,3238.00821000,1770047999999,254419599.03765990,737827,1710.02556000,134410557.48328050,0
2026-02-02 16:00:00,78850.06,79288.28,78584.0,78634.76,1987.74899000,1770051599999,156956832.62148210,471630,1042.30394000,82301015.84345870,0
2026-02-02 17:00:00,78634.75,79213.99,78603.93,78988.64,1407.01094000,1770055199999,111114462.89526390,304161,764.30826000,60356258.82079440,0
2026-02-02 18:00:00,78988.65,78988.65,78369.13,78569.84,992.65857000,1770058799999,78078120.42547000,222556,514.59496000,40475534.81654710,0
2026-02-02 19:00:00,78569.83,78697.99,78283.27,78341.5,1074.65868000,1770062399999,84304394.81447830,198583,492.90713000,38673650.59728060,0
2026-02-02 20:00:00,78341.5,78667.38,77888.0,78008.59,902.54602000,1770065999999,70657975.77539480,266195,448.12636000,35083797.12518700,0
2026-02-02 21:00:00,78008.59,78552.76,77922.0,78532.06,507.24426000,1770069599999,39730737.41574160,157928,275.71072000,21590891.37179410,0
2026-02-02 22:00:00,78532.07,78853.35,78528.21,78795.2,488.24484000,1770073199999,38437882.74383060,108362,272.58865000,21458653.02627830,0
2026-02-02 23:00:00,78795.2,78962.78,78560.0,78738.61,720.98807000,1770076799999,56787727.25100440,130752,302.11010000,23796510.14053000,0
2026-02-03 00:00:00,78738.6,79099.99,78408.05,79065.24,994.28607000,1770080399999,78313035.31225050,228795,467.36015000,36816816.10728250,0
2026-02-03 01:00:00,79065.24,79186.81,78716.79,79017.63,990.18740000,1770083999999,78146233.83104050,277959,478.04014000,37724295.95626100,0
2026-02-03 02:00:00,79017.64,79017.64,77800.0,77808.01,959.76758000,1770087599999,75198186.20747440,317922,399.23400000,31298558.11648940,0
2026-02-03 03:00:00,77808.02,78907.18,77644.09,78753.32,1068.28743000,1770091199999,83564575.08988590,359662,594.50101000,46524327.48089480,0
2026-02-03 04:00:00,78753.32,78999.99,78488.0,78798.39,719.00577000,1770094799999,56613939.93109980,196951,355.62414000,27996660.35086440,0
2026-02-03 05:00:00,78798.38,78809.78,78218.98,78240.45,581.74505000,1770098399999,45652579.22891800,191874,209.60593000,16445972.62461980,0
2026-02-03 06:00:00,78240.45,78665.91,77950.0,78594.17,881.03721000,1770101999999,69038743.02814440,228656,499.41783000,39138147.61809180,0
2026-02-03 07:00:00,78594.01,78923.93,78488.01,78794.67,705.05984000,1770105599999,55530426.98549140,244462,355.62027000,28004843.78318960,0
2026-02-03 08:00:00,78794.67,79084.29,78464.6,78747.96,840.32530000,1770109199999,66242596.46511680,238750,408.69041000,32230413.17477910,0
2026-02-03 09:00:00,78747.96,78841.35,77950.0,78400.01,972.94350000,1770112799999,76147845.47858540,315913,456.82480000,35761132.69688080,0
2026-02-03 10:00:00,78400.01,78560.0,78070.0,78120.36,505.87116000,1770116399999,39628503.78274130,193078,258.37989000,20243450.20398410,0
2026-02-03 11:00:00,78120.36,78349.24,78004.08,78079.5,475.83471000,1770119999999,37200545.49804300,204193,238.74726000,18666859.47799240,0
2026-02-03 12:00:00,78079.5,78416.9,78000.0,78330.26,933.62710000,1770123599999,73046161.99256930,220572,465.58114000,36425273.81183430,0
2026-02-03 13:00:00,78330.26,78458.89,78187.91,78307.65,529.49211000,1770127199999,41482980.85909990,200836,281.78483000,22076049.18927630,0
2026-02-03 14:00:00,78307.65,78434.61,77156.24,77201.22,2011.41490000,1770130799999,156645912.68369470,633581,926.01440000,72123007.35397350,0
2026-02-03 15:00:00,77201.21,78196.83,77055.54,78132.33,2069.08407000,1770134399999,160665503.52489550,733502,1026.17790000,79692656.25379370,0
2026-02-03 16:00:00,78132.34,78134.53,76400.0,76488.08,3199.23624000,1770137999999,245981816.85591540,642874,1278.95033000,98394462.28155960,0
2026-02-03 17:00:00,76488.08,76525.44,74882.28,74915.79,3210.53566000,1770141599999,242729330.66441050,689063,1364.81192000,103218338.53998400,0
2026-02-03 18:00:00,74915.79,75302.76,73137.66,73139.13,8932.04301000,1770145199999,662015509.44823270,967046,3129.71123000,232003885.53958870,0
2026-02-03 19:00:00,73139.12,75291.1,72945.5,74935.0,3497.82279000,1770148799999,259852834.78991890,778817,1785.71680000,132746867.53671440,0
2026-02-03 20:00:00,74935.0,76721.25,74586.54,76475.52,2122.86901000,1770152399999,161031555.01815680,585369,1099.00009000,83390169.07673910,0
2026-02-03 21:00:00,76475.53,76960.0,76124.05,76239.43,1110.97152000,1770155999999,85109474.69901750,256759,437.95238000,33544089.12274550,0
2026-02-03 22:00:00,76239.43,76299.19,75406.79,75708.83,1013.97922000,1770159599999,76895512.19250460,269874,442.00076000,33514098.00412760,0
2026-02-03 23:00:00,75708.82,76000.0,75428.16,75770.21,794.68224000,1770163199999,60169205.00758470,222937,345.13492000,26139022.13437320,0
2026-02-04 00:00:00,75770.21,76264.0,75467.22,75910.88,730.62893000,1770166799999,55437918.72445140,266456,336.63938000,25551020.44841190,0
2026-02-04 01:00:00,75910.88,76798.12,75910.88,76423.73,952.72942000,1770170399999,72897015.39080480,307695,412.97301000,31584950.08665990,0
2026-02-04 02:00:00,76423.73,76610.04,75707.41,75963.35,853.38888000,1770173999999,64992664.06665880,278097,353.53158000,26916926.65866330,0
2026-02-04 03:00:00,75963.35,76971.52,75906.05,76698.17,1036.93598000,1770177599999,79410992.58573940,265909,472.80023000,36199475.06419690,0
2026-02-04 04:00:00,76698.17,76830.69,76413.64,76479.75,577.39018000,1770181199999,44242660.58634150,169462,199.31132000,15273414.98898360,0
2026-02-04 05:00:00,76479.75,76526.8,76105.3,76279.99,1056.73491000,1770184799999,80712761.86906460,186617,467.07386000,35678317.47237480,0
2026-02-04 06:00:00,76280.0,76780.0,76259.9,76652.68,609.34015000,1770188399999,46651495.76540550,166410,268.47895000,20553972.72395020,0
2026-02-04 07:00:00,76652.68,76657.31,76335.46,76514.3,593.58526000,1770191999999,45408088.10216380,182983,270.99180000,20731859.04432460,0
2026-02-04 08:00:00,76514.3,76600.0,76068.69,76587.26,736.19473000,1770195599999,56208328.13660600,238936,353.98886000,27029048.88182580,0
2026-02-04 09:00:00,76587.26,76607.69,75967.1,76119.0,632.82215000,1770199199999,48225371.79655580,216509,264.26983000,20137964.05055060,0
2026-02-04 10:00:00,76119.0,76338.65,76069.0,76302.1,440.91077000,1770202799999,33597954.70723010,164088,231.97092000,17677717.96372990,0
2026-02-04 11:00:00,76302.1,76302.1,75666.0,76017.25,1102.73317000,1770206399999,83792805.83232440,285632,456.01468000,34661048.42927110,0
2026-02-04 12:00:00,76017.25,76260.85,76000.0,76180.85,942.91713000,1770209999999,71794358.57612990,214446,405.03502000,30839146.91209430,0
2026-02-04 13:00:00,76180.84,76186.98,74867.0,74867.0,1563.62436000,1770213599999,118061599.37099510,349449,520.65201000,39295625.41651970,0
2026-02-04 14:00:00,74867.0,75769.23,74256.0,74359.53,2801.90282000,1770217199999,210491604.90046390,868555,1468.83731000,110410185.05041380,0
2026-02-04 15:00:00,74359.53,75328.28,73794.11,74136.36,3644.50098000,1770220799999,271400714.11825920,1173949,1804.31707000,134399479.89983800,0
2026-02-04 16:00:00,74136.48,74249.83,73076.92,73636.01,3089.62892000,1770224399999,227540704.70017990,970474,1482.08290000,109183028.85626660,0
2026-02-04 17:00:00,73635.63,73863.92,72169.0,72576.08,5764.80542000,1770227999999,419684604.42849310,1102629,2253.30867000,164223365.56530850,0
2026-02-04 18:00:00,72576.08,74140.0,72273.68,73425.96,3480.01439000,1770231599999,254764287.11521720,970515,1703.67893000,124779121.37250650,0
2026-02-04 19:00:00,73425.97,74007.28,73041.41,73923.29,1609.77508000,1770235199999,118423183.22698700,577511,891.51733000,65603729.95330790,0
2026-02-04 20:00:00,73923.3,74144.0,73425.56,73516.3,1052.61663000,1770238799999,77594042.52591370,388741,494.33387000,36444987.87020950,0
2026-02-04 21:00:00,73516.3,73654.0,72210.0,72799.99,1379.23839000,1770242399999,100568403.15212780,400346,592.61400000,43195080.66366290,0
2026-02-04 22:00:00,72800.0,73680.0,71888.0,72543.38,2426.62344000,1770245999999,176152689.46008420,609621,986.46630000,71645348.49900470,0
2026-02-04 23:00:00,72543.38,73520.59,72468.12,73165.83,1296.31791000,1770249599999,94780382.40094930,368972,583.46786000,42649952.95699750,0
2026-02-05 00:00:00,73165.84,73325.6,72754.21,72868.02,1031.56586000,1770253199999,75337771.89425350,356907,523.34494000,38220159.22655050,0
2026-02-05 01:00:00,72868.02,73341.18,71995.09,72421.26,1796.49365000,1770256799999,130473959.33430690,690479,883.14755000,64143754.04229200,0
2026-02-05 02:00:00,72421.26,72854.39,71305.55,71454.44,2979.51665000,1770260399999,214636071.16768680,837656,1352.78713000,97501775.21178850,0
2026-02-05 03:00:00,71454.44,71884.47,71152.78,71223.25,2548.86017000,1770263999999,182242795.76811160,805760,1208.59699000,86450029.35281430,0
2026-02-05 04:00:00,71223.25,71437.68,70701.0,70888.08,4293.99043000,1770267599999,305106384.58320970,797850,1760.53394000,125129873.98294730,0
2026-02-05 05:00:00,70888.09,71150.16,70140.0,70732.72,4302.51294000,1770271199999,303984571.00729980,532800,1727.42864000,122108114.12735220,0
2026-02-05 06:00:00,70732.73,70984.62,70434.05,70951.51,2020.09726000,1770274799999,142822029.34248820,383311,934.84608000,66100630.74058520,0
2026-02-05 07:00:00,70951.51,71622.82,70644.73,70756.85,2612.40429000,1770278399999,185976735.30585960,359743,1363.57140000,97078653.07685810,0
2026-02-05 08:00:00,70756.86,71550.0,70683.58,71054.99,1815.06036000,1770281999999,129188750.98576790,314450,921.26090000,65567736.72646160,0
2026-02-05 09:00:00,71054.99,71978.58,71049.35,71550.0,1842.40706000,1770285599999,131910817.56550400,329695,997.84614000,71417300.78879700,0
2026-02-05 10:00:00,71549.99,71726.79,70656.59,70858.13,1618.18196000,1770289199999,115265285.27977370,267101,777.75946000,55407974.95230440,0
2026-02-05 11:00:00,70858.13,71063.94,69922.0,70318.35,4107.09256000,1770292799999,288854871.84302110,543392,1890.06782000,132983468.74441130,0
2026-02-05 12:00:00,70318.35,70603.49,69163.0,69563.57,5331.37678000,1770296399999,371089288.01888780,717000,2324.14485000,161789562.18213500,0
2026-02-05 13:00:00,69563.56,69831.85,69261.11,69688.94,2587.65964000,1770299999999,179923506.13199590,416975,1341.14659000,93261444.05769760,0
2026-02-05 14:00:00,69688.94,70872.04,69285.71,69404.76,3459.24538000,1770303599999,242510251.61379100,652011,1784.51650000,125145176.36290740,0
2026-02-05 15:00:00,69404.75,69616.29,66720.15,67489.07,13836.57347000,1770307199999,937898948.92609280,1181032,6481.68742000,438924818.56159840,0
2026-02-05 16:00:00,67489.08,68681.81,66955.34,68295.15,5860.78146000,1770310799999,397405538.43052220,789436,3205.92477000,217429845.68898400,0
2026-02-05 17:00:00,68295.15,68374.79,66152.0,66181.69,6127.22850000,1770314399999,410910104.43007140,840267,2745.12221000,184180920.68425590,0
2026-02-05 18:00:00,66181.68,66542.87,65385.0,66347.0,5703.68497000,1770317999999,376039663.61539910,716550,2716.11474000,179133309.20315040,0
2026-02-05 19:00:00,66347.01,66637.46,65200.0,65265.65,3605.53717000,1770321599999,237574235.86786540,578735,1617.61819000,106595978.90694860,0
2026-02-05 20:00:00,65265.66,65700.0,62345.0,63775.67,13269.97533000,1770325199999,847911013.97925580,1111134,5271.52963000,336795535.52423320,0
2026-02-05 21:00:00,63775.66,64775.0,62888.34,63213.34,6727.66673000,1770328799999,429210097.54775240,962432,2952.92771000,188451704.31603170,0
2026-02-05 22:00:00,63213.34,64615.88,62690.9,63907.86,4776.16051000,1770332399999,303744055.42067540,617119,2223.91060000,141552814.65760690,0
2026-02-05 23:00:00,63907.86,64908.0,62717.48,62909.86,4044.75586000,1770335999999,258728846.22110160,562175,2036.81586000,130378921.91452810,0
2026-02-06 00:00:00,62909.87,63861.87,60000.0,63509.39,15965.67588000,1770339599999,983313849.23100150,1514013,7642.87009000,471212447.99481990,0
2026-02-06 01:00:00,63509.4,65760.0,63509.39,65714.96,6085.05108000,1770343199999,392761574.60514880,877667,3450.67867000,222740637.18536770,0
2026-02-06 02:00:00,65714.96,66010.0,64201.28,64990.1,4172.05950000,1770346799999,271191994.15089890,741794,1941.58254000,126196776.82536730,0
2026-02-06 03:00:00,64990.11,65172.13,63770.17,64168.33,2757.61679000,1770350399999,177857647.72801510,602939,1196.97389000,77263663.30937770,0
2026-02-06 04:00:00,64168.33,65000.0,63914.62,64905.84,2678.77331000,1770353999999,173066189.55463150,404064,1299.68406000,84050116.96047240,0
2026-02-06 05:00:00,64905.54,66826.5,64800.01,66408.11,3077.34633000,1770357599999,202469458.44210680,477248,1854.85555000,122035437.31315020,0
2026-02-06 06:00:00,66408.11,66800.0,64856.88,64988.26,3562.00258000,1770361199999,234112425.34899710,544910,1654.85565000,108755180.53868490,0
2026-02-06 07:00:00,64988.26,65543.79,64654.11,64856.0,3886.24107000,1770364799999,252781089.20876660,496113,2339.72251000,152207128.54291220,0
2026-02-06 08:00:00,64856.0,65206.11,64500.0,64895.05,2403.94942000,1770368399999,155914537.16581200,427947,1291.68250000,83795848.57540330,0
2026-02-06 09:00:00,64895.04,66163.0,64764.7,65799.55,2736.04998000,1770371999999,179306872.52098070,378058,1656.34569000,108501995.90062900,0
2026-02-06 10:00:00,65799.55,66220.0,65550.0,65967.51,2067.37547000,1770375599999,136334280.75496510,362698,1020.20231000,67282780.31667720,0
2026-02-06 11:00:00,65967.51,66755.13,65772.17,66631.32,2445.47098000,1770379199999,161964875.87288170,324146,1442.17100000,95528319.43786130,0
2026-02-06 12:00:00,66631.32,66631.32,66114.49,66557.93,1895.66919000,1770382799999,125778916.84343250,346133,988.45472000,65591489.03671760,0
2026-02-06 13:00:00,66557.93,67690.7,66480.82,67316.82,4063.76595000,1770386399999,272654657.92820150,711990,1996.65136000,133934329.97441200,0
2026-02-06 14:00:00,67316.82,68647.45,66629.36,68194.89,5594.57909000,1770389999999,379143904.89432480,1003136,2880.06389000,195387232.39459460,0
2026-02-06 15:00:00,68194.9,69192.0,67772.0,68626.0,6052.81042000,1770393599999,414111171.71948360,938035,3674.29759000,251428717.91314740,0
2026-02-06 16:00:00,68625.99,70224.62,68428.19,69954.01,6892.60997000,1770397199999,479317269.19770950,648731,4472.81406000,311087726.35042310,0
2026-02-06 17:00:00,69954.01,71500.0,69593.43,70753.53,5224.54006000,1770400799999,369124574.30224970,551751,2896.98479000,204681730.22860940,0
2026-02-06 18:00:00,70753.53,70816.0,69340.91,69776.68,3217.47319000,1770404399999,225053850.29123170,495341,1627.24151000,113780696.51337580,0
2026-02-06 19:00:00,69776.68,70952.0,69662.22,70731.46,1949.07605000,1770407999999,136943234.13945250,306508,1178.95985000,82821154.17206470,0
2026-02-06 20:00:00,70731.45,70996.77,70000.12,70000.13,1842.94729000,1770411599999,129947383.67159280,400315,861.50595000,60769187.77130380,0
2026-02-06 21:00:00,70000.14,70508.75,69837.35,70358.43,1079.99332000,1770415199999,75802762.61556080,237693,530.13318000,37209921.80444860,0
2026-02-06 22:00:00,70358.44,71577.09,70279.09,71354.46,1439.41821000,1770418799999,102200267.21383240,221121,879.82483000,62475890.14609920,0
2026-02-06 23:00:00,71354.46,71751.33,70505.0,70580.26,1448.72018000,1770422399999,102903883.21022780,216177,698.95579000,49687740.07476890,0
2026-02-07 00:00:00,70580.26,70600.0,69718.0,69958.0,1684.48527000,1770425999999,118072968.66675610,413634,696.69651000,48842836.72751210,0
2026-02-07 01:00:00,69958.0,70680.54,69741.87,70471.49,1257.48702000,1770429599999,88220183.92237500,264599,647.10163000,45420411.81065930,0
2026-02-07 02:00:00,70471.48,70624.49,70151.51,70361.37,828.17189000,1770433199999,58301106.63301020,218091,454.90696000,32025668.60136380,0
2026-02-07 03:00:00,70361.36,70928.75,70270.0,70918.99,917.62946000,1770436799999,64842409.41628710,242966,510.70312000,36083840.36071870,0
2026-02-07 04:00:00,70918.99,71690.07,70604.55,70768.13,1760.77139000,1770440399999,125188978.69304770,378067,1016.51113000,72287363.26248980,0
2026-02-07 05:00:00,70768.0,71191.88,69800.0,70161.5,1954.17044000,1770443999999,137566141.38693660,316337,689.50227000,48598439.03548550,0
2026-02-07 06:00:00,70161.51,70310.0,68757.68,68769.65,3067.81307000,1770447599999,214133020.97633470,372927,1040.26219000,72601950.35940110,0
2026-02-07 07:00:00,68769.66,69084.55,67300.0,68087.14,6488.56676000,1770451199999,441858383.66040560,803328,2623.42794000,178645147.34748600,0
2026-02-07 08:00:00,68087.13,68790.0,67747.65,68495.01,2785.44241000,1770454799999,190356131.12298340,401908,1042.70512000,71280935.28688880,0
2026-02-07 09:00:00,68495.01,68763.28,67885.86,68138.2,2704.83478000,1770458399999,184801016.53090090,292045,807.41382000,55160545.08532240,0
2026-02-07 10:00:00,68138.19,68299.3,67582.48,67987.0,2026.15669000,1770461999999,137633090.33836560,246732,625.99064000,42519593.35570060,0
2026-02-07 11:00:00,67986.99,68157.21,67700.0,67972.65,1172.58170000,1770465599999,79653190.26749900,201136,447.58237000,30408209.45078750,0
2026-02-07 12:00:00,67972.65,69999.99,67901.89,69024.98,3372.78032000,1770469199999,233199087.35744860,605815,1692.54441000,117020435.78731340,0
2026-02-07 13:00:00,69024.98,69364.5,68821.64,69093.98,1462.50623000,1770472799999,101012427.61148000,274572,586.16093000,40491870.62941560,0
2026-02-07 14:00:00,69093.98,69187.27,68358.75,68645.99,1780.47515000,1770476399999,122573950.31761690,288450,558.17314000,38410304.90437000,0
2026-02-07 15:00:00,68646.0,69762.46,68556.0,69151.5,2675.07885000,1770479999999,185176063.50177460,402218,1170.33424000,81016310.05160700,0
2026-02-07 16:00:00,69151.5,69898.0,68822.51,68957.16,3767.46183000,1770483599999,261363746.27505670,574985,1760.97508000,122197934.21424930,0
2026-02-07 17:00:00,68957.16,69408.0,68531.5,69188.81,1260.95907000,1770487199999,86929846.36923340,212789,536.46724000,37013339.56066000,0
2026-02-07 18:00:00,69188.81,69690.89,69009.09,69514.11,815.22684000,1770490799999,56549764.46074760,154987,518.85081000,35989906.27541780,0
2026-02-07 19:00:00,69514.11,69577.43,69266.66,69373.61,549.67003000,1770494399999,38143830.71994420,109331,315.16392000,21867988.14460470,0
2026-02-07 20:00:00,69373.61,69728.83,69252.72,69631.18,431.20720000,1770497999999,29957363.23048440,89754,217.13825000,15087514.84195540,0
2026-02-07 21:00:00,69631.18,69699.16,69356.16,69497.99,322.93251000,1770501599999,22450189.26633110,87548,160.91043000,11186783.77147830,0
2026-02-07 22:00:00,69497.99,69727.86,69325.67,69399.34,469.65551000,1770505199999,32660664.87111830,82455,304.20060000,21160631.12885890,0
2026-02-07 23:00:00,69399.34,69462.42,68787.34,69289.38,699.41594000,1770508799999,48340323.47301470,132753,342.49958000,23671863.43569490,0
2026-02-08 00:00:00,69289.37,69432.0,68888.0,69133.79,682.62238000,1770512399999,47181564.74971880,175220,355.28061000,24555302.63359140,0
2026-02-08 01:00:00,69133.8,69500.0,69095.17,69379.57,433.38727000,1770515999999,30025992.35808570,164140,230.33663000,15957092.21762280,0
2026-02-08 02:00:00,69379.57,69696.57,69167.42,69370.7,452.71707000,1770519599999,31414296.85654340,157898,207.72562000,14416555.91755080,0
2026-02-08 03:00:00,69370.69,69443.9,69069.65,69099.99,457.68257000,1770523199999,31704832.79652770,139432,190.23878000,13179599.07415740,0
2026-02-08 04:00:00,69100.0,69372.06,68952.01,69340.16,390.41434000,1770526799999,27020239.24176950,103999,177.05008000,12254392.09984110,0
2026-02-08 05:00:00,69340.15,69422.43,69146.47,69220.52,386.01063000,1770530399999,26731881.21797810,93924,178.54514000,12365187.82302910,0
2026-02-08 06:00:00,69220.53,69518.56,69090.0,69361.18,1121.01748000,1770533999999,77723429.10549790,137777,839.68471000,58223035.82074970,0
2026-02-08 07:00:00,69361.18,69719.07,69215.69,69710.69,980.72904000,1770537599999,68103004.94486650,144334,675.84382000,46931598.58539130,0
2026-02-08 08:00:00,69710.69,70796.99,69514.15,70665.59,1875.57890000,1770541199999,131710133.32732720,354978,1184.85913000,83171590.38571440,0
2026-02-08 09:00:00,70665.59,70712.71,70094.71,70107.19,1028.89501000,1770544799999,72373851.26066640,253473,481.09927000,33859109.40453820,0
2026-02-08 10:00:00,70107.2,70449.99,69890.52,70266.41,1062.51700000,1770548399999,74583893.83403630,239518,507.09242000,35594867.43908570,0
2026-02-08 11:00:00,70266.41,71220.0,70210.26,70999.98,1342.32428000,1770551999999,95018976.39210830,291448,785.30653000,55610983.99945740,0
2026-02-08 12:00:00,70999.99,71281.74,70707.39,71249.95,791.13826000,1770555599999,56143063.11148470,213041,445.20371000,31597739.92727690,0
2026-02-08 13:00:00,71249.65,71517.27,70956.0,71514.77,1080.90623000,1770559199999,77076868.82140990,231715,652.47047000,46544383.66996900,0
2026-02-08 14:00:00,71514.77,71554.95,71105.0,71262.19,872.42876000,1770562799999,62214168.07602280,209384,450.34528000,32118223.41033440,0
2026-02-08 15:00:00,71262.18,71465.93,70786.18,71188.99,914.74435000,1770566399999,65075653.89820660,262103,468.85249000,33357404.66686940,0
2026-02-08 16:00:00,71188.99,71256.97,70251.33,70416.0,1094.49116000,1770569999999,77504663.13496060,263539,387.94391000,27470483.18892670,0
2026-02-08 17:00:00,70415.99,70871.66,70407.42,70785.99,515.39696000,1770573599999,36440176.20536080,188931,292.10549000,20654464.88451970,0
2026-02-08 18:00:00,70786.0,71418.0,70750.0,71147.25,643.64182000,1770577199999,45783995.87824110,209719,377.72218000,26866491.80478300,0
2026-02-08 19:00:00,71147.24,71538.05,71142.77,71422.97,466.64362000,1770580799999,33292167.84016410,136973,295.05791000,21055646.57030450,0
2026-02-08 20:00:00,71422.96,71427.73,70700.03,70835.17,803.14197000,1770584399999,57045644.40284840,162157,262.03912000,18613983.91620330,0
2026-02-08 21:00:00,70835.17,71136.03,70524.14,70700.0,621.70092000,1770587999999,44020466.62348670,129951,241.29600000,17098624.00998850,0
2026-02-08 22:00:00,70700.01,71100.04,70652.11,71066.09,568.07657000,1770591599999,40259624.51138920,107651,333.49784000,23638210.34169100,0
2026-02-08 23:00:00,71066.09,72271.41,70000.0,70330.38,2834.32509000,1770595199999,201555170.06414140,499144,1416.15524000,100763895.49022400,0
2026-02-09 00:00:00,70330.38,70774.4,70123.02,70502.38,961.77536000,1770598799999,67768544.25284280,330826,487.04203000,34324357.51321430,0
2026-02-09 01:00:00,70502.37,70926.4,70068.18,70369.53,1060.82602000,1770602399999,74741798.69267140,342236,554.86518000,39113330.98187560,0
2026-02-09 02:00:00,70369.53,71000.0,70220.12,70629.99,832.82995000,1770605999999,58791332.95839330,287254,416.11835000,29375524.93456520,0
2026-02-09 03:00:00,70629.99,71453.53,70614.07,71307.56,1165.88308000,1770609599999,82794003.15357030,261041,679.28186000,48241844.80666650,0
2026-02-09 04:00:00,71307.56,71359.37,70924.13,71005.01,663.12266000,1770613199999,47166265.46851030,159643,274.62295000,19530722.93520970,0
2026-02-09 05:00:00,71005.01,71112.0,70805.0,71044.51,554.37782000,1770616799999,39327663.69226730,160207,253.73987000,18002507.99168500,0
2026-02-09 06:00:00,71044.51,71044.52,70311.7,70667.95,697.30320000,1770620399999,49234810.86340910,216849,309.36944000,21842190.21666000,0
2026-02-09 07:00:00,70667.96,70902.51,70331.57,70422.59,1015.80172000,1770623999999,71680414.57849660,215292,398.66041000,28142242.19527580,0
2026-02-09 08:00:00,70422.59,70608.83,69393.97,69873.99,1595.15551000,1770627599999,111547468.15229620,343062,742.91015000,51925737.83030150,0
2026-02-09 09:00:00,69873.45,70116.0,69478.63,69630.35,1112.26419000,1770631199999,77626458.67237250,259871,535.66941000,37387674.62705350,0
2026-02-09 10:00:00,69630.35,69730.38,68420.58,68727.88,2052.69575000,1770634799999,141565979.93005930,451622,888.94943000,61355462.01859920,0
2026-02-09 11:00:00,68727.88,69022.89,68573.31,68928.72,1348.78221000,1770638399999,92828891.84147460,268825,624.98121000,43013986.30820000,0
2026-02-09 12:00:00,68928.71,69262.91,68857.97,69147.01,1009.44887000,1770641999999,69738596.43442840,229797,567.13806000,39183246.24907670,0
2026-02-09 13:00:00,69147.02,69299.99,68586.48,68594.57,1029.85836000,1770645599999,71071908.38126370,247261,438.12488000,30259973.81465570,0
2026-02-09 14:00:00,68594.56,69755.59,68308.0,69272.0,2516.24849000,1770649199999,173490796.28429650,697065,1314.11971000,90607418.67388380,0
2026-02-09 15:00:00,69271.99,69884.82,68780.0,69563.37,2308.23216000,1770652799999,160210438.51335360,428206,1178.83081000,81825239.17548850,0
2026-02-09 16:00:00,69563.37,70428.48,69100.0,70093.01,1734.77412000,1770656399999,121079636.51214440,343060,860.85178000,60083146.02626290,0
2026-02-09 17:00:00,70093.0,71000.0,69870.65,70612.29,2206.43168000,1770659999999,155504067.10437770,321224,1112.96889000,78450704.59963770,0
2026-02-09 18:00:00,70612.29,71012.0,70088.88,70418.68,1419.63320000,1770663599999,100051357.17723370,294785,657.50258000,46347078.82838700,0
2026-02-09 19:00:00,70418.67,71075.31,70260.0,70957.01,878.36448000,1770667199999,62138771.40548810,217640,455.03972000,32192659.71942860,0
2026-02-09 20:00:00,70957.01,71126.0,70500.0,70738.71,948.93614000,1770670799999,67144941.45069410,201376,338.42569000,23961269.44005560,0
2026-02-09 21:00:00,70738.71,70807.75,69823.52,70400.0,1102.83201000,1770674399999,77473655.15441950,167552,376.63253000,26456729.07566440,0
2026-02-09 22:00:00,70400.01,70719.7,70271.13,70372.96,530.94981000,1770677999999,37410318.90615870,105205,237.21311000,16715957.04542070,0
2026-02-09 23:00:00,70372.96,70572.84,70083.45,70138.0,406.20163000,1770681599999,28571419.84075550,94870,151.57681000,10662611.67570490,0
2026-02-10 00:00:00,70138.0,70255.36,69743.8,69827.33,569.13678000,1770685199999,39810350.51404060,136081,236.86140000,16569442.19976390,0
2026-02-10 01:00:00,69827.34,70527.59,69827.34,70486.82,544.68673000,1770688799999,38262791.34858260,162390,303.64399000,21335501.15785350,0
2026-02-10 02:00:00,70486.82,70486.82,69982.27,70102.89,444.00707000,1770692399999,31189347.97405720,129871,199.97809000,14051054.67211540,0
2026-02-10 03:00:00,70102.9,70166.22,69208.61,69511.83,911.79715000,1770695999999,63441867.94341310,220709,344.50562000,23963693.21549660,0
2026-02-10 04:00:00,69511.83,69906.5,69469.58,69831.62,489.42781000,1770699599999,34130215.72684200,121034,223.92267000,15615567.35368130,0
2026-02-10 05:00:00,69831.62,69864.0,69210.76,69447.64,565.92441000,1770703199999,39340019.47980150,143803,176.65513000,12280117.13657370,0
2026-02-10 06:00:00,69447.63,69499.9,68682.0,68921.35,1241.02042000,1770706799999,85688190.59459810,232994,509.32719000,35157739.27651750,0
2026-02-10 07:00:00,68921.36,69218.64,68852.43,68919.66,837.11514000,1770710399999,57779515.45840420,148370,384.30147000,26526725.82621450,0
2026-02-10 08:00:00,68919.66,69226.16,68725.81,69142.0,730.03493000,1770713999999,50363284.53684620,154136,303.56159000,20947339.64231350,0
2026-02-10 09:00:00,69141.99,69417.7,68950.0,69151.5,1044.98180000,1770717599999,72310416.47207020,133342,397.44611000,27509008.03699710,0
2026-02-10 10:00:00,69151.5,69258.52,68921.64,68921.68,686.30742000,1770721199999,47416474.57719030,109615,303.67404000,20980523.49280620,0
2026-02-10 11:00:00,68921.68,69085.79,68459.89,68535.01,1128.13956000,1770724799999,77588218.63684330,167675,498.88632000,34314566.64488590,0
2026-02-10 12:00:00,68535.02,68855.35,68434.0,68610.12,821.53118000,1770728399999,56402818.82116500,170732,375.81996000,25803502.71825250,0
2026-02-10 13:00:00,68610.11,69143.6,68370.23,69027.95,992.44284000,1770731999999,68255677.56723450,194907,613.99059000,42237577.97192380,0
2026-02-10 14:00:00,69027.94,69591.2,67800.0,68460.4,2352.75100000,1770735599999,161562057.12337350,486617,1180.68417000,81158491.58885210,0
2026-02-10 15:00:00,68460.4,69519.72,68300.9,69293.37,1676.38862000,1770739199999,115782796.94548910,475112,881.48513000,60885281.08096240,0
2026-02-10 16:00:00,69293.37,69810.35,68945.23,69517.71,1394.08093000,1770742799999,96781083.33266240,350174,704.43646000,48924189.38902490,0
2026-02-10 17:00:00,69517.71,69993.65,69309.35,69925.31,899.78430000,1770746399999,62720331.84680900,244237,430.39232000,30004334.38579320,0
2026-02-10 18:00:00,69925.31,69943.44,68604.63,68894.36,897.73226000,1770749999999,62089175.15305500,253618,334.32670000,23134321.81880800,0
2026-02-10 19:00:00,68894.36,69303.99,68690.32,69062.01,805.90106000,1770753599999,55572782.74707910,169896,277.18136000,19120237.58446100,0
2026-02-10 20:00:00,69062.0,69136.91,68629.47,68753.7,425.90627000,1770757199999,29320035.56856480,116804,172.62457000,11883032.14189080,0
2026-02-10 21:00:00,68753.69,69005.45,68362.0,68656.21,402.88764000,1770760799999,27663212.87624820,97798,158.09983000,10854003.66016630,0
2026-02-10 22:00:00,68656.22,68860.4,68566.8,68707.18,289.48213000,1770764399999,19883125.48121240,70935,120.57150000,8281767.11763120,0
2026-02-10 23:00:00,68707.18,68860.09,68506.2,68841.29,222.30327000,1770767999999,15269832.63434300,67808,104.83435000,7201932.14054020,0
2026-02-11 00:00:00,68841.28,69244.45,68784.47,69201.14,437.64105000,1770771599999,30225058.87638070,135294,256.29365000,17702369.91355930,0
2026-02-11 01:00:00,69201.14,69292.88,68914.73,68982.0,303.52695000,1770775199999,20966180.33833590,131963,135.86504000,9384383.29127640,0
2026-02-11 02:00:00,68982.0,69168.52,68603.4,68677.33,398.35346000,1770778799999,27454980.62285690,144673,136.88764000,9435019.47608060,0
2026-02-11 03:00:00,68677.34,68751.91,68011.11,68187.99,778.71298000,1770782399999,53217212.31245870,196239,355.97611000,24325476.95553180,0
2026-02-11 04:00:00,68188.0,68325.0,67368.0,67584.46,1295.18481000,1770785999999,87746462.62473630,328387,520.44883000,35258555.34346060,0
2026-02-11 05:00:00,67584.47,67810.0,67397.86,67404.28,744.08532000,1770789599999,50290412.75921390,197283,286.29371000,19357044.25220520,0
2026-02-11 06:00:00,67404.28,67491.84,66557.99,66820.32,1841.79675000,1770793199999,123318157.96347030,347146,784.22102000,52509010.05302970,0
2026-02-11 07:00:00,66819.84,67254.6,66652.27,67032.72,1293.95919000,1770796799999,86682150.83323500,219826,892.03386000,59759759.55592020,0
2026-02-11 08:00:00,67032.71,67134.42,66793.93,66981.07,871.78483000,1770800399999,58380325.30330130,207633,310.21425000,20775633.02587480,0
2026-02-11 09:00:00,66981.08,67110.04,66716.02,66872.03,712.97040000,1770803999999,47693579.96129870,178928,299.66798000,20045633.80418640,0
2026-02-11 10:00:00,66872.03,66891.64,66369.49,66531.99,1318.02907000,1770807599999,87800595.81339420,248887,441.13704000,29400721.11737020,0
2026-02-11 11:00:00,66531.99,67110.77,66500.84,67053.03,1011.30301000,1770811199999,67679358.96934900,199821,660.63733000,44217112.08604460,0
2026-02-11 12:00:00,67053.03,67424.24,66959.67,67133.5,1251.20611000,1770814799999,84054772.68192260,222546,738.82838000,49635259.47638880,0
2026-02-11 13:00:00,67133.51,67674.3,66799.58,67454.49,1973.91228000,1770818399999,132751742.31075720,359623,1149.88435000,77364199.85263440,0
2026-02-11 14:00:00,67454.49,68834.34,66435.62,66584.6,3127.14059000,1770821999999,211632639.17087220,810313,1483.21852000,100445969.25582710,0
2026-02-11 15:00:00,66584.61,66818.18,65756.0,66519.73,2796.32516000,1770825599999,185248700.14416130,800810,1390.22989000,92100326.90968520,0
2026-02-11 16:00:00,66519.72,67250.0,65952.0,66039.09,1746.45856000,1770829199999,116242241.77101200,469465,862.99071000,57441043.08081590,0
2026-02-11 17:00:00,66039.08,66921.12,65876.0,66518.26,1110.21085000,1770832799999,73813476.52347360,321975,507.37519000,33734075.61991250,0
2026-02-11 18:00:00,66518.26,67305.28,66150.66,67275.34,935.25515000,1770836399999,62529895.77948950,307112,542.08533000,36257213.68503460,0
2026-02-11 19:00:00,67275.34,67860.44,67105.79,67586.67,1212.94694000,1770839999999,81946891.51172580,325778,701.10117000,47368429.37699850,0
2026-02-11 20:00:00,67586.66,67757.7,67190.0,67555.98,514.27060000,1770843599999,34711553.62793240,216129,283.96396000,19164217.37746890,0
2026-02-11 21:00:00,67555.98,68369.77,67417.04,67811.17,1823.53852000,1770847199999,124018939.58067140,244020,1058.11979000,71988456.32097860,0
2026-02-11 22:00:00,67810.2,67872.68,67387.24,67433.14,541.63723000,1770850799999,36617539.97920630,163338,262.90668000,17772378.49298460,0
2026-02-11 23:00:00,67433.54,67563.77,66787.7,67082.52,677.99621000,1770854399999,45491078.08485940,179388,275.12954000,18461459.94621840,0
2026-02-12 00:00:00,67082.52,67700.0,67055.53,67460.75,581.76040000,1770857999999,39211974.13981010,203567,269.53763000,18160034.54154520,0
2026-02-12 01:00:00,67460.75,68047.48,67460.75,67699.01,549.26066000,1770861599999,37211399.14115770,220543,269.36352000,18251269.77287670,0
2026-02-12 02:00:00,67699.01,67800.0,67418.0,67439.14,554.16819000,1770865199999,37470612.92854770,180616,272.90494000,18455528.68833140,0
2026-02-12 03:00:00,67439.14,67596.0,67306.61,67580.99,415.78114000,1770868799999,28048882.80379010,165350,154.11357000,10396439.23919960,0
2026-02-12 04:00:00,67581.0,67682.69,67000.0,67018.4,588.37890000,1770872399999,39616447.97462560,199477,248.03708000,16696575.57906560,0
2026-02-12 05:00:00,67018.4,67209.99,66670.45,67141.93,683.92376000,1770875999999,45812041.23465210,227846,345.95504000,23176429.51502190,0
2026-02-12 06:00:00,67141.92,67355.93,67014.0,67125.57,830.74950000,1770879599999,55846200.52769770,203648,578.56424000,38899837.88883990,0
2026-02-12 07:00:00,67125.57,67330.0,66935.64,67217.72,607.54971000,1770883199999,40788654.49797240,192472,341.50969000,22929504.74686040,0
2026-02-12 08:00:00,67217.71,67344.0,66891.6,67141.15,783.02638000,1770886799999,52571326.33211160,193638,286.79368000,19251897.35710780,0
2026-02-12 09:00:00,67141.15,67699.1,67050.0,67550.47,644.02356000,1770890399999,43399542.44791770,170414,336.36278000,22674902.20605990,0
2026-02-12 10:00:00,67550.46,68026.6,67404.02,68014.01,843.40689000,1770893999999,57121498.69613930,199066,534.97158000,36246986.54424810,0
2026-02-12 11:00:00,68014.0,68299.0,67740.0,68076.01,1397.59947000,1770897599999,95109373.04113740,296808,808.81821000,55051857.65155110,0
2026-02-12 12:00:00,68076.01,68162.02,67720.0,67865.31,829.25823000,1770901199999,56323940.59162720,250851,410.62516000,27891392.81284030,0
2026-02-12 13:00:00,67865.32,68397.5,67680.82,68376.58,960.32991000,1770904799999,65269193.87385260,244445,590.64117000,40146349.84941110,0
2026-02-12 14:00:00,68376.58,68410.52,67493.78,67577.02,1431.75163000,1770908399999,97181824.93737240,456051,611.38492000,41512534.50223160,0
2026-02-12 15:00:00,67577.02,68000.0,67014.98,67134.74,1602.90239000,1770911999999,108089490.47085500,558908,807.61844000,54466714.87033470,0
2026-02-12 16:00:00,67134.74,67232.04,65556.0,65863.37,3193.11571000,1770915599999,211801973.52891840,811065,1569.73243000,104122258.66619000,0
2026-02-12 17:00:00,65863.38,66265.06,65374.56,65413.99,2100.56023000,1770919199999,138238037.68954330,513572,955.04858000,62896921.52086210,0
2026-02-12 18:00:00,65414.0,65800.0,65118.0,65590.95,1612.17039000,1770922799999,105503653.18137190,424472,730.26265000,47818254.67047700,0
2026-02-12 19:00:00,65590.95,66117.51,65274.4,65788.36,1027.63649000,1770926399999,67591329.17638610,298386,546.31933000,35944314.41973710,0
2026-02-12 20:00:00,65788.36,66042.24,65215.06,65428.56,894.16583000,1770929999999,58625431.24336530,284202,394.89164000,25891415.09526360,0
2026-02-12 21:00:00,65428.24,65900.0,65428.24,65849.87,590.26423000,1770933599999,38756907.44252940,165882,306.05682000,20098526.28249080,0
2026-02-12 22:00:00,65849.86,66399.94,65643.34,66288.0,642.82133000,1770937199999,42436010.18591020,142177,380.68536000,25124233.45382380,0
2026-02-12 23:00:00,66288.01,66488.9,66156.47,66272.17,907.13790000,1770940799999,60136399.24691540,174824,351.52665000,23314672.19899200,0
2026-02-13 00:00:00,66272.17,66527.09,65872.46,65918.6,765.38996000,1770944399999,50644792.23193610,215361,350.26627000,23181465.02409010,0
2026-02-13 01:00:00,65918.61,66619.9,65918.61,66454.95,771.58544000,1770947999999,51166841.20637650,266624,466.96718000,30969570.82559150,0
2026-02-13 02:00:00,66454.95,66759.61,66384.0,66663.08,476.45341000,1770951599999,31710669.90830690,184746,235.20759000,15654972.53733890,0
2026-02-13 03:00:00,66663.08,66814.0,66462.4,66553.08,569.96335000,1770955199999,37949481.20289450,162602,301.92309000,20097429.30534330,0
2026-02-13 04:00:00,66553.09,66671.62,66308.48,66329.22,462.15015000,1770958799999,30724197.22380860,157876,185.26111000,12315654.53806570,0
2026-02-13 05:00:00,66329.22,66502.27,66175.79,66175.79,484.25050000,1770962399999,32124634.05342950,147757,165.94076000,11011033.59035330,0
2026-02-13 06:00:00,66175.79,66397.86,66002.98,66359.28,613.96613000,1770965999999,40621299.82784260,160630,282.20203000,18673732.79263930,0
2026-02-13 07:00:00,66359.28,66568.47,66050.21,66208.96,868.05316000,1770969599999,57565605.37925290,183203,396.20774000,26280550.97191960,0
2026-02-13 08:00:00,66208.96,66747.38,66191.52,66699.96,603.02656000,1770973199999,40078752.85553450,187994,262.67207000,17457847.15820140,0
2026-02-13 09:00:00,66699.96,67062.93,66612.86,66959.71,592.93469000,1770976799999,39624678.92227550,194904,320.03225000,21392492.56474030,0
2026-02-13 10:00:00,66959.72,67116.0,66800.0,66977.66,516.91289000,1770980399999,34605858.62034060,254549,308.38634000,20645659.80497390,0
2026-02-13 11:00:00,66977.66,67226.66,66783.38,67171.42,488.71065000,1770983999999,32733185.49679940,207167,291.83111000,19550116.06790290,0
2026-02-13 12:00:00,67171.41,67212.28,66918.38,67084.0,405.35988000,1770987599999,27185944.96188180,206570,197.83217000,13265909.28344600,0
2026-02-13 13:00:00,67084.01,67615.34,66938.0,67274.15,1624.06539000,1770991199999,109272120.80451980,452466,806.23388000,54256629.60737020,0
2026-02-13 14:00:00,67274.14,68028.45,66867.47,67733.51,1724.03844000,1770994799999,116413553.29886700,668933,852.25537000,57548365.51165810,0
2026-02-13 15:00:00,67733.51,69309.8,67692.0,68692.12,3133.08720000,1770998399999,214789893.14919330,942964,1705.22850000,116880589.06985420,0
2026-02-13 16:00:00,68692.12,69482.97,68540.83,68954.69,1775.68698000,1771001999999,122614194.08116790,536494,1001.36964000,69148420.19412740,0
2026-02-13 17:00:00,68954.69,69250.25,68636.36,69047.99,921.29676000,1771005599999,63587961.19839540,364138,497.98073000,34380103.61529460,0
2026-02-13 18:00:00,69048.0,69411.44,68903.27,69129.99,1063.59333000,1771009199999,73547470.57105410,300368,677.14938000,46829494.98139570,0
2026-02-13 19:00:00,69129.99,69236.33,68918.79,68938.91,560.04540000,1771012799999,38687457.43813170,173173,269.65140000,18629460.10129850,0
2026-02-13 20:00:00,68938.91,68973.35,68683.32,68777.12,555.32850000,1771016399999,38226877.90727560,198907,272.77520000,18778216.95537650,0
2026-02-13 21:00:00,68777.13,69079.4,68731.75,68902.48,463.41950000,1771019999999,31936330.90100450,100504,240.21536000,16555380.75076980,0
2026-02-13 22:00:00,68902.48,69000.0,68726.4,68995.28,544.04056000,1771023599999,37474666.36193810,110804,209.86689000,14456773.69279030,0
2026-02-13 23:00:00,68995.29,69000.0,68829.2,68853.96,261.19072000,1771027199999,17999554.72782800,72108,127.79281000,8806671.67231260,0
2026-02-14 00:00:00,68853.97,69137.5,68768.56,69090.24,447.10398000,1771030799999,30832544.52103880,100209,268.56398000,18523373.19265090,0
2026-02-14 01:00:00,69090.25,69108.8,68921.54,68964.51,344.69001000,1771034399999,23789457.79916970,96413,138.95784000,9590444.03173720,0
2026-02-14 02:00:00,68964.51,69006.34,68845.6,68884.21,261.74234000,1771037999999,18041396.97999850,88460,140.51701000,9685073.12696350,0
2026-02-14 03:00:00,68884.21,69027.14,68852.0,68981.99,238.39370000,1771041599999,16429572.09808970,75207,142.64239000,9830079.86272350,0
2026-02-14 04:00:00,68982.0,68995.11,68789.59,68790.0,489.78591000,1771045199999,33734130.42084780,55548,268.74209000,18509826.25456900,0
2026-02-14 05:00:00,68790.01,68910.0,68760.0,68773.42,308.26030000,1771048799999,21219379.59367800,73496,164.89664000,11350577.93139940,0
2026-02-14 06:00:00,68773.41,68936.98,68730.13,68936.98,470.43757000,1771052399999,32391746.91249920,84944,293.32009000,20195791.00970510,0
2026-02-14 07:00:00,68936.98,69343.0,68884.56,69219.26,919.89001000,1771055999999,63569260.44557790,120319,526.18175000,36366576.86915250,0
2026-02-14 08:00:00,69219.27,69870.99,69218.71,69746.2,1347.80343000,1771059599999,93841971.28139880,287463,788.91650000,54919452.05657010,0
2026-02-14 09:00:00,69746.2,69900.0,69566.78,69714.93,555.36385000,1771063199999,38730985.48361510,138781,338.22699000,23591277.69319030,0
2026-02-14 10:00:00,69714.94,69714.94,69585.15,69671.86,257.25533000,1771066799999,17913813.32960650,75721,111.99320000,7798521.10468760,0
2026-02-14 11:00:00,69671.86,70560.01,69671.86,70505.74,1370.55448000,1771070399999,96212969.13486940,334830,818.30483000,57444966.46295340,0
2026-02-14 12:00:00,70505.74,70533.67,69600.0,69640.2,1278.19574000,1771073999999,89591858.73159060,319629,439.51073000,30811463.43702410,0
2026-02-14 13:00:00,69640.2,69771.91,69064.6,69460.0,3393.75970000,1771077599999,235577316.51193210,379155,863.38592000,59954763.71386660,0
2026-02-14 14:00:00,69460.0,69856.7,69208.09,69701.66,1680.01260000,1771081199999,116698927.28749810,236657,492.98915000,34273567.03361190,0
2026-02-14 15:00:00,69701.66,70048.39,69560.0,69778.28,751.65320000,1771084799999,52472907.27788220,209732,340.57963000,23782852.54033970,0
2026-02-14 16:00:00,69778.28,69815.0,69283.02,69755.1,1006.67903000,1771088399999,70041719.47615260,269260,308.99116000,21497238.60019690,0
2026-02-14 17:00:00,69755.1,69930.9,69609.0,69739.38,685.87401000,1771091999999,47858849.33202980,199633,213.55655000,14901526.68326200,0
2026-02-14 18:00:00,69739.38,69856.7,69672.55,69772.31,270.42048000,1771095599999,18867001.53215330,96140,134.16412000,9360334.14115980,0
2026-02-14 19:00:00,69772.3,69920.6,69619.52,69873.99,332.30706000,1771099199999,23200815.83081390,129138,199.58392000,13934008.86212350,0
2026-02-14 20:00:00,69873.99,70028.59,69732.75,70023.09,434.13483000,1771102799999,30348597.05895800,103572,302.79621000,21168002.56956730,0
2026-02-14 21:00:00,70023.1,70250.46,69668.05,69935.86,640.89584000,1771106399999,44887673.14572030,138657,287.51326000,20139082.96746970,0
2026-02-14 22:00:00,69935.86,70100.0,69781.0,69959.75,292.90739000,1771109999999,20491652.44590060,98626,149.32309000,10446503.63758420,0
2026-02-14 23:00:00,69959.74,70020.0,69723.18,69822.95,336.66314000,1771113599999,23514767.72900550,91573,124.27718000,8680769.48243300,0
2026-02-15 00:00:00,69822.94,69864.74,69600.0,69777.07,292.27775000,1771117199999,20375685.45980200,113009,112.73407000,7859149.34776180,0
2026-02-15 01:00:00,69777.06,69902.7,69350.0,69717.65,400.20039000,1771120799999,27859273.32901350,122744,171.77474000,11957816.84347570,0
2026-02-15 02:00:00,69717.65,69753.9,69341.27,69480.01,375.21945000,1771124399999,26085178.06286700,108988,148.15530000,10298018.50810370,0
2026-02-15 03:00:00,69480.0,69990.02,69251.5,69954.5,697.24370000,1771127999999,48534910.11964130,194822,366.59436000,25530758.17833540,0
2026-02-15 04:00:00,69954.5,70518.57,69459.35,70183.99,2275.16813000,1771131599999,159529154.27073490,270353,827.25539000,58079383.39421000,0
2026-02-15 05:00:00,70184.0,70472.43,70132.54,70267.61,540.45783000,1771135199999,38009718.49102700,124166,303.64880000,21355467.80127360,0
2026-02-15 06:00:00,70267.6,70540.99,70184.09,70405.12,505.71551000,1771138799999,35590926.92961220,113908,281.15082000,19790972.94836360,0
2026-02-15 07:00:00,70405.12,70926.42,70307.11,70828.42,1425.80275000,1771142399999,100818700.42052000,291940,913.80120000,64616278.87022620,0
2026-02-15 08:00:00,70828.43,70983.0,70182.31,70446.52,898.37828000,1771145999999,63427044.00268400,265646,519.49674000,36687132.09919560,0
2026-02-15 09:00:00,70446.52,70668.0,70370.3,70419.11,334.99126000,1771149599999,23626782.68191290,146335,172.22452000,12149020.90289080,0
2026-02-15 10:00:00,70419.12,70523.94,70208.16,70427.02,382.24903000,1771153199999,26896459.04148960,149283,178.68224000,12572428.89159490,0
2026-02-15 11:00:00,70427.02,70543.14,70267.6,70295.22,457.63561000,1771156799999,32196739.09531580,113356,102.36833000,7203390.08769770,0
2026-02-15 12:00:00,70295.22,70418.48,69309.87,69314.21,1027.34588000,1771160399999,71858774.67826870,279392,331.67351000,23189420.39761970,0
2026-02-15 13:00:00,69314.22,69620.06,68772.2,68930.0,1749.29694000,1771163999999,121033375.98629230,411616,582.65222000,40318433.63892650,0
2026-02-15 14:00:00,68930.0,69219.71,68845.72,69170.51,629.32577000,1771167599999,43453116.74171660,216795,264.84222000,18286125.07534740,0
2026-02-15 15:00:00,69170.51,69255.6,68888.0,69099.99,446.59665000,1771171199999,30843191.12052640,178676,251.99650000,17403096.39015820,0
2026-02-15 16:00:00,69100.0,69100.0,68658.0,69017.75,1442.09011000,1771174799999,99361312.73517330,172962,419.37001000,28908508.66540690,0
2026-02-15 17:00:00,69017.76,69085.22,68203.6,68641.21,1194.71218000,1771178399999,81977689.76534470,246222,407.61798000,27965736.49199160,0
2026-02-15 18:00:00,68641.21,68800.0,68274.31,68451.44,2695.36643000,1771181999999,184610012.46978220,289477,762.31269000,52241490.42564960,0
2026-02-15 19:00:00,68451.45,68560.84,68000.0,68286.63,2807.35363000,1771185599999,191406342.87883130,287968,878.11271000,59906270.24914140,0
2026-02-15 20:00:00,68286.64,68560.22,68120.0,68450.0,399.94279000,1771189199999,27348409.74494980,114691,207.25217000,14173543.48500220,0
2026-02-15 21:00:00,68450.0,68950.16,68450.0,68852.01,407.55960000,1771192799999,28025359.50984780,117563,242.95638000,16706942.95483450,0
2026-02-15 22:00:00,68852.01,69078.49,68801.06,68999.96,384.07496000,1771196399999,26485471.74403310,101944,190.68455000,13149329.84081300,0
2026-02-15 23:00:00,68999.96,68999.96,68319.64,68832.58,521.04745000,1771199999999,35740942.85742810,166777,224.23517000,15384383.63287960,0
2026-02-16 00:00:00,68832.59,69065.5,68700.0,68845.81,349.86984000,1771203599999,24099016.10636510,152975,191.04234000,13159468.47573110,0
2026-02-16 01:00:00,68845.81,69041.97,68454.54,68630.81,270.08273000,1771207199999,18563135.32517690,134938,112.70345000,7747962.26023540,0
2026-02-16 02:00:00,68630.81,68734.0,68243.68,68320.48,683.73400000,1771210799999,46809184.49386760,183640,207.46912000,14201582.34579460,0
2026-02-16 03:00:00,68320.49,68463.96,68143.22,68424.82,453.41167000,1771214399999,30966321.15751350,125124,184.19929000,12583164.91592810,0
2026-02-16 04:00:00,68424.82,68894.52,68417.17,68870.07,465.20741000,1771217999999,31967077.75218850,96129,260.05163000,17871786.51353040,0
2026-02-16 05:00:00,68870.07,68900.0,68293.28,68385.29,353.88428000,1771221599999,24241319.39028560,119780,150.46105000,10304184.46518640,0
2026-02-16 06:00:00,68385.29,68527.8,68228.76,68450.8,240.56615000,1771225199999,16454218.16259680,91793,133.71468000,9145941.37698300,0
2026-02-16 07:00:00,68450.8,68672.59,68380.0,68587.9,362.20306000,1771228799999,24826036.01781630,105665,208.29765000,14276562.60221760,0
2026-02-16 08:00:00,68587.89,68798.7,68542.63,68762.85,301.81895000,1771232399999,20734468.27099220,74059,184.47707000,12672633.64608770,0
2026-02-16 09:00:00,68762.86,69060.77,68748.02,68992.71,453.08481000,1771235999999,31234383.69534200,118343,271.52581000,18716923.77018640,0
2026-02-16 10:00:00,68992.7,68992.71,68690.85,68798.22,358.68374000,1771239599999,24693641.82215350,108798,171.99257000,11841516.84557180,0
2026-02-16 11:00:00,68798.21,68918.22,68338.9,68812.83,495.50759000,1771243199999,34009382.68131480,191379,274.47589000,18843687.17644050,0
2026-02-16 12:00:00,68812.84,69848.48,68807.54,69763.24,1602.28029000,1771246799999,111155436.34299020,462924,1023.24745000,70991948.43034480,0
2026-02-16 13:00:00,69763.24,70126.67,68225.0,68395.1,1720.62066000,1771250399999,118672439.21426350,610800,845.76867000,58337748.81893040,0
2026-02-16 14:00:00,68395.11,68718.3,68260.39,68427.64,1092.60040000,1771253999999,74818398.64956740,430913,674.35510000,46186630.56190690,0
2026-02-16 15:00:00,68427.64,68607.22,67294.11,67539.52,2148.07022000,1771257599999,145618154.70857530,645257,1010.59149000,68617066.46258390,0
2026-02-16 16:00:00,67539.53,67974.86,67513.94,67888.7,895.58119000,1771261199999,60673534.12058990,369266,419.33683000,28408977.94597430,0
2026-02-16 17:00:00,67888.7,68074.12,67600.93,67951.86,501.76328000,1771264799999,34055626.98724890,226202,262.01422000,17787173.27884860,0
2026-02-16 18:00:00,67951.85,68245.34,67830.82,67860.13,606.24788000,1771268399999,41253708.74898830,177502,331.78737000,22594019.66154570,0
2026-02-16 19:00:00,67860.13,68130.0,67824.91,67913.43,262.97624000,1771271999999,17876995.51700080,118053,156.25447000,10622167.95073800,0
2026-02-16 20:00:00,67913.44,68549.14,67827.11,68530.0,457.58536000,1771275599999,31196314.68873130,161220,274.46055000,18712924.60129890,0
2026-02-16 21:00:00,68530.0,68933.85,68427.18,68862.88,534.27425000,1771279199999,36641162.88238050,204619,318.38063000,21833144.86701660,0
2026-02-16 22:00:00,68862.89,68890.0,68509.07,68591.02,556.75779000,1771282799999,38245307.32296470,179942,278.39690000,19120691.89507210,0
2026-02-16 23:00:00,68591.01,68978.88,68538.57,68892.43,348.95355000,1771286399999,23992654.19468350,144528,208.42717000,14331282.89933860,0
2026-02-17 00:00:00,68892.43,69042.74,68704.36,68878.27,476.69143000,1771289999999,32831859.48986310,185296,278.63862000,19191583.78303940,0
2026-02-17 01:00:00,68878.27,68996.67,68563.16,68618.11,499.89142000,1771293599999,34393735.60270930,174433,191.62200000,13191480.86773440,0
2026-02-17 02:00:00,68618.12,69241.5,68387.2,68838.48,625.65656000,1771297199999,43119060.80064690,239182,309.99904000,21372072.08323830,0
2026-02-17 03:00:00,68838.48,68860.68,68470.0,68474.9,367.85689000,1771300799999,25248756.14436890,150703,165.27842000,11341274.97050470,0
2026-02-17 04:00:00,68474.9,68707.49,68288.0,68481.67,329.69022000,1771304399999,22578481.18469100,126729,166.12730000,11377399.86094020,0
2026-02-17 05:00:00,68481.68,68510.76,67892.0,68245.71,633.07748000,1771307999999,43155493.04674900,224711,243.75404000,16613520.12278030,0
2026-02-17 06:00:00,68245.71,68519.99,68242.49,68400.0,230.38739000,1771311599999,15754930.53543710,110514,112.72436000,7707877.20131260,0
2026-02-17 07:00:00,68400.01,68480.0,68165.02,68388.12,314.74756000,1771315199999,21514447.69703740,148765,135.24788000,9245885.62751680,0
2026-02-17 08:00:00,68388.12,68479.17,68130.78,68177.53,285.96667000,1771318799999,19526819.97050750,120964,131.32692000,8968190.60297540,0
2026-02-17 09:00:00,68177.53,68308.37,67992.03,68126.28,404.18575000,1771322399999,27528890.14769980,143569,218.28502000,14868843.58436640,0
2026-02-17 10:00:00,68126.29,68194.46,67704.96,67845.3,504.39951000,1771325999999,34246041.05735400,204591,211.78437000,14378605.12617690,0
2026-02-17 11:00:00,67845.3,67935.73,67690.0,67854.6,507.67784000,1771329599999,34437507.95435220,152220,212.62467000,14422381.21609210,0
2026-02-17 12:00:00,67854.6,68299.4,67827.52,67919.49,607.94036000,1771333199999,41383339.50540400,184535,287.68136000,19583946.74067580,0
2026-02-17 13:00:00,67919.49,68360.5,67734.36,68136.34,716.87733000,1771336799999,48813768.38147980,269245,403.59257000,27486630.90554750,0
2026-02-17 14:00:00,68136.35,68337.6,66734.3,66875.06,2328.63639000,1771340399999,157061435.46766300,656494,887.05297000,59786245.81711400,0
2026-02-17 15:00:00,66875.06,67409.99,66621.06,67392.05,2309.04130000,1771343999999,154669522.90976390,771142,940.83817000,63033344.70072400,0
2026-02-17 16:00:00,67392.06,68158.1,67317.6,67517.36,1448.76651000,1771347599999,98171812.07193120,587663,717.80704000,48651666.98231930,0
2026-02-17 17:00:00,67517.36,67714.28,66881.08,67244.22,1144.38591000,1771351199999,76949907.59182620,403692,494.53644000,33249478.36256890,0
2026-02-17 18:00:00,67244.22,68227.41,67127.86,68098.62,824.93415000,1771354799999,55916646.64181710,358582,468.34635000,31774680.71362810,0
2026-02-17 19:00:00,68098.63,68235.39,67695.45,67793.32,785.88027000,1771358399999,53420813.40076670,260283,434.11912000,29530947.53153970,0
2026-02-17 20:00:00,67793.32,67928.08,67484.16,67753.3,471.88623000,1771361999999,31941730.67247970,221730,201.01181000,13607719.66380290,0
2026-02-17 21:00:00,67753.3,67926.29,67538.0,67680.54,253.25027000,1771365599999,17137159.71140290,110474,118.57698000,8025297.20441270,0
2026-02-17 22:00:00,67680.55,67788.42,67513.42,67527.72,176.97341000,1771369199999,11969671.91523930,78072,92.46528000,6255196.14492050,0
2026-02-17 23:00:00,67527.72,67617.46,67394.0,67503.52,240.26836000,1771372799999,16215819.39362200,111264,115.01034000,7761921.07930940,0
2026-02-18 00:00:00,67503.52,67627.97,67290.3,67302.65,186.99827000,1771376399999,12615533.50749180,109042,74.58903000,5032924.54374780,0
2026-02-18 01:00:00,67302.65,67378.26,66892.03,67165.2,545.68830000,1771379999999,36620759.60616350,175124,268.86622000,18041807.22188960,0
2026-02-18 02:00:00,67165.21,67421.99,67153.36,67335.04,250.64041000,1771383599999,16870373.54609070,114532,129.39207000,8709465.80798530,0
2026-02-18 03:00:00,67335.04,67705.65,67326.98,67629.11,243.56061000,1771387199999,16446761.11760900,96356,123.95935000,8371503.59781810,0
2026-02-18 04:00:00,67629.1,67900.0,67500.1,67823.54,328.68469000,1771390799999,22243476.51942030,91762,191.77327000,12980371.91541800,0
2026-02-18 05:00:00,67823.55,67938.0,67606.45,67654.8,311.88419000,1771394399999,21128145.66257660,104644,152.69595000,10342542.80736750,0
2026-02-18 06:00:00,67654.81,67976.51,67614.91,67850.52,264.75627000,1771397999999,17960360.60230010,92905,166.27796000,11280352.13119130,0
2026-02-18 07:00:00,67850.53,68219.81,67702.7,68106.44,528.49446000,1771401599999,35941990.77379780,122071,325.60690000,22143426.51469860,0
2026-02-18 08:00:00,68106.44,68476.22,68071.58,68132.82,532.69792000,1771405199999,36350615.44629830,171158,288.11029000,19662145.47978070,0
2026-02-18 09:00:00,68132.83,68276.0,68010.11,68157.79,339.37122000,1771408799999,23135663.39895370,105396,148.88630000,10150776.80448210,0
2026-02-18 10:00:00,68157.8,68184.41,67731.95,67801.26,395.11187000,1771412399999,26850923.42988620,110050,151.21233000,10277000.06967820,0
2026-02-18 11:00:00,67801.26,67805.08,67076.9,67369.75,654.97357000,1771415999999,44120793.54857310,216504,359.57958000,24214540.17156090,0
2026-02-18 12:00:00,67369.75,67689.76,67345.0,67458.06,459.50762000,1771419599999,31028771.50222150,157581,205.73689000,13893328.02394450,0
2026-02-18 13:00:00,67458.06,67599.7,67051.81,67236.88,549.44565000,1771423199999,36995316.40172490,156706,288.60377000,19436152.35316590,0
2026-02-18 14:00:00,67236.89,67362.26,66717.3,67223.76,1553.71672000,1771426799999,104276330.10840770,415141,811.57233000,54483778.23560130,0
2026-02-18 15:00:00,67223.77,68347.72,67192.25,67694.01,1767.46696000,1771430399999,119790602.64557880,452220,963.06724000,65254401.04057680,0
2026-02-18 16:00:00,67694.01,67706.94,66994.23,67145.34,1029.31402000,1771433999999,69182274.95225760,347519,529.17055000,35564992.70510640,0
2026-02-18 17:00:00,67145.35,67486.97,67057.13,67187.39,676.97648000,1771437599999,45471383.81741140,221841,422.82147000,28397976.75866090,0
2026-02-18 18:00:00,67187.4,67229.76,66200.0,66359.99,1304.49131000,1771441199999,86893863.67237970,337519,557.94187000,37162376.69680970,0
2026-02-18 19:00:00,66360.0,66619.0,65870.0,66177.14,1301.14212000,1771444799999,86145711.79097130,399451,560.08076000,37104362.75461330,0
2026-02-18 20:00:00,66177.15,66550.0,66141.9,66268.39,682.91387000,1771448399999,45289999.46128530,227539,350.55167000,23249010.83841710,0
2026-02-18 21:00:00,66268.4,66504.2,66053.6,66342.76,909.37392000,1771451999999,60316585.37182230,143428,430.46357000,28548205.17332410,0
2026-02-18 22:00:00,66342.76,66477.7,66232.02,66408.82,352.09134000,1771455599999,23364113.14231730,85916,208.20588000,13814890.70387340,0
2026-02-18 23:00:00,66408.83,66502.49,66275.71,66461.0,323.13660000,1771459199999,21453174.62658470,94592,185.89182000,12341845.78885340,0
2026-02-19 00:00:00,66461.0,66597.03,66345.0,66446.49,297.42224000,1771462799999,19768270.25708950,96766,170.61261000,11339932.90639410,0
2026-02-19 01:00:00,66446.49,66884.16,66446.48,66866.62,415.14671000,1771466399999,27693425.96986780,120546,249.97778000,16673952.88040100,0
2026-02-19 02:00:00,66866.63,66958.9,66639.99,66835.2,362.58869000,1771469999999,24221979.07638450,109716,178.55376000,11927292.02821240,0
2026-02-19 03:00:00,66835.2,66997.07,66727.27,66980.91,262.07528000,1771473599999,17531802.12138180,84192,130.37981000,8722666.10184020,0
2026-02-19 04:00:00,66980.91,67070.56,66759.0,66802.75,389.01702000,1771477199999,26030073.58665990,96372,210.35619000,14076278.48596380,0
2026-02-19 05:00:00,66802.74,66893.06,66679.76,66871.35,253.79395000,1771480799999,16948445.68700050,107077,108.91988000,7274275.84987800,0
2026-02-19 06:00:00,66871.34,67290.4,66865.43,67150.12,468.59633000,1771484399999,31435110.68066590,121623,216.50408000,14528145.52030520,0
2026-02-19 07:00:00,67150.12,67320.0,67028.7,67206.45,481.75258000,1771487999999,32368777.84698350,115478,257.44479000,17297228.38806470,0
2026-02-19 08:00:00,67206.45,67206.45,66785.56,66966.12,559.76369000,1771491599999,37500641.90846650,153588,214.64724000,14374468.96229490,0
2026-02-19 09:00:00,66966.12,67191.83,66754.23,66836.0,463.29328000,1771495199999,31026826.67420940,150421,197.28653000,13215112.70861510,0
2026-02-19 10:00:00,66836.01,66958.4,66741.77,66843.08,368.25421000,1771498799999,24621292.14448800,138468,178.41529000,11928186.71502000,0
2026-02-19 11:00:00,66843.08,66936.42,66478.02,66496.02,488.02461000,1771502399999,32553190.91421740,123820,174.07619000,11611255.91882420,0
2026-02-19 12:00:00,66496.03,66680.7,66325.34,66516.67,484.41025000,1771505999999,32229441.34763830,158343,264.96152000,17630606.68959980,0
2026-02-19 13:00:00,66516.67,66556.59,65763.0,65913.37,1377.50527000,1771509599999,91076471.96924390,344861,621.78212000,41110616.23139040,0
2026-02-19 14:00:00,65913.38,66662.3,65631.83,66421.2,1506.37269000,1771513199999,99640891.25509580,539424,759.20707000,50219788.88465360,0
2026-02-19 15:00:00,66421.2,66755.39,65966.0,66398.0,1083.30553000,1771516799999,71830366.68700010,466811,576.39327000,38219092.82872840,0
2026-02-19 16:00:00,66398.01,66514.95,65899.25,66293.53,940.96239000,1771520399999,62339504.69863200,348109,470.05324000,31136451.72578040,0
2026-02-19 17:00:00,66293.53,67049.99,66173.15,66369.42,899.04062000,1771523999999,59887417.11610860,322744,461.23271000,30735147.80878940,0
2026-02-19 18:00:00,66369.42,67073.13,66228.49,67030.49,865.51701000,1771527599999,57796080.42086110,305128,474.60913000,31691243.18508450,0
2026-02-19 19:00:00,67030.5,67198.1,66700.0,67050.0,706.47789000,1771531199999,47303560.65352520,253657,350.37677000,23463503.33372050,0
2026-02-19 20:00:00,67050.0,67166.98,66823.03,67149.11,444.88336000,1771534799999,29818017.13405490,176491,218.71227000,14661396.62258230,0
2026-02-19 21:00:00,67149.11,67168.86,66900.92,66916.51,265.40447000,1771538399999,17788961.51508160,100053,136.89365000,9175588.42158560,0
2026-02-19 22:00:00,66916.51,67000.0,66652.34,66915.14,854.02212000,1771541999999,57062680.98577940,135345,330.68106000,22094084.46531940,0
2026-02-19 23:00:00,66915.15,67023.61,66814.76,67003.73,304.63969000,1771545599999,20390342.13171700,110318,154.63045000,10349906.40905920,0
2026-02-20 00:00:00,67003.73,67486.62,66949.41,67228.91,595.00262000,1771549199999,40022489.53931020,178821,348.23317000,23424979.47052770,0
2026-02-20 01:00:00,67228.91,67355.79,67150.0,67279.9,313.31598000,1771552799999,21074433.23640370,112851,155.36229000,10450299.28758190,0
2026-02-20 02:00:00,67279.91,67347.76,67181.28,67242.03,232.09759000,1771556399999,15614839.09183620,74836,99.60613000,6701152.09787800,0
2026-02-20 03:00:00,67242.03,67488.67,67241.24,67366.25,332.50492000,1771559999999,22398832.09585010,93214,162.84419000,10970597.45361440,0
2026-02-20 04:00:00,67366.25,67402.23,67115.38,67264.83,362.39174000,1771563599999,24377152.54947920,103295,152.50473000,10258435.39826520,0
2026-02-20 05:00:00,67264.83,68006.0,67203.19,67790.1,1107.38598000,1771567199999,75000976.34910050,167412,669.31185000,45339891.23995620,0
2026-02-20 06:00:00,67790.11,67894.2,67660.12,67847.47,482.66553000,1771570799999,32722188.01452180,116908,197.64457000,13402045.43924230,0
2026-02-20 07:00:00,67847.47,67990.0,67767.4,67825.91,459.03505000,1771574399999,31160035.91622840,101693,243.62231000,16537846.39461260,0
2026-02-20 08:00:00,67825.91,67950.85,67747.33,67879.99,290.00035000,1771577999999,19674383.39652160,78412,139.63955000,9473558.67556410,0
2026-02-20 09:00:00,67879.99,68230.01,67879.99,68218.85,996.78790000,1771581599999,67923220.91475720,158380,601.71985000,40993299.14373440,0
2026-02-20 10:00:00,68218.85,68318.39,67843.42,67948.99,638.74258000,1771585199999,43509991.67467880,139500,243.19302000,16572343.70586810,0
2026-02-20 11:00:00,67948.99,67983.91,67280.6,67318.41,1489.10389000,1771588799999,100771194.42436720,165055,485.85945000,32888267.87599260,0
2026-02-20 12:00:00,67318.41,67594.0,67276.41,67541.77,603.15784000,1771592399999,40673530.41729870,126474,277.43862000,18712645.42158560,0
2026-02-20 13:00:00,67541.78,67541.78,66280.2,66801.62,7078.59491000,1771595999999,472253687.94684130,454409,2119.20607000,141479095.36803970,0
2026-02-20 14:00:00,66801.62,67317.5,66532.87,67069.65,5263.48808000,1771599599999,351827433.35750170,410056,1855.50254000,124130978.58926920,0
2026-02-20 15:00:00,67069.65,68083.98,66536.64,67582.95,3143.21056000,1771603199999,211814571.12954580,714853,1772.53337000,119461196.66875300,0
2026-02-20 16:00:00,67582.95,67921.7,67283.24,67795.47,1312.90303000,1771606799999,88816721.15894680,375856,707.32696000,47859565.23603730,0
2026-02-20 17:00:00,67795.48,67795.48,66952.11,67613.37,6085.15550000,1771610399999,408873497.94265410,484654,1945.93461000,130843274.94927690,0
2026-02-20 18:00:00,67613.38,68000.0,67466.11,67924.21,1321.63260000,1771613999999,89503419.24406700,343806,786.75870000,53289293.13840730,0
2026-02-20 19:00:00,67924.22,68000.0,67548.85,67646.03,854.45567000,1771617599999,57862470.81734430,191461,482.35593000,32662599.78102340,0
2026-02-20 20:00:00,67646.03,67885.55,67520.3,67750.4,685.93834000,1771621199999,46455639.68912560,145535,468.20153000,31713251.73242310,0
2026-02-20 21:00:00,67750.4,67840.0,67639.29,67825.87,451.92527000,1771624799999,30617763.59399870,85988,292.40619000,19810205.90447790,0
2026-02-20 22:00:00,67825.87,68116.6,67639.31,68078.13,669.63597000,1771628399999,45477160.74862100,126846,420.74064000,28579230.43295880,0
2026-02-20 23:00:00,68078.13,68233.99,67914.0,68020.01,582.73901000,1771631999999,39653517.31884740,94597,373.51407000,25415989.74015160,0
2026-02-21 00:00:00,68020.0,68051.16,67787.19,67841.0,537.54494000,1771635599999,36503123.11423530,75978,269.29884000,18290386.20045250,0
2026-02-21 01:00:00,67841.0,68005.99,67841.0,67951.24,250.62697000,1771639199999,17018896.09810250,49808,169.25187000,11492524.52171900,0
2026-02-21 02:00:00,67951.25,68099.54,67913.3,68001.05,224.56497000,1771642799999,15273167.62121780,46942,135.36924000,9205980.72001450,0
2026-02-21 03:00:00,68001.04,68001.04,67534.69,67667.77,569.35853000,1771646399999,38568911.29549510,89390,239.29104000,16208369.68818930,0
2026-02-21 04:00:00,67667.77,67846.88,67593.99,67816.97,228.62441000,1771649999999,15476797.75690850,54930,137.21523000,9289570.39933410,0
2026-02-21 05:00:00,67816.98,67888.4,67799.7,67851.93,141.24714000,1771653599999,9583260.47227140,38996,74.53693000,5057273.68021610,0
2026-02-21 06:00:00,67851.93,67924.39,67750.96,67793.38,228.15051000,1771657199999,15479586.45015970,43150,106.83180000,7248873.04061170,0
2026-02-21 07:00:00,67793.39,67884.74,67749.59,67856.01,118.21011000,1771660799999,8019341.99676080,29901,47.02708000,3190233.09476280,0
2026-02-21 08:00:00,67856.01,68079.41,67807.3,68055.03,293.16321000,1771664399999,19924434.13795800,49379,144.55210000,9825653.82054950,0
2026-02-21 09:00:00,68055.04,68314.54,67978.9,68147.53,599.79254000,1771667999999,40896879.38321830,81854,339.41056000,23144986.70586340,0
2026-02-21 10:00:00,68147.54,68250.0,68139.65,68215.54,212.21766000,1771671599999,14472075.09220830,51695,119.84701000,8172946.57464010,0
2026-02-21 11:00:00,68215.55,68283.34,68084.0,68092.45,279.32431000,1771675199999,19046317.11136860,65994,131.67425000,8978584.94966290,0
2026-02-21 12:00:00,68092.45,68218.2,67915.0,68203.42,307.88407000,1771678799999,20948027.61385910,67237,131.56462000,8953230.27070260,0
2026-02-21 13:00:00,68203.42,68260.0,68106.89,68259.99,202.25945000,1771682399999,13792714.48289620,55923,101.58287000,6927879.17386770,0
2026-02-21 14:00:00,68259.99,68644.0,68180.53,68450.01,880.51744000,1771685999999,60288723.15402720,133782,469.31037000,32130760.69134990,0
2026-02-21 15:00:00,68450.01,68698.7,68417.0,68615.0,427.64440000,1771689599999,29312462.74475910,88325,241.61513000,16561413.97287360,0
2026-02-21 16:00:00,68615.01,68630.76,68101.78,68322.6,658.49920000,1771693199999,44974618.79445320,120356,324.16240000,22134659.42307270,0
2026-02-21 17:00:00,68322.61,68474.01,68200.0,68437.45,212.23015000,1771696799999,14503939.33772440,68453,107.66631000,7358350.28122620,0
2026-02-21 18:00:00,68437.45,68644.0,68383.08,68574.0,320.28262000,1771700399999,21949099.10937570,61749,156.57328000,10730308.72226910,0
2026-02-21 19:00:00,68573.99,68658.5,68526.81,68543.51,219.15242000,1771703999999,15032657.71275900,45846,91.05307000,6246088.62341390,0
2026-02-21 20:00:00,68543.51,68605.63,68190.0,68211.19,369.37236000,1771707599999,25272806.58106850,55084,142.90406000,9781683.44590630,0
2026-02-21 21:00:00,68211.19,68390.93,68183.1,68379.95,170.62817000,1771711199999,11653813.84577100,47826,71.16066000,4860545.59839900,0
2026-02-21 22:00:00,68379.95,68437.56,67900.0,67972.0,378.72918000,1771714799999,25804428.16076300,97095,153.64839000,10469269.65602560,0
2026-02-21 23:00:00,67972.0,68124.54,67941.02,67975.93,202.81655000,1771718399999,13795996.77983820,73846,97.91495000,6660119.42215750,0
2026-02-22 00:00:00,67975.93,68060.4,67809.78,67946.0,294.60551000,1771721999999,20008866.22116140,83722,151.69981000,10303781.44536780,0
2026-02-22 01:00:00,67946.0,68171.46,67945.99,68159.31,265.09117000,1771725599999,18046382.70465570,55953,148.99536000,10142053.84262520,0
2026-02-22 02:00:00,68159.32,68222.16,67872.76,67909.68,289.41881000,1771729199999,19691797.42422930,62081,135.74391000,9238394.79323570,0
2026-02-22 03:00:00,67909.67,68062.03,67824.9,68041.43,265.36653000,1771732799999,18026545.01480390,92264,114.08342000,7751762.12957080,0
2026-02-22 04:00:00,68041.42,68086.0,67966.52,67983.5,199.56269000,1771736399999,13573046.77369260,70295,95.63377000,6504495.25673980,0
2026-02-22 05:00:00,67983.5,68011.75,67881.81,67977.52,154.76424000,1771739999999,10512242.09968050,40925,68.67781000,4664537.53584210,0
2026-02-22 06:00:00,67977.52,68178.79,67972.89,68038.13,303.09242000,1771743599999,20636085.82810220,64813,159.88991000,10886519.81239050,0
2026-02-22 07:00:00,68038.14,68095.57,67990.5,68005.3,266.37265000,1771747199999,18121867.39105480,58798,74.08616000,5039979.82008920,0
2026-02-22 08:00:00,68005.3,68019.46,67912.02,67950.1,183.66090000,1771750799999,12483078.77677140,58833,57.59006000,3914364.65233030,0
2026-02-22 09:00:00,67950.11,68101.46,67948.74,68053.32,173.06503000,1771754399999,11773696.25640030,60398,68.78067000,4679124.69181530,0
2026-02-22 10:00:00,68053.33,68153.2,68012.78,68129.56,204.92643000,1771757999999,13953874.72909340,44822,97.76464000,6657559.83939930,0
2026-02-22 11:00:00,68129.57,68245.0,68129.56,68219.97,171.48901000,1771761599999,11696675.69910390,42390,97.08597000,6621413.94793640,0
2026-02-22 12:00:00,68219.97,68232.4,67871.59,67928.22,372.42816000,1771765199999,25323319.84203700,122560,133.86033000,9102353.61678010,0
2026-02-22 13:00:00,67928.23,68040.8,67571.08,67652.38,679.59468000,1771768799999,46035187.88098770,168088,294.76008000,19965760.81196930,0
2026-02-22 14:00:00,67652.38,67682.47,67353.75,67443.89,825.57077000,1771772399999,55736347.15547490,188976,327.91328000,22140869.18292760,0
2026-02-22 15:00:00,67443.89,67813.2,67303.5,67684.14,653.63970000,1771775999999,44164911.32890100,170776,289.27921000,19546425.53015840,0
2026-02-22 16:00:00,67684.15,67718.13,67513.83,67632.76,299.27720000,1771779599999,20231482.93391000,92266,167.63787000,11331425.57848530,0
2026-02-22 17:00:00,67632.76,67635.22,67190.0,67384.49,691.10182000,1771783199999,46546501.63925260,140621,315.39571000,21244769.48191880,0
2026-02-22 18:00:00,67384.48,67461.41,67313.54,67422.62,362.52705000,1771786799999,24429993.54850480,90343,210.98643000,14218152.78384450,0
2026-02-22 19:00:00,67422.63,67488.7,67403.37,67428.32,222.75597000,1771790399999,15024842.13412500,62926,146.17007000,9859022.94820420,0
2026-02-22 20:00:00,67428.32,67491.96,67350.0,67401.74,272.50364000,1771793999999,18372080.58542960,73585,166.34347000,11214901.05736050,0
2026-02-22 21:00:00,67401.74,67643.94,67401.74,67612.66,235.86316000,1771797599999,15926684.13789500,64457,163.71707000,11054416.36771960,0
2026-02-22 22:00:00,67612.66,67751.44,67485.34,67666.16,369.66378000,1771801199999,24995313.88760050,99426,217.34086000,14694897.73673390,0
2026-02-22 23:00:00,67666.16,67730.98,67469.58,67643.4,418.79352000,1771804799999,28302511.58454610,151582,270.85700000,18304110.74749370,0
2026-02-23 00:00:00,67643.39,67684.86,66715.01,66740.47,765.22691000,1771808399999,51413335.58487340,210130,365.47371000,24570719.27730360,0
2026-02-23 01:00:00,66740.47,66740.47,64290.71,64427.65,7324.06208000,1771811999999,477928086.11416280,1305590,3683.80693000,240422243.27954120,0
2026-02-23 02:00:00,64427.64,64916.85,64325.98,64783.56,1843.25690000,1771815599999,119247277.95940020,505007,1018.47651000,65891228.46416270,0
2026-02-23 03:00:00,64783.56,65079.79,64700.0,64934.17,1090.11911000,1771819199999,70727856.96363110,227389,654.57612000,42469530.09410150,0
2026-02-23 04:00:00,64934.18,65040.29,64685.64,64808.31,792.86138000,1771822799999,51413999.43302870,149398,410.19010000,26604499.48009090,0
2026-02-23 05:00:00,64808.31,65294.8,64796.85,65070.9,1215.18940000,1771826399999,79037628.88566670,195387,650.36181000,42317184.70842630,0
2026-02-23 06:00:00,65070.9,65802.09,65033.9,65757.32,1085.08146000,1771829999999,71028640.59018270,233923,576.23924000,37716964.01668150,0
2026-02-23 07:00:00,65757.33,66015.22,65641.55,65958.94,1026.69503000,1771833599999,67606931.36469460,209175,611.05157000,40238560.93652210,0
2026-02-23 08:00:00,65958.94,65958.94,65565.78,65676.44,895.54696000,1771837199999,58860907.25881280,178507,352.45228000,23162415.75382420,0
2026-02-23 09:00:00,65676.44,66456.5,65672.76,66404.91,974.96031000,1771840799999,64432239.72267890,255269,513.34958000,33920673.87289700,0
2026-02-23 10:00:00,66404.92,66600.0,66220.0,66319.69,789.04200000,1771844399999,52379998.02616620,210955,298.30583000,19803012.67426240,0
2026-02-23 11:00:00,66319.69,66487.37,66114.22,66207.23,534.45165000,1771847999999,35415988.56663000,149814,210.04652000,13920257.33224240,0
2026-02-23 12:00:00,66207.23,66511.51,65886.51,66280.4,754.07687000,1771851599999,49921026.78661980,225640,358.19062000,23715612.13112910,0
2026-02-23 13:00:00,66280.4,66430.52,66103.35,66132.66,807.41354000,1771855199999,53490654.08538050,212415,308.18361000,20418866.90767920,0
2026-02-23 14:00:00,66132.65,66264.95,65529.73,65923.53,971.74614000,1771858799999,64092142.76374020,520298,424.68303000,28011164.18272410,0
2026-02-23 15:00:00,65923.52,66250.0,65579.53,65660.1,1263.10354000,1771862399999,83174956.87095900,516710,698.65567000,46010258.54865690,0
2026-02-23 16:00:00,65660.1,65724.28,65178.83,65364.65,1502.46383000,1771865999999,98343162.19013020,520635,752.99963000,49283553.39517860,0
2026-02-23 17:00:00,65364.66,65451.01,64152.04,64813.26,2524.78940000,1771869599999,163403118.87396100,627848,1262.74626000,81680772.25964660,0
2026-02-23 18:00:00,64813.27,65194.51,64586.0,64635.49,994.68933000,1771873199999,64482739.00339940,420741,561.75420000,36425295.73023020,0
2026-02-23 19:00:00,64635.49,64855.18,64048.71,64295.1,2158.00321000,1771876799999,138806257.88633900,419764,716.24097000,46108329.07821170,0
2026-02-23 20:00:00,64295.11,64487.94,63888.79,64473.14,1313.21455000,1771880399999,84224279.29226490,408923,650.35046000,41717684.51207160,0
2026-02-23 21:00:00,64473.14,64783.54,64459.44,64580.66,593.24685000,1771883999999,38323813.65974780,204519,295.17640000,19067357.31445620,0
2026-02-23 22:00:00,64580.66,65035.98,64555.59,64725.56,1451.85665000,1771887599999,94209247.08172060,217700,819.91049000,53203870.23902370,0
2026-02-23 23:00:00,64725.56,64900.63,64538.9,64656.02,404.81213000,1771891199999,26194367.15732610,142958,195.41704000,12648805.86989880,0
2026-02-24 00:00:00,64656.01,65026.75,64656.01,64941.43,437.59997000,1771894799999,28394295.42376130,177061,259.95852000,16866530.89717870,0
2026-02-24 01:00:00,64941.42,64941.42,63433.84,64160.27,2402.75927000,1771898399999,154070890.42487660,718761,1068.01848000,68483245.25954110,0
2026-02-24 02:00:00,64160.26,64500.0,64000.0,64109.81,599.63527000,1771901999999,38496872.29105380,344368,303.33930000,19476990.17972510,0
2026-02-24 03:00:00,64109.8,64109.8,63342.9,63595.51,1312.76931000,1771905599999,83620007.24103430,507336,540.37781000,34422123.67132500,0
2026-02-24 04:00:00,63595.51,63628.52,62868.69,63378.84,2096.91050000,1771909199999,132511806.95368080,495595,871.90293000,55101898.32473780,0
2026-02-24 05:00:00,63378.84,63551.58,62700.8,63104.79,1274.07037000,1771912799999,80342774.08671650,386025,646.83569000,40802314.08240510,0
2026-02-24 06:00:00,63104.79,63322.28,62900.0,63082.79,677.94768000,1771916399999,42806880.10325400,255552,309.65523000,19556887.45331660,0
2026-02-24 07:00:00,63082.79,63367.2,62866.42,63192.96,890.96125000,1771919999999,56269393.70974310,233145,439.47521000,27764484.49112090,0
2026-02-24 08:00:00,63192.79,63444.66,63009.92,63392.15,669.14656000,1771923599999,42333900.70650230,220679,376.79334000,23837920.53451070,0
2026-02-24 09:00:00,63392.15,63411.8,62908.92,63249.99,657.17066000,1771927199999,41505196.00005290,220043,314.10664000,19841305.49989300,0
2026-02-24 10:00:00,63250.0,63369.71,63112.7,63284.5,447.19211000,1771930799999,28277310.29493810,147941,217.51395000,13752979.22988240,0
2026-02-24 11:00:00,63284.51,63317.95,63063.63,63227.1,461.08382000,1771934399999,29133820.98257270,132175,224.89144000,14209279.33238060,0
2026-02-24 12:00:00,63227.11,63343.59,62965.21,62969.05,642.15852000,1771937999999,40546764.26524630,164127,308.61402000,19491152.92778530,0
2026-02-24 13:00:00,62969.04,63100.0,62510.28,62900.0,2362.19948000,1771941599999,148398280.19746000,377096,1295.55202000,81347672.07098410,0
2026-02-24 14:00:00,62900.01,63834.21,62762.03,63453.99,1408.18955000,1771945199999,89000111.52841550,621688,642.66735000,40626640.45759650,0
2026-02-24 15:00:00,63454.0,64031.76,63300.0,63973.97,1127.10688000,1771948799999,71836642.67409740,557584,604.28829000,38514364.63473790,0
2026-02-24 16:00:00,63973.98,64428.9,63689.54,64265.52,1423.20973000,1771952399999,91237664.02306260,532595,774.11090000,49637193.76390930,0
2026-02-24 17:00:00,64265.53,64520.0,64042.8,64219.71,1017.32505000,1771955999999,65365207.35399940,334080,490.83675000,31543803.42021570,0
2026-02-24 18:00:00,64219.7,64500.0,63872.72,64435.06,809.89318000,1771959599999,52049371.99933150,266863,345.95255000,22240345.09884910,0
2026-02-24 19:00:00,64435.05,64743.11,64250.52,64435.03,722.29463000,1771963199999,46575773.50747000,254868,381.13647000,24577765.50069300,0
2026-02-24 20:00:00,64435.03,64591.99,64318.03,64472.9,409.22444000,1771966799999,26378082.80095190,178466,187.41335000,12081811.70001120,0
2026-02-24 21:00:00,64472.9,64472.9,63820.5,64042.66,576.40912000,1771970399999,36937918.64907450,175796,225.42259000,14439840.49505900,0
2026-02-24 22:00:00,64042.66,64227.81,63973.79,64120.95,288.16182000,1771973999999,18478919.96738590,120415,140.42795000,9004428.03644310,0
2026-02-24 23:00:00,64120.96,64248.65,63853.99,64058.15,389.41705000,1771977599999,24944274.53525370,131370,181.31948000,11614454.85539720,0
2026-02-25 00:00:00,64058.15,64319.29,63913.27,64224.3,292.38037000,1771981199999,18748391.78028030,135894,147.19221000,9441168.75982310,0
2026-02-25 01:00:00,64224.29,66300.0,64145.2,65896.75,2840.08056000,1771984799999,186553497.98867530,728922,1575.47713000,103400109.75307490,0
2026-02-25 02:00:00,65896.74,66310.0,65866.66,65884.83,1252.91602000,1771988399999,82788548.19722710,331915,603.01826000,39853948.62956190,0
2026-02-25 03:00:00,65884.84,65955.87,65350.28,65391.73,801.79518000,1771991999999,52599200.70155500,275871,406.04783000,26639948.68244990,0
2026-02-25 04:00:00,65391.74,65650.0,65116.65,65457.99,723.49717000,1771995599999,47351907.24075180,210217,367.59794000,24060841.97414030,0
2026-02-25 05:00:00,65458.0,65511.21,64755.26,64882.76,831.61343000,1771999199999,54116037.46591250,238985,321.02522000,20885429.69215000,0
2026-02-25 06:00:00,64882.77,65124.04,64865.78,64898.22,394.76962000,1772002799999,25657252.38783660,133561,162.39245000,10556063.95405820,0
2026-02-25 07:00:00,64898.22,65193.25,64781.18,65028.3,682.59011000,1772006399999,44377722.87094900,175452,333.64546000,21694377.55870940,0
2026-02-25 08:00:00,65028.3,65586.87,64955.79,65530.49,694.36389000,1772009999999,45336298.80174560,226622,472.55057000,30846035.13431680,0
2026-02-25 09:00:00,65530.48,65692.62,65396.47,65558.71,545.80832000,1772013599999,35769140.79363320,172294,286.20326000,18757604.67623160,0
2026-02-25 10:00:00,65558.71,65648.74,65345.0,65400.87,315.12553000,1772017199999,20626885.53520270,109018,162.15126000,10612545.42316330,0
2026-02-25 11:00:00,65400.87,65485.91,65200.8,65430.04,442.60010000,1772020799999,28925749.73088770,135299,240.18925000,15697450.02048300,0
2026-02-25 12:00:00,65430.04,66240.0,65324.62,66068.94,1316.71816000,1772024399999,86734789.49564070,260808,733.57331000,48301098.64862660,0
2026-02-25 13:00:00,66068.94,66684.1,66025.39,66248.62,1860.04287000,1772027999999,123339028.54242220,286178,1102.46723000,73101311.15535560,0
2026-02-25 14:00:00,66248.63,67009.78,66202.66,66973.2,2180.16784000,1772031599999,145132058.05826350,466302,1369.18678000,91166111.89260920,0
2026-02-25 15:00:00,66973.19,67578.0,66715.13,67412.33,2522.90832000,1772035199999,169507855.15425050,542162,1559.66491000,104802096.53232390,0
2026-02-25 16:00:00,67412.32,68332.0,67404.0,68297.35,2059.42933000,1772038799999,139813571.19486980,401863,1227.83858000,83369478.09054340,0
2026-02-25 17:00:00,68297.35,68879.96,68016.53,68674.2,2463.18666000,1772042399999,168786768.50541160,464579,1262.94653000,86591141.72868110,0
2026-02-25 18:00:00,68674.2,69550.0,68373.33,69328.07,2105.00773000,1772045999999,145526785.87363920,393399,1084.47708000,74962794.22582170,0
2026-02-25 19:00:00,69328.06,69406.93,68764.94,69038.26,1672.83962000,1772049599999,115438135.69770930,277301,696.80553000,48071355.88659630,0
2026-02-25 20:00:00,69038.26,69374.95,68619.22,69148.69,1076.93003000,1772053199999,74300233.00416200,240410,504.65119000,34831864.94163720,0
2026-02-25 21:00:00,69148.69,69988.83,68773.83,68919.72,1562.11950000,1772056799999,108221103.79328650,408272,753.74962000,52246511.99423650,0
2026-02-25 22:00:00,68919.72,69176.0,68055.91,68432.13,1092.88431000,1772060399999,74950598.30320160,233470,512.20726000,35117431.95928400,0
2026-02-25 23:00:00,68432.13,68696.97,67600.0,67988.04,1020.21792000,1772063999999,69488141.72692130,247921,497.86099000,33898255.69439410,0
2026-02-26 00:00:00,67988.04,68539.17,67727.52,68335.99,1134.56842000,1772067599999,77352015.36568920,298508,668.01659000,45535050.59114910,0
2026-02-26 01:00:00,68335.99,68700.0,68210.35,68248.3,619.19035000,1772071199999,42366665.77170370,207502,287.23812000,19658888.66248450,0
2026-02-26 02:00:00,68248.3,68351.0,67779.93,68257.45,833.19410000,1772074799999,56667194.47489120,233657,417.65474000,28403789.20371330,0
2026-02-26 03:00:00,68257.46,68379.59,68044.18,68216.86,408.51743000,1772078399999,27857628.50825000,159656,192.36795000,13118001.81958840,0
2026-02-26 04:00:00,68216.87,68860.0,68179.62,68571.36,587.55874000,1772081999999,40304104.47667030,206550,321.07807000,22022797.31113820,0
2026-02-26 05:00:00,68571.36,68571.37,68127.58,68443.81,486.81983000,1772085599999,33270378.59952280,197086,246.16169000,16823279.30800250,0
2026-02-26 06:00:00,68443.82,68522.0,68042.9,68176.75,618.63359000,1772089199999,42244843.48058460,150849,272.99163000,18645928.79329750,0
2026-02-26 07:00:00,68176.75,68290.18,67817.87,67825.04,840.14406000,1772092799999,57163396.62061980,162726,277.63138000,18898315.69254960,0
2026-02-26 08:00:00,67825.05,68236.0,67792.0,67954.01,761.69108000,1772096399999,51807155.85302040,195255,393.02712000,26735885.27737270,0
2026-02-26 09:00:00,67954.0,68644.59,67933.25,68589.41,1095.31619000,1772099999999,74884093.22308680,178292,658.94281000,45065174.52767370,0
2026-02-26 10:00:00,68589.41,68722.64,68257.64,68301.62,688.66072000,1772103599999,47155991.90193260,162357,340.52233000,23317962.42334160,0
2026-02-26 11:00:00,68301.61,68404.25,67965.46,68051.31,722.94931000,1772107199999,49283812.42166660,149497,300.82291000,20511760.81247130,0
2026-02-26 12:00:00,68051.3,68303.83,68009.88,68171.56,642.07881000,1772110799999,43776075.96031840,177554,350.63628000,23906183.82181890,0
2026-02-26 13:00:00,68171.55,68213.98,67848.69,67905.35,698.96783000,1772114399999,47562785.19089640,212302,336.50851000,22901580.93905470,0
2026-02-26 14:00:00,67905.34,68272.21,67264.22,67697.74,1769.26733000,1772117999999,119875677.68329280,490673,769.44178000,52136404.36527560,0
2026-02-26 15:00:00,67696.89,67743.36,66761.16,67382.0,2095.88140000,1772121599999,140817662.21918170,586764,1033.24850000,69433914.28703230,0
2026-02-26 16:00:00,67382.0,67566.85,66500.0,66643.55,2050.20093000,1772125199999,137149109.80588400,447034,902.12577000,60385336.65461600,0
2026-02-26 17:00:00,66643.56,67044.1,66600.46,66826.8,885.82755000,1772128799999,59211744.48807780,303680,448.45505000,29975941.70858500,0
2026-02-26 18:00:00,66826.8,67373.9,66575.73,67310.53,1058.47196000,1772132399999,70966435.70522360,267395,599.04363000,40187308.81221950,0
2026-02-26 19:00:00,67310.53,67903.12,67285.99,67589.22,1235.95013000,1772135999999,83561525.72362900,233823,629.95126000,42586668.26434020,0
2026-02-26 20:00:00,67589.21,67831.11,67269.42,67414.07,597.88987000,1772139599999,40364486.06257300,145007,255.61993000,17263968.13087370,0
2026-02-26 21:00:00,67414.07,67575.97,67150.14,67463.65,299.84732000,1772143199999,20205025.36934420,110309,153.19526000,10324645.50161260,0
2026-02-26 22:00:00,67463.65,67630.22,67301.75,67572.3,291.63360000,1772146799999,19684545.64714130,63695,142.07290000,9593702.75422880,0
2026-02-26 23:00:00,67572.3,67656.11,67390.65,67485.18,314.51737000,1772150399999,21242311.01136060,85966,175.74626000,11871562.79062730,0
2026-02-27 00:00:00,67485.19,67537.84,67000.0,67226.5,462.91030000,1772153999999,31138039.18382380,161051,168.68501000,11341924.09657240,0
2026-02-27 01:00:00,67226.5,67398.86,66885.0,67352.26,818.15438000,1772157599999,54951585.63132650,221491,411.76727000,27662945.62762720,0
2026-02-27 02:00:00,67352.26,67546.15,67263.56,67266.58,463.09611000,1772161199999,31216056.81577920,155380,246.08841000,16588149.42866440,0
2026-02-27 03:00:00,67266.58,67712.16,67099.71,67600.84,415.67371000,1772164799999,27986842.78751960,122053,229.63541000,15464277.67528630,0
2026-02-27 04:00:00,67600.84,68216.8,67578.67,67747.49,1318.53811000,1772168399999,89492574.24129640,220102,662.93004000,44997868.35632470,0
2026-02-27 05:00:00,67747.49,67924.0,67683.3,67724.99,411.56603000,1772171999999,27904096.69872430,103479,238.67979000,16181696.24506440,0
2026-02-27 06:00:00,67725.0,67823.9,67525.46,67658.14,398.60368000,1772175599999,26971881.76265640,100102,154.17927000,10436217.06871140,0
2026-02-27 07:00:00,67658.14,67774.48,67459.3,67690.6,896.56486000,1772179199999,60619500.39456880,128527,506.89097000,34284562.80208390,0
2026-02-27 08:00:00,67690.6,68079.83,67655.86,67926.24,712.98047000,1772182799999,48423658.11921230,134785,340.57652000,23129987.07661830,0
2026-02-27 09:00:00,67926.25,68149.93,67284.22,67355.73,1377.29020000,1772186399999,93459080.20980350,161150,407.75910000,27655595.65042780,0
2026-02-27 10:00:00,67355.72,67416.78,66574.0,66604.91,1414.83211000,1772189999999,94615802.54043060,200521,560.28646000,37473827.16907550,0
2026-02-27 11:00:00,66604.9,66778.68,65960.01,66126.99,1399.59256000,1772193599999,92832488.59392320,172892,607.87940000,40309538.09829450,0
2026-02-27 12:00:00,66126.99,66217.42,65734.71,65928.01,1855.03329000,1772197199999,122330522.29196980,148952,964.24818000,63592352.46062570,0
2026-02-27 13:00:00,65928.01,66344.9,65649.34,66270.55,1278.55317000,1772200799999,84381366.99394210,173926,646.82095000,42695906.14021710,0
2026-02-27 14:00:00,66270.55,66334.87,65686.64,65887.59,1404.23206000,1772204399999,92690097.84109240,293644,733.61076000,48412822.20683340,0
2026-02-27 15:00:00,65887.59,66311.11,65845.18,66095.4,957.11978000,1772207999999,63243068.11226290,257350,483.46987000,31947647.79789030,0
2026-02-27 16:00:00,66095.4,66121.03,65462.93,65475.21,1135.56487000,1772211599999,74680165.61041400,230480,446.03373000,29336920.97851680,0
2026-02-27 17:00:00,65475.21,65765.06,65113.72,65703.19,1265.39709000,1772215199999,82804750.05166290,238209,701.41209000,45913581.39077770,0
2026-02-27 18:00:00,65703.18,65788.07,65228.33,65314.76,623.00837000,1772218799999,40810449.07201630,151605,309.04405000,20258381.81501380,0
2026-02-27 19:00:00,65314.76,65457.35,65172.6,65392.18,851.95591000,1772222399999,55670464.70396130,117356,449.55886000,29380661.11106060,0
2026-02-27 20:00:00,65392.18,65666.66,65392.18,65594.67,444.86468000,1772225999999,29170190.31225990,110666,220.82377000,14478663.66660550,0
2026-02-27 21:00:00,65594.67,65749.94,65400.0,65527.59,282.65640000,1772229599999,18544264.02149330,80506,136.78752000,8975328.77870780,0
2026-02-27 22:00:00,65527.59,65673.33,64914.46,65637.99,713.53490000,1772233199999,46582991.70859980,104817,294.99813000,19286699.20221380,0
2026-02-27 23:00:00,65638.0,65953.2,65551.67,65872.1,326.86120000,1772236799999,21513885.86323350,67020,185.04361000,12180687.68144870,0
2026-02-28 00:00:00,65872.09,66025.52,65721.13,65942.0,334.42449000,1772240399999,22033745.78002490,67480,168.28229000,11089712.38095460,0
2026-02-28 01:00:00,65942.01,65971.93,65743.71,65770.36,267.81274000,1772243999999,17640879.36607150,71083,152.57004000,10051792.40375070,0
2026-02-28 02:00:00,65770.36,66018.85,65761.94,65961.13,204.09288000,1772247599999,13457284.76514560,56507,112.54049000,7420482.54777210,0
2026-02-28 03:00:00,65961.13,65982.34,65745.39,65797.42,239.41397000,1772251199999,15767725.64733010,63285,97.71246000,6436062.42771300,0
2026-02-28 04:00:00,65797.42,65818.44,65488.0,65663.2,311.53682000,1772254799999,20454833.41431870,79273,107.19896000,7039738.23075530,0
2026-02-28 05:00:00,65663.21,65729.65,65500.0,65591.03,300.20395000,1772258399999,19691152.38274370,69264,102.64567000,6733400.83796700,0
2026-02-28 06:00:00,65591.03,65591.04,63030.0,63216.01,3175.19445000,1772261999999,203699115.89985000,615840,1289.80747000,82713203.08206120,0
2026-02-28 07:00:00,63216.01,64327.22,63038.0,63826.0,2127.97927000,1772265599999,135680221.72360710,416921,1082.02848000,68953873.80752750,0
2026-02-28 08:00:00,63825.99,63877.09,63411.39,63473.28,1118.13838000,1772269199999,71149963.65159050,264171,529.20575000,33679179.55579580,0
2026-02-28 09:00:00,63473.27,64005.35,63372.1,63658.54,737.11739000,1772272799999,46946317.99290250,220795,439.40455000,27997595.41612980,0
2026-02-28 10:00:00,63658.55,64053.93,63452.64,64010.39,1633.42712000,1772276399999,104290889.63534780,197769,878.14376000,56077416.53908250,0
2026-02-28 11:00:00,64010.38,64307.44,63791.25,63844.2,1245.63976000,1772279999999,79810960.20478140,156555,664.42721000,42571700.99377810,0
2026-02-28 12:00:00,63844.2,64082.66,63827.2,64017.19,474.84169000,1772283599999,30383260.39244200,95364,316.81442000,20275237.50988410,0
2026-02-28 13:00:00,64017.18,65216.97,63888.89,65106.44,1748.13055000,1772287199999,112602961.65471460,239934,1029.37855000,66289860.64451050,0
2026-02-28 14:00:00,65106.45,65360.51,64278.5,64435.61,1331.97244000,1772290799999,86384184.19595130,331907,673.00491000,43665522.51414530,0
2026-02-28 15:00:00,64435.62,65020.75,64200.0,64841.18,731.53889000,1772294399999,47296650.10364840,205062,397.03404000,25679345.34624730,0
2026-02-28 16:00:00,64841.17,65206.25,64681.81,65094.3,500.23365000,1772297999999,32507176.32798840,199610,293.70961000,19091198.42573410,0
2026-02-28 17:00:00,65094.29,65555.0,64828.03,65442.62,595.58409000,1772301599999,38777841.01382760,175603,280.29737000,18263588.72787740,0
2026-02-28 18:00:00,65442.61,66157.61,65185.7,65911.84,830.58148000,1772305199999,54542262.56475800,278973,472.47092000,31037923.37366130,0
2026-02-28 19:00:00,65911.83,66666.65,65602.65,66362.01,1072.73124000,1772308799999,71025218.84317860,322392,656.72635000,43494282.08144300,0
2026-02-28 20:00:00,66362.01,67151.68,66190.61,66959.62,840.13263000,1772312399999,56107117.24123690,329810,476.84339000,31844199.42392580,0
2026-02-28 21:00:00,66959.63,67055.56,66368.42,66723.22,934.75984000,1772315999999,62309093.57047640,248442,433.85291000,28933925.13232960,0
2026-02-28 22:00:00,66723.23,67760.0,66608.82,67103.64,1310.09118000,1772319599999,87950234.20357770,395017,675.31952000,45344629.22278130,0
2026-02-28 23:00:00,67103.63,67210.0,66733.73,66973.26,483.13759000,1772323199999,32355317.68605280,167457,201.68890000,13506519.80655490,0
2026-03-01 00:00:00,66973.26,67121.8,66620.5,66791.29,560.35194000,1772326799999,37472155.80901980,185423,304.82012000,20393713.92453800,0
2026-03-01 01:00:00,66791.29,67703.32,66042.72,67339.36,1630.19028000,1772330399999,108995343.83428730,360834,899.21803000,60174380.38049060,0
2026-03-01 02:00:00,67339.36,68199.99,67339.36,67620.65,1861.82270000,1772333999999,126344237.88429430,418773,939.97406000,63793129.93187990,0
2026-03-01 03:00:00,67620.65,67813.33,67400.0,67502.16,637.99716000,1772337599999,43121410.16066240,169341,298.67476000,20191065.06654550,0
2026-03-01 04:00:00,67502.16,67612.14,67079.36,67346.5,631.60541000,1772341199999,42519575.50404460,135372,261.03313000,17570640.62942030,0
2026-03-01 05:00:00,67346.5,67574.65,67200.0,67292.09,437.89406000,1772344799999,29525060.49471550,106422,212.55241000,14331212.10126400,0
2026-03-01 06:00:00,67292.08,67345.8,66749.35,66926.68,1159.96329000,1772348399999,77705015.27895200,151457,474.15445000,31765848.91433010,0
2026-03-01 07:00:00,66926.69,67235.72,66784.58,67141.39,937.93278000,1772351999999,62919705.92906090,118317,491.73358000,32982031.55574830,0
2026-03-01 08:00:00,67141.4,67292.3,66389.33,66560.14,1475.81311000,1772355599999,98529048.33954990,214840,381.01048000,25485843.26016890,0
2026-03-01 09:00:00,66560.14,66771.1,66246.95,66410.08,815.73368000,1772359199999,54247848.65866040,263885,372.03993000,24741013.24460760,0
2026-03-01 10:00:00,66410.09,66731.47,66215.71,66467.06,621.17753000,1772362799999,41300697.71441490,171523,361.13300000,24014426.49826670,0
2026-03-01 11:00:00,66467.07,66661.61,66372.27,66468.03,338.19615000,1772366399999,22491257.94799550,96844,176.37133000,11731300.69313660,0
2026-03-01 12:00:00,66468.04,66550.0,66241.97,66296.48,388.82935000,1772369999999,25829283.03390940,118538,210.85385000,14009629.56136870,0
2026-03-01 13:00:00,66296.48,67360.57,66132.27,66934.79,1311.02111000,1772373599999,87608503.26253500,297279,701.57740000,46919088.20026880,0
2026-03-01 14:00:00,66934.8,67320.19,66752.58,66847.8,911.62631000,1772377199999,61042094.25565650,338803,465.29871000,31173781.37392630,0
2026-03-01 15:00:00,66847.8,67243.69,66828.6,66842.42,1028.55576000,1772380799999,69002328.91139760,222798,606.52153000,40679415.49936120,0
2026-03-01 16:00:00,66842.42,67112.37,65730.28,66135.45,1500.74296000,1772384399999,99766384.50922120,330626,659.11423000,43887446.67509450,0
2026-03-01 17:00:00,66135.45,66219.77,65699.98,65979.61,952.19730000,1772387999999,62838531.05537480,254671,421.71538000,27834795.20324510,0
2026-03-01 18:00:00,65979.61,66657.44,65979.61,66316.83,906.08265000,1772391599999,60132822.65109220,170597,526.66111000,34951018.59191380,0
2026-03-01 19:00:00,66316.84,66345.95,65772.29,65962.17,541.15631000,1772395199999,35736876.96481540,128244,244.35122000,16138690.27815390,0
2026-03-01 20:00:00,65962.16,65962.16,65084.02,65300.0,961.21349000,1772398799999,62863578.45558960,265153,447.74648000,29269497.55860310,0
2026-03-01 21:00:00,65300.01,65756.5,65281.83,65666.2,996.50526000,1772402399999,65304755.18160990,151136,484.75362000,31771829.13117260,0
2026-03-01 22:00:00,65666.19,66491.43,65056.0,65268.71,1763.29476000,1772405999999,115821632.16895290,328553,861.74246000,56632245.48329550,0
2026-03-01 23:00:00,65268.71,66080.0,65125.67,65776.47,831.95524000,1772409599999,54665594.90038810,312584,406.72074000,26719879.09166160,0
2026-03-02 00:00:00,65776.48,66796.44,65761.04,66501.52,990.08260000,1772413199999,65630671.08125270,405499,499.72613000,33145828.98758980,0
2026-03-02 01:00:00,66501.52,67079.0,66358.45,66532.02,886.93071000,1772416799999,59150628.86839820,419193,502.17903000,33504019.06630220,0
2026-03-02 02:00:00,66532.02,66609.94,65890.5,66276.77,554.16265000,1772420399999,36701143.35027190,265409,248.11387000,16430769.82650170,0
2026-03-02 03:00:00,66276.77,67037.22,66101.07,66820.03,509.41240000,1772423999999,33978536.78237610,213840,274.10188000,18282019.85002240,0
2026-03-02 04:00:00,66820.03,66975.74,66633.13,66862.12,750.65203000,1772427599999,50131953.93565880,162748,271.26539000,18118331.82498450,0
2026-03-02 05:00:00,66862.11,66995.64,66547.81,66730.78,887.19458000,1772431199999,59244202.73208430,232259,348.41660000,23268523.60429830,0
2026-03-02 06:00:00,66730.78,66739.45,66062.83,66204.9,677.75967000,1772434799999,44937679.36444270,241606,340.51962000,22567440.97449470,0
2026-03-02 07:00:00,66204.9,66209.46,65542.6,66007.52,1294.85905000,1772438399999,85220358.88756410,281351,645.45005000,42493627.61698380,0
2026-03-02 08:00:00,66007.8,66306.0,65654.54,66282.0,1104.41132000,1772441999999,72841996.80239450,267013,575.44129000,37962290.98928450,0
2026-03-02 09:00:00,66281.99,66720.84,66164.96,66168.62,1786.28426000,1772445599999,118645127.39840430,329541,509.91802000,33870518.26107280,0
2026-03-02 10:00:00,66168.61,66381.74,66079.24,66316.4,436.29038000,1772449199999,28898262.58383750,215364,229.33286000,15189976.76995590,0
2026-03-02 11:00:00,66316.39,66462.4,66003.59,66359.68,1034.77975000,1772452799999,68475239.16181990,239015,323.90079000,21446842.13098300,0
2026-03-02 12:00:00,66359.67,66391.38,65874.92,65963.43,763.09374000,1772456399999,50401600.65345900,218778,201.16637000,13298999.80986840,0
2026-03-02 13:00:00,65963.43,66157.28,65350.0,65440.01,1576.81345000,1772459999999,103639038.06141320,424092,765.14888000,50338098.59826540,0
2026-03-02 14:00:00,65440.01,67220.81,65259.21,67177.06,3015.13713000,1772463599999,199785731.32222630,806093,1723.53377000,114281382.49249260,0
2026-03-02 15:00:00,67177.05,69617.74,66975.29,69130.2,5476.56874000,1772467199999,375756893.66994520,1081007,2975.20288000,203967562.49860170,0
2026-03-02 16:00:00,69130.2,70096.0,68933.69,69428.62,3440.03188000,1772470799999,239243971.93922490,803375,1836.93962000,127808569.92054880,0
2026-03-02 17:00:00,69428.62,69578.0,68793.88,69198.0,1445.44150000,1772474399999,100066445.65577530,398888,731.75075000,50670972.76000980,0
2026-03-02 18:00:00,69198.0,69268.15,68727.83,68877.67,1055.74310000,1772477999999,72890341.39391180,295800,540.30343000,37312268.63522090,0
2026-03-02 19:00:00,68877.67,69049.32,68576.18,68966.53,886.89114000,1772481599999,61051191.18872530,237949,486.40403000,33488726.65779800,0
2026-03-02 20:00:00,68966.52,69505.0,68584.9,69106.58,1028.13825000,1772485199999,71043152.67859690,326162,506.70467000,35002634.03824130,0
2026-03-02 21:00:00,69106.58,69539.77,69000.71,69413.82,441.38382000,1772488799999,30595523.01360720,167971,245.80531000,17035569.96637000,0
2026-03-02 22:00:00,69413.82,69501.62,69136.36,69440.49,1330.59238000,1772492399999,92217914.74601720,173563,337.82947000,23422388.83387960,0
2026-03-02 23:00:00,69440.48,69479.58,68740.0,68830.06,637.72978000,1772495999999,44031236.57451000,191010,216.75898000,14964180.43438040,0
2026-03-03 00:00:00,68830.06,69166.61,68644.38,69092.88,602.91075000,1772499599999,41560858.77639250,189176,364.57996000,25143881.29447560,0
2026-03-03 01:00:00,69092.89,69258.08,68755.0,68760.01,452.46998000,1772503199999,31208530.04191110,195061,243.44462000,16794954.31844680,0
2026-03-03 02:00:00,68760.01,68774.13,68210.71,68512.17,848.26905000,1772506799999,58081343.14079230,253808,311.37653000,21324751.24339650,0
2026-03-03 03:00:00,68512.17,68550.0,68231.47,68377.94,458.44735000,1772510399999,31344011.85342780,156591,178.23653000,12185247.98238790,0
2026-03-03 04:00:00,68377.94,68454.63,68050.11,68123.2,436.46143000,1772513999999,29788970.85710880,154510,132.74586000,9061643.22079570,0
2026-03-03 05:00:00,68123.19,68617.42,67845.84,67947.75,913.85345000,1772517599999,62339389.33431660,235064,417.44453000,28511696.35786420,0
2026-03-03 06:00:00,67947.75,68250.24,67800.0,68106.73,821.19287000,1772521199999,55804431.46928660,196778,422.87924000,28741017.53778640,0
2026-03-03 07:00:00,68106.73,68275.2,67951.24,68172.8,1165.60519000,1772524799999,79432831.28845510,201989,532.89706000,36315112.03717390,0
2026-03-03 08:00:00,68172.79,68311.83,66905.0,67003.3,1883.45220000,1772528399999,127271273.37621920,440334,817.61370000,55221055.50511640,0
2026-03-03 09:00:00,67003.3,67184.71,66340.14,66647.98,1767.88336000,1772531999999,118012670.66957170,512555,868.55802000,58008646.29190500,0
2026-03-03 10:00:00,66647.98,67030.75,66440.46,66860.3,1159.50732000,1772535599999,77269960.43366750,351135,745.91752000,49722148.33737900,0
2026-03-03 11:00:00,66860.3,67166.5,66779.37,67026.61,1271.91624000,1772539199999,85196648.37439400,349395,537.03866000,35969372.23242950,0
2026-03-03 12:00:00,67026.6,67973.2,67025.93,67399.85,1323.51079000,1772542799999,89304575.87986810,423380,662.74841000,44710711.04432320,0
2026-03-03 13:00:00,67399.85,67435.0,66635.3,66931.31,709.75818000,1772546399999,47553695.18004910,352901,286.59870000,19204020.03254980,0
2026-03-03 14:00:00,66931.32,67603.94,66158.0,66568.95,1714.82463000,1772549999999,114651598.14682370,638453,919.83494000,61528511.37429080,0
2026-03-03 15:00:00,66568.95,67834.93,66471.79,67725.81,1695.19520000,1772553599999,113864722.57972280,611336,928.83647000,62399680.69174050,0
2026-03-03 16:00:00,67725.82,68999.0,67473.09,68175.9,2581.91143000,1772557199999,176151461.93393760,707169,1407.03544000,95999626.30015320,0
2026-03-03 17:00:00,68175.89,68400.0,67626.53,68318.66,982.14848000,1772560799999,66796344.16233900,408159,462.43279000,31465479.46742400,0
2026-03-03 18:00:00,68318.66,68914.01,67976.47,68628.49,974.13002000,1772564399999,66742971.66346840,292195,549.56235000,37661369.72919390,0
2026-03-03 19:00:00,68628.5,68888.88,68312.83,68435.0,946.51026000,1772567999999,64977883.36046610,288474,478.02738000,32825803.11764380,0
2026-03-03 20:00:00,68435.0,68591.24,68092.1,68266.0,592.99873000,1772571599999,40519667.50620500,247601,260.54144000,17804851.77809710,0
2026-03-03 21:00:00,68265.99,68265.99,67832.3,68024.62,519.92364000,1772575199999,35360588.29132580,153363,183.20573000,12458716.26915100,0
2026-03-03 22:00:00,68024.63,68524.54,68024.62,68327.2,573.87256000,1772578799999,39200969.45158880,146640,343.75026000,23479061.42105800,0
2026-03-03 23:00:00,68327.2,68860.0,68245.64,68338.0,575.48869000,1772582399999,39413272.17168060,142052,276.31586000,18923658.50991220,0
2026-03-04 00:00:00,68338.01,68413.9,67857.61,68093.19,767.61923000,1772585999999,52334657.78146320,241607,347.08972000,23675065.27122700,0
2026-03-04 01:00:00,68093.2,68909.34,67963.28,68405.0,1294.62328000,1772589599999,88494146.01131760,299771,732.71897000,50097573.17427000,0
2026-03-04 02:00:00,68405.0,68447.72,67984.56,68323.33,798.11328000,1772593199999,54463496.15987140,246304,301.48167000,20572128.56043410,0
2026-03-04 03:00:00,68323.33,68383.63,67400.0,67732.2,954.50771000,1772596799999,64851113.83991630,313532,440.95803000,29977667.20674860,0
2026-03-04 04:00:00,67732.19,67954.89,67467.6,67786.0,1066.38980000,1772600399999,72134832.20051760,213715,610.45321000,41294685.42778670,0
2026-03-04 05:00:00,67786.0,68397.84,67682.64,68206.59,666.28769000,1772603999999,45326723.20431980,188189,382.73122000,26050984.67432750,0
2026-03-04 06:00:00,68206.58,68678.76,68048.63,68508.02,1288.48108000,1772607599999,88097662.47781820,219837,643.39191000,43980380.45782810,0
2026-03-04 07:00:00,68508.02,69668.0,68349.49,69493.13,2067.68212000,1772611199999,142520751.09538010,252721,1298.67419000,89517762.17657170,0
2026-03-04 08:00:00,69493.14,71163.0,69098.91,71011.4,4675.35650000,1772614799999,327290595.33043710,586293,2610.42231000,182914159.00456800,0
2026-03-04 09:00:00,71011.4,71893.0,70724.26,71520.76,4196.19004000,1772618399999,299255732.05062530,687306,1989.52204000,141928098.93169800,0
2026-03-04 10:00:00,71520.76,71878.17,71200.0,71348.92,2079.39146000,1772621999999,148652635.75815400,516894,1199.70120000,85764624.84509490,0
2026-03-04 11:00:00,71348.92,71499.75,70928.25,71111.4,1195.15977000,1772625599999,85049409.47349800,289952,549.96120000,39134539.90838360,0
2026-03-04 12:00:00,71111.4,71364.14,70588.0,71339.71,1486.53558000,1772629199999,105430863.93558930,360115,800.56426000,56804574.38801660,0
2026-03-04 13:00:00,71339.72,71624.99,71214.4,71477.17,1568.26840000,1772632799999,112002437.03207900,346193,988.27996000,70586897.63461140,0
2026-03-04 14:00:00,71477.17,72633.0,71300.1,71621.04,4139.07950000,1772636399999,297533314.85716350,760246,2287.43150000,164480012.44132440,0
2026-03-04 15:00:00,71621.03,73479.75,71580.62,73396.88,4184.35996000,1772639999999,304173676.04231370,781928,2533.58520000,184213279.69039240,0
2026-03-04 16:00:00,73396.87,73500.0,72541.69,73294.84,2627.55973000,1772643599999,192131578.98504520,557554,1346.87541000,98510700.46635900,0
2026-03-04 17:00:00,73294.84,73759.99,72932.8,73218.92,2258.87830000,1772647199999,165541863.37065770,452235,1204.83787000,88311380.36974460,0
2026-03-04 18:00:00,73218.93,73700.0,72912.11,73693.5,1121.53690000,1772650799999,82245968.82129200,251850,564.64648000,41422860.62729480,0
2026-03-04 19:00:00,73693.5,74050.0,73516.0,73611.1,2657.03129000,1772654399999,195999870.62254200,342821,1111.79542000,82036651.35469730,0
2026-03-04 20:00:00,73611.67,73716.0,73001.05,73019.68,904.52712000,1772657999999,66376219.65849690,228306,386.23897000,28350476.24411290,0
2026-03-04 21:00:00,73019.69,73322.93,72878.0,73309.72,836.52696000,1772661599999,61168160.31535450,144802,377.63127000,27616200.90484010,0
2026-03-04 22:00:00,73309.73,73523.31,72638.29,72705.86,894.79856000,1772665199999,65349896.73861320,168561,361.90744000,26422612.92861330,0
2026-03-04 23:00:00,72705.86,72880.88,72313.04,72666.77,1190.17184000,1772668799999,86438841.86999500,167570,570.45298000,41435741.24123300,0
2026-03-05 00:00:00,72666.77,73000.0,72553.65,72760.0,1004.77646000,1772672399999,73139076.42965640,252475,477.20213000,34741115.14955090,0
2026-03-05 01:00:00,72759.99,73306.82,72409.1,72538.72,821.18852000,1772675999999,59799730.31073720,302651,380.23971000,27702926.09304570,0
2026-03-05 02:00:00,72538.72,72916.5,72336.76,72506.19,628.62779000,1772679599999,45648401.51172080,212003,329.13049000,23907058.43188610,0
2026-03-05 03:00:00,72506.18,72750.0,72344.51,72497.89,668.37206000,1772683199999,48476454.46188550,165156,326.24941000,23668780.55629590,0
2026-03-05 04:00:00,72497.89,73081.08,72447.96,72815.7,750.00710000,1772686799999,54565200.13776410,181170,349.52489000,25433737.06363540,0
2026-03-05 05:00:00,72815.7,72912.82,72260.74,72412.15,1085.89796000,1772690399999,78737206.33278870,166406,580.91964000,42111020.13597760,0
2026-03-05 06:00:00,72412.15,72655.23,72037.56,72553.62,1063.10490000,1772693999999,76894766.14472070,245508,489.46050000,35407940.48785070,0
2026-03-05 07:00:00,72553.63,72675.07,71759.95,72055.5,1447.01462000,1772697599999,104466436.70711330,222815,534.37525000,38579668.70683710,0
2026-03-05 08:00:00,72055.5,72370.21,71757.17,72333.7,1421.17898000,1772701199999,102408460.19301900,268245,590.65896000,42550582.51607620,0
2026-03-05 09:00:00,72333.7,72875.85,72298.83,72591.59,1160.78148000,1772704799999,84235303.96054800,316708,551.43029000,40022387.02226120,0
2026-03-05 10:00:00,72591.59,73558.15,72517.06,73388.92,1589.26780000,1772708399999,116226707.12689620,338456,780.16200000,57066702.13351630,0
2026-03-05 11:00:00,73388.91,73449.96,72766.75,72915.79,2091.15218000,1772711999999,152646939.55476750,333260,681.27030000,49726485.17719960,0
2026-03-05 12:00:00,72915.8,73063.38,72666.93,72890.73,729.99152000,1772715599999,53195508.06282040,260162,344.05740000,25076822.05906030,0
2026-03-05 13:00:00,72890.73,72935.3,72189.7,72467.79,1108.98859000,1772719199999,80452507.19868220,292588,548.92499000,39822896.65344990,0
2026-03-05 14:00:00,72467.79,72835.73,71944.18,72609.29,1446.63499000,1772722799999,104709737.43600900,544050,718.67679000,52041775.43305580,0
2026-03-05 15:00:00,72609.3,72770.0,71168.65,71652.77,2321.94313000,1772726399999,166313754.13374510,620422,1038.04967000,74371044.75076960,0
2026-03-05 16:00:00,71652.77,71654.65,70786.06,71305.92,1736.25108000,1772729999999,123506338.35312500,454036,865.20175000,61570923.25924580,0
2026-03-05 17:00:00,71305.92,71572.0,70645.47,70704.41,1223.37093000,1772733599999,86833049.94077250,387762,567.04450000,40249358.35554720,0
2026-03-05 18:00:00,70703.37,71090.32,70656.63,70990.65,720.55573000,1772737199999,51096847.51083840,300099,401.39994000,28464460.43718530,0
2026-03-05 19:00:00,70990.66,71430.78,70870.0,70918.07,626.47744000,1772740799999,44577751.69584170,240026,343.63549000,24458166.74197770,0
2026-03-05 20:00:00,70918.08,71394.45,70840.0,71236.51,496.74041000,1772744399999,35340949.63901380,270840,238.80277000,16986495.61079330,0
2026-03-05 21:00:00,71236.51,71572.3,71023.52,71141.93,546.48691000,1772747999999,39002240.00917750,149094,341.12449000,24354877.64519790,0
2026-03-05 22:00:00,71141.93,71364.45,71074.45,71208.54,834.62565000,1772751599999,59421996.26656630,106955,379.51418000,27019561.75343960,0
2026-03-05 23:00:00,71208.54,71292.44,70777.0,70890.72,1067.07630000,1772755199999,75819327.26962480,78273,442.45913000,31438676.29892200,0
2026-03-06 00:00:00,70891.02,71047.95,70784.0,70988.19,673.46080000,1772758799999,47777274.21275400,135225,363.11000000,25759646.77436000,0
2026-03-06 01:00:00,70988.19,71301.74,70344.03,71257.2,1057.89391000,1772762399999,74940690.90176000,315462,552.16010000,39148526.55576490,0
2026-03-06 02:00:00,71257.2,71419.98,71036.0,71252.43,752.48392000,1772765999999,53626996.77680660,232746,396.98991000,28289484.14335170,0
2026-03-06 03:00:00,71252.43,71305.42,71000.0,71080.38,548.09403000,1772769599999,38985465.43426990,175381,264.35355000,18802778.47669720,0
2026-03-06 04:00:00,71080.37,71120.17,70270.21,70613.61,667.82412000,1772773199999,47178897.43022900,219688,257.06967000,18154318.68006150,0
2026-03-06 05:00:00,70613.61,70658.01,70143.19,70436.19,966.11543000,1772776799999,67995384.86027200,260065,443.92548000,31239489.90738710,0
2026-03-06 06:00:00,70436.18,70853.37,70261.23,70597.23,672.31367000,1772780399999,47417462.21286170,194973,341.42141000,24083644.17505060,0
2026-03-06 07:00:00,70597.23,71192.76,70468.97,71056.44,782.05786000,1772783999999,55439475.40872690,217516,378.46061000,26827473.22187270,0
2026-03-06 08:00:00,71056.44,71067.58,70735.85,70789.49,569.42569000,1772787599999,40385093.15655580,159042,221.76006000,15727801.08233120,0
2026-03-06 09:00:00,70789.49,70808.65,70300.0,70565.56,637.97560000,1772791199999,44991114.04663730,199817,369.79176000,26081729.20641150,0
2026-03-06 10:00:00,70565.56,70800.0,70467.88,70527.93,469.81877000,1772794799999,33173755.56154750,123402,179.74848000,12694818.41993600,0
2026-03-06 11:00:00,70527.93,70643.27,70184.01,70212.95,763.93539000,1772798399999,53803318.36718530,123500,288.42220000,20321490.40770870,0
2026-03-06 12:00:00,70212.94,70224.84,69660.0,69907.0,1907.43626000,1772801999999,133409630.09554970,225434,663.89046000,46429447.34789560,0
2026-03-06 13:00:00,69907.0,70341.76,69208.0,69208.0,2069.72961000,1772805599999,144575620.55662660,296399,949.31888000,66379322.12025580,0
2026-03-06 14:00:00,69213.18,69273.87,68176.47,68409.89,3148.50679000,1772809199999,216588025.47340630,538802,1365.66727000,93909733.50314070,0
2026-03-06 15:00:00,68409.89,69100.0,68306.0,68504.71,1428.68549000,1772812799999,98087187.05062690,354101,713.54830000,49001601.81506620,0
2026-03-06 16:00:00,68504.71,68795.44,68222.0,68446.52,955.00949000,1772816399999,65401024.34882830,315737,487.45751000,33386274.69376460,0
2026-03-06 17:00:00,68446.52,68642.69,67744.78,67955.1,1236.78923000,1772819999999,84255168.50983450,317746,454.06868000,30925465.62750230,0
2026-03-06 18:00:00,67955.1,68476.47,67955.1,68181.2,514.98068000,1772823599999,35167267.14014230,227918,269.37397000,18395591.37954940,0
2026-03-06 19:00:00,68181.2,68485.01,68004.15,68131.79,617.63492000,1772827199999,42154652.79014680,169687,339.03307000,23156675.95072160,0
2026-03-06 20:00:00,68131.79,68285.71,67777.0,68111.03,668.61830000,1772830799999,45480604.62556460,223609,367.54613000,25010704.79599980,0
2026-03-06 21:00:00,68111.03,68333.33,67919.72,68289.1,604.80896000,1772834399999,41187304.42724650,105815,321.53643000,21895238.11286600,0
2026-03-06 22:00:00,68289.11,68440.92,68221.38,68319.89,304.91261000,1772837999999,20834842.76128680,90839,185.47281000,12673657.96049840,0
2026-03-06 23:00:00,68319.9,68371.24,68105.71,68114.02,611.37569000,1772841599999,41744942.72602270,79995,289.96677000,19796843.42401920,0
2026-03-07 00:00:00,68114.02,68394.09,68105.73,68290.45,653.38105000,1772845199999,44564400.77333830,83943,323.34191000,22049964.47200360,0
2026-03-07 01:00:00,68290.46,68369.11,68180.95,68262.01,316.06145000,1772848799999,21570423.16537800,72253,167.11561000,11405340.28914340,0
2026-03-07 02:00:00,68262.01,68367.73,68060.6,68350.04,316.96409000,1772852399999,21617157.81497710,62505,133.70030000,9120517.69613670,0
2026-03-07 03:00:00,68350.05,68551.04,68095.5,68095.5,450.32011000,1772855999999,30749009.84596940,87323,225.59888000,15410124.99277930,0
2026-03-07 04:00:00,68095.5,68147.73,67817.0,68063.43,621.66509000,1772859599999,42274870.82421140,106901,247.45602000,16831293.82814530,0
2026-03-07 05:00:00,68063.42,68140.49,67908.0,68018.26,493.88772000,1772863199999,33592641.78533030,70294,206.08538000,14018974.76414350,0
2026-03-07 06:00:00,68018.27,68021.14,67612.21,67690.86,489.36583000,1772866799999,33200006.72606140,104999,191.29412000,12976688.97030530,0
2026-03-07 07:00:00,67690.86,67865.23,67446.41,67842.67,768.74899000,1772870399999,52009471.56087840,141564,336.31511000,22759248.27453300,0
2026-03-07 08:00:00,67842.67,68045.07,67720.98,67795.4,465.95331000,1772873999999,31635496.45108120,85222,257.91716000,17511880.12345480,0
2026-03-07 09:00:00,67795.4,68074.97,67738.31,68000.0,332.46219000,1772877599999,22592399.26367510,68591,178.17576000,12107251.05926200,0
2026-03-07 10:00:00,68000.0,68102.73,67870.43,67880.31,319.42039000,1772881199999,21716886.80091140,61561,152.93939000,10399101.00101870,0
2026-03-07 11:00:00,67880.31,68232.27,67841.67,68010.01,372.24149000,1772884799999,25340062.17868880,89555,203.48066000,13850976.66078630,0
2026-03-07 12:00:00,68010.0,68085.41,67900.01,67992.54,359.03867000,1772888399999,24423180.00251240,68180,208.38165000,14176901.71414900,0
2026-03-07 13:00:00,67992.54,68081.16,67855.82,67931.06,318.23636000,1772891999999,21634489.88111930,70911,187.66364000,12759820.61353720,0
2026-03-07 14:00:00,67931.06,68083.79,67609.44,68016.7,473.27443000,1772895599999,32120552.16686290,117313,252.64715000,17155929.61560720,0
2026-03-07 15:00:00,68016.7,68034.67,67769.89,67877.45,577.84468000,1772899199999,39260828.84476170,100557,190.26049000,12925907.46860750,0
2026-03-07 16:00:00,67877.45,67889.68,67702.2,67783.63,349.26910000,1772902799999,23679411.67324130,61584,119.71880000,8116366.83036040,0
2026-03-07 17:00:00,67783.63,67935.01,67768.97,67788.41,217.68104000,1772906399999,14772940.27436980,41860,146.94390000,9972905.39339400,0
2026-03-07 18:00:00,67788.4,67788.41,67480.0,67568.13,1180.24782000,1772909999999,79790302.21484880,112179,388.46306000,26265129.25501760,0
2026-03-07 19:00:00,67568.13,67572.35,66915.26,67080.34,1312.23020000,1772913599999,88227030.32450480,161182,521.42837000,35044741.62208490,0
2026-03-07 20:00:00,67080.33,67437.5,67068.01,67402.98,590.47118000,1772917199999,39750285.65041760,85902,336.39316000,22644472.32245530,0
2026-03-07 21:00:00,67402.98,67483.05,67281.34,67452.98,638.99995000,1772920799999,43065200.96171470,71562,290.96984000,19608550.05711360,0
2026-03-07 22:00:00,67452.97,67469.87,67101.31,67258.65,706.81324000,1772924399999,47551769.73135090,81216,423.19785000,28467907.78806140,0
2026-03-07 23:00:00,67258.65,67403.85,67183.39,67262.91,394.96477000,1772927999999,26591042.93684380,60319,221.28028000,14897523.54459130,0
2026-03-08 00:00:00,67262.91,67481.96,67181.04,67194.77,552.27054000,1772931599999,37183673.03354010,73818,290.25662000,19540895.55297880,0
2026-03-08 01:00:00,67194.77,67353.57,67090.0,67297.27,565.85563000,1772935199999,38036873.48738740,74570,378.94450000,25470883.98328280,0
2026-03-08 02:00:00,67297.27,67426.52,66833.58,66925.44,765.90711000,1772938799999,51437285.66044020,132299,317.07678000,21295636.00958670,0
2026-03-08 03:00:00,66925.45,67083.1,66850.0,67000.26,999.40624000,1772942399999,66946575.73302430,111969,503.04748000,33691412.85703510,0
2026-03-08 04:00:00,67000.26,67100.01,66547.15,66637.36,1206.88314000,1772945999999,80747936.61621410,129009,585.89511000,39219130.07145270,0
2026-03-08 05:00:00,66637.35,67250.24,66617.76,67149.93,402.00353000,1772949599999,26963472.05700870,105942,273.45538000,18339091.03663820,0
2026-03-08 06:00:00,67149.93,67231.86,67035.18,67161.52,246.63235000,1772953199999,16557000.72723320,67445,114.34633000,7676597.31318600,0
2026-03-08 07:00:00,67161.52,67465.11,67154.91,67319.91,1010.57902000,1772956799999,68045866.17661920,103709,528.57388000,35590974.50266740,0
2026-03-08 08:00:00,67319.9,67577.36,67156.93,67539.33,1008.62460000,1772960399999,67911806.48169080,97378,674.14541000,45395458.93162590,0
2026-03-08 09:00:00,67539.34,67905.03,67474.0,67681.0,1111.87857000,1772963999999,75303923.54177530,143975,596.68791000,40410634.69225350,0
2026-03-08 10:00:00,67681.0,68200.0,67680.99,67904.14,646.22527000,1772967599999,43919617.62007860,116368,399.44896000,27147612.81071230,0
2026-03-08 11:00:00,67904.15,67904.15,67411.76,67515.0,536.67584000,1772971199999,36267951.33536500,126127,238.98642000,16150872.65234780,0
2026-03-08 12:00:00,67515.0,67650.94,66888.0,67324.72,902.41572000,1772974799999,60640938.37150440,154717,302.90858000,20368385.80333380,0
2026-03-08 13:00:00,67324.71,67431.81,66761.68,67234.86,1987.58970000,1772978399999,133233852.20480610,170402,1129.65490000,75732552.25264710,0
2026-03-08 14:00:00,67234.86,67426.69,67055.73,67339.76,695.31699000,1772981999999,46777039.43818190,109550,340.03360000,22876911.27893440,0
2026-03-08 15:00:00,67339.75,67369.36,67080.0,67218.23,879.16155000,1772985599999,59102900.80799140,99341,408.33233000,27455399.52487880,0
2026-03-08 16:00:00,67218.23,67268.44,66802.47,66872.15,538.75590000,1772989199999,36098321.77674630,98700,283.88361000,19016988.38380620,0
2026-03-08 17:00:00,66872.15,67179.98,66800.01,67065.0,812.42846000,1772992799999,54494433.49215520,88443,439.64027000,29483989.47792480,0
2026-03-08 18:00:00,67065.0,67076.0,66745.54,66804.0,487.97779000,1772996399999,32622695.49228620,84701,189.74174000,12685232.01730150,0
2026-03-08 19:00:00,66803.99,67485.24,66779.82,67337.42,711.10669000,1772999999999,47772503.87262690,107904,415.16433000,27870802.66707320,0
2026-03-08 20:00:00,67337.41,67609.08,67028.45,67238.8,1144.93227000,1773003599999,77029749.72219120,112963,842.20665000,56667800.13903310,0
2026-03-08 21:00:00,67238.79,67266.0,66712.69,67020.01,959.03531000,1773007199999,64213546.09509580,99665,451.12798000,30208462.63198720,0
2026-03-08 22:00:00,67020.01,67020.01,65618.49,66236.8,2742.02435000,1773010799999,181173952.03189780,430752,1275.51945000,84246546.87219860,0
2026-03-08 23:00:00,66236.8,66569.24,65930.3,65971.2,679.95244000,1773014399999,45040244.53959450,188645,289.57104000,19190087.70678600,0
2026-03-09 00:00:00,65971.2,66773.0,65821.97,66370.01,951.35538000,1773017999999,63113288.03320730,313706,495.71664000,32893564.75207840,0
2026-03-09 01:00:00,66370.01,66698.05,66131.25,66196.01,2263.78882000,1773021599999,150347237.31892970,268340,951.00383000,63147599.55578040,0
2026-03-09 02:00:00,66196.01,66707.58,65959.0,66537.32,752.57114000,1773025199999,49871301.55342190,211513,369.22638000,24484125.41702390,0
2026-03-09 03:00:00,66537.32,67668.64,66512.88,67205.05,1256.29482000,1773028799999,84452754.73785150,293518,718.99050000,48331824.76559790,0
2026-03-09 04:00:00,67205.06,67610.0,67093.09,67130.14,848.47762000,1773032399999,57142240.08143760,140539,372.64808000,25116314.13045810,0
2026-03-09 05:00:00,67131.1,68069.29,67113.02,67911.16,1145.71148000,1773035999999,77547072.42447850,216712,684.84514000,46341158.90330910,0
2026-03-09 06:00:00,67911.15,67939.55,67236.78,67267.18,578.70307000,1773039599999,39117363.57211080,141343,260.65907000,17629292.13007000,0
2026-03-09 07:00:00,67267.18,67575.81,66853.48,67555.13,1253.45589000,1773043199999,84322671.67346250,194383,745.11015000,50169580.86848830,0
2026-03-09 08:00:00,67555.13,67929.19,67391.89,67814.69,1615.43129000,1773046799999,109348618.02263850,192736,684.89039000,46356780.09168310,0
2026-03-09 09:00:00,67814.69,68460.09,67566.65,67981.02,1225.43841000,1773050399999,83362455.88720400,207463,679.48258000,46205844.60713500,0
2026-03-09 10:00:00,67981.03,68088.92,67556.72,67608.13,687.12244000,1773053999999,46607784.48415960,181061,326.35228000,22140093.33621610,0
2026-03-09 11:00:00,67608.13,67855.82,67344.45,67764.98,577.58612000,1773057599999,39060624.25724370,137039,319.92424000,21642538.74676840,0
2026-03-09 12:00:00,67764.99,68348.26,67759.57,68151.93,970.32854000,1773061199999,66060871.69068560,164855,491.51510000,33460304.68093050,0
2026-03-09 13:00:00,68151.93,69300.0,68133.93,68976.0,2460.13662000,1773064799999,169261402.75555300,435691,1311.29961000,90214668.28437550,0
2026-03-09 14:00:00,68975.8,69480.0,68696.28,69151.5,2377.05802000,1773068399999,164354516.56800090,402611,1066.94676000,73791086.21559260,0
2026-03-09 15:00:00,69151.5,69254.87,68717.86,68863.66,1995.45638000,1773071999999,137662816.89082220,241028,979.65733000,67593235.72439410,0
2026-03-09 16:00:00,68863.67,69225.0,68614.47,68960.12,1086.01117000,1773075599999,74837204.88866450,233178,484.17741000,33366617.57837330,0
2026-03-09 17:00:00,68960.12,69088.49,68270.34,68600.71,889.54053000,1773079199999,61099724.36196440,210972,365.35196000,25095236.48558230,0
2026-03-09 18:00:00,68600.71,68705.76,68179.12,68356.37,1350.25926000,1773082799999,92411757.91447110,153028,495.86778000,33944612.41940470,0
2026-03-09 19:00:00,68356.37,69516.65,68356.37,68991.93,1713.56623000,1773086399999,118199868.36146580,338338,840.18502000,57972468.78063930,0
2026-03-09 20:00:00,68991.93,69145.28,68762.2,68961.71,507.40424000,1773089999999,34986726.53615240,117912,219.42368000,15130382.38075220,0
2026-03-09 21:00:00,68961.15,69102.53,68660.94,68919.72,782.51759000,1773093599999,53956807.35329870,96128,369.66679000,25491264.34240370,0
2026-03-09 22:00:00,68919.71,69030.56,68597.0,68635.88,943.05059000,1773097199999,64865041.23574400,109448,520.01159000,35775875.22264920,0
2026-03-09 23:00:00,68635.88,68694.73,68384.69,68432.16,665.45565000,1773100799999,45631900.84671200,92125,348.50147000,23901303.49620030,0
2026-03-10 00:00:00,68432.16,69290.42,68391.41,69157.37,1134.03591000,1773104399999,78074046.40871290,166033,715.05337000,49232054.19437230,0
2026-03-10 01:00:00,69157.36,69389.06,68786.04,69260.01,1073.30020000,1773107999999,74165831.99477070,146468,529.39036000,36559807.32045440,0
2026-03-10 02:00:00,69260.0,70578.29,69103.12,70272.01,2010.96480000,1773111599999,140668085.58834070,302463,1099.19996000,76926300.07448730,0
2026-03-10 03:00:00,70272.0,70370.86,69390.0,69429.85,1096.27179000,1773115199999,76705746.46523670,202161,383.81587000,26850712.80505780,0
2026-03-10 04:00:00,69429.85,70132.27,69429.85,70072.94,1112.05227000,1773118799999,77615817.02595990,147965,512.44854000,35752753.55319020,0
2026-03-10 05:00:00,70072.95,70355.06,69885.71,69971.34,874.03346000,1773122399999,61315699.96757040,142006,566.39490000,39747967.44673900,0
2026-03-10 06:00:00,69971.34,70185.24,69750.62,69910.91,1140.99151000,1773125999999,79821412.80387650,124604,507.24684000,35487767.77460980,0
2026-03-10 07:00:00,69910.91,70546.74,69805.7,70406.01,1780.20471000,1773129599999,125086478.95790680,182489,933.29394000,65608629.49935540,0
2026-03-10 08:00:00,70406.01,71097.64,70369.0,70709.37,1852.19984000,1773133199999,131134120.15484920,239805,1084.16441000,76765141.11856670,0
2026-03-10 09:00:00,70709.37,71300.0,70653.24,71078.92,1664.83143000,1773136799999,118112151.50656130,170047,962.01684000,68212770.73394370,0
2026-03-10 10:00:00,71078.92,71086.86,70660.89,70774.04,1808.06147000,1773140399999,128012273.67925580,136390,802.70499000,56825002.40214330,0
2026-03-10 11:00:00,70774.04,70865.73,70540.4,70580.94,945.42456000,1773143999999,66804940.40737480,122029,523.72708000,37009882.28720100,0
2026-03-10 12:00:00,70580.95,70628.19,70290.88,70519.86,702.95479000,1773147599999,49533551.86793850,144392,294.37665000,20746345.63648180,0
2026-03-10 13:00:00,70519.86,70926.46,69723.25,69921.12,1644.54716000,1773151199999,115579646.87758160,362755,792.78943000,55735974.55054660,0
2026-03-10 14:00:00,69921.12,71527.54,69266.06,71467.81,2553.72955000,1773154799999,179512426.02650310,518508,1291.31370000,90897330.09367080,0
2026-03-10 15:00:00,71467.81,71777.0,70900.05,71346.16,2098.87598000,1773158399999,149613059.43823520,428552,1141.80049000,81417667.83172480,0
2026-03-10 16:00:00,71346.17,71700.0,70943.31,71268.59,1291.34054000,1773161999999,92113980.26488670,282437,686.48342000,48988579.87551190,0
2026-03-10 17:00:00,71268.58,71452.0,70512.64,70868.61,1383.62950000,1773165599999,98194404.20135980,263559,531.81834000,37765604.78568100,0
2026-03-10 18:00:00,70868.62,70914.9,69901.0,70013.87,1837.40169000,1773169199999,129063485.30004350,409572,937.34758000,65809035.44680170,0
2026-03-10 19:00:00,70013.87,70290.0,69739.0,70043.63,992.60769000,1773172799999,69495643.96669330,229600,512.20429000,35865704.50498190,0
2026-03-10 20:00:00,70043.63,70350.0,70007.52,70235.6,671.88971000,1773176399999,47179926.03782580,104421,331.80815000,23300993.19257120,0
2026-03-10 21:00:00,70236.34,70417.3,69541.91,69763.01,830.86870000,1773179999999,58065221.13955250,120034,366.13855000,25589090.59511250,0
2026-03-10 22:00:00,69763.02,69869.9,69452.42,69721.58,937.20086000,1773183599999,65279899.74211980,110217,464.68161000,32370447.39678600,0
2026-03-10 23:00:00,69721.58,69981.8,69698.46,69948.63,1165.15914000,1773187199999,81377771.61736500,119557,483.60908000,33773403.98045430,0
2026-03-11 00:00:00,69948.64,70173.25,69759.63,70044.87,728.92961000,1773190799999,51015675.93373620,154124,338.21923000,23674730.72896850,0
2026-03-11 01:00:00,70044.87,70144.0,69880.0,70071.26,947.24879000,1773194399999,66359225.64049280,132156,555.98820000,38948457.18829480,0
2026-03-11 02:00:00,70071.26,70119.59,69614.0,69810.72,1612.87548000,1773197999999,112718433.73565840,133771,971.95761000,67947296.66011350,0
2026-03-11 03:00:00,69810.73,69887.11,69488.7,69551.91,1113.41409000,1773201599999,77509258.75617810,121595,556.74333000,38736107.46242140,0
2026-03-11 04:00:00,69551.91,70281.87,69501.55,70130.99,759.41600000,1773205199999,53066815.35563640,131224,454.60323000,31788196.49849530,0
2026-03-11 05:00:00,70130.99,70200.96,69420.0,69510.36,757.81378000,1773208799999,52878113.28507600,114902,392.62501000,27394713.80829390,0
2026-03-11 06:00:00,69510.37,69996.0,69500.01,69950.01,391.73761000,1773212399999,27328456.62388240,93779,261.28750000,18225285.66007170,0
2026-03-11 07:00:00,69950.01,70018.49,69500.67,69648.29,1171.57725000,1773215999999,81632029.43753130,106664,664.86162000,46320922.37220300,0
2026-03-11 08:00:00,69648.28,69786.32,69500.0,69662.24,672.55865000,1773219599999,46836525.65953010,126367,340.43306000,23704955.30547400,0
2026-03-11 09:00:00,69662.24,69752.06,69384.5,69466.75,939.05652000,1773223199999,65311207.49859450,121558,480.57305000,33430684.02754740,0
2026-03-11 10:00:00,69466.75,69726.45,69390.91,69604.9,1028.34397000,1773226799999,71507949.20728520,111343,568.42826000,39530029.92448790,0
2026-03-11 11:00:00,69604.9,69755.1,69150.28,69173.0,898.77254000,1773230399999,62484014.97250710,163264,537.36904000,37374700.42557750,0
2026-03-11 12:00:00,69172.99,69777.66,68977.91,69361.13,1045.64069000,1773233999999,72482029.00244680,228899,510.41277000,35394305.47753310,0
2026-03-11 13:00:00,69361.13,71091.18,69331.04,70186.09,2647.32148000,1773237599999,185985830.51996390,529759,1327.90532000,93335113.40471340,0
2026-03-11 14:00:00,70186.08,70987.0,69906.77,70578.7,2251.77658000,1773241199999,158748245.67845290,515782,1118.16259000,78864176.80804410,0
2026-03-11 15:00:00,70578.7,70654.43,69702.25,70227.91,1844.69630000,1773244799999,129415293.32425390,427890,846.35834000,59386902.99260740,0
2026-03-11 16:00:00,70227.92,70826.39,70161.78,70570.71,1837.92404000,1773248399999,129634949.18170590,312976,946.41941000,66762795.68965930,0
2026-03-11 17:00:00,70570.71,71321.0,70512.01,70785.99,2122.20651000,1773251999999,150535351.47705230,401049,1188.53693000,84314437.81804860,0
2026-03-11 18:00:00,70785.99,70895.31,70415.27,70617.64,1134.13411000,1773255599999,80176341.88144010,225379,441.85105000,31232309.08324050,0
2026-03-11 19:00:00,70617.63,70742.38,70375.68,70641.82,644.23151000,1773259199999,45451849.50178880,134850,278.53724000,19650192.79140610,0
2026-03-11 20:00:00,70641.81,70700.0,70394.23,70634.96,383.34496000,1773262799999,27035743.99101860,84807,167.08903000,11784374.43503220,0
2026-03-11 21:00:00,70634.96,70777.17,70499.94,70741.26,576.42683000,1773266399999,40712429.17937300,91756,263.59854000,18621267.81456280,0
2026-03-11 22:00:00,70741.27,70950.0,70241.53,70373.01,1098.26512000,1773269999999,77379570.12149230,166748,519.34214000,36588531.36440500,0
2026-03-11 23:00:00,70373.01,70505.0,70125.83,70191.86,641.56300000,1773273599999,45095256.26907080,129213,284.01365000,19961317.85852110,0
2026-03-12 00:00:00,70191.86,70353.87,70130.23,70225.34,658.09363000,1773277199999,46228139.62273860,138129,317.18589000,22283358.29362500,0
2026-03-12 01:00:00,70225.34,70226.94,69754.94,69841.31,760.55263000,1773280799999,53169446.29904520,157245,285.61072000,19969826.32941530,0
2026-03-12 02:00:00,69841.3,69887.93,69226.52,69286.56,742.38929000,1773284399999,51629110.62598030,171137,338.95989000,23578155.65017560,0
2026-03-12 03:00:00,69286.55,69628.25,69246.23,69446.61,415.13842000,1773287999999,28825295.27652990,112007,221.44542000,15378158.87658700,0
2026-03-12 04:00:00,69446.61,69676.88,69296.43,69372.0,436.68208000,1773291599999,30325784.62672260,99781,218.71881000,15192627.18951450,0
2026-03-12 05:00:00,69372.0,69539.61,69205.91,69480.54,734.74043000,1773295199999,50971654.49715350,127719,379.37387000,26331054.59360550,0
2026-03-12 06:00:00,69480.54,69561.84,69315.63,69501.44,719.76894000,1773298799999,49991908.71006650,90401,319.31786000,22185858.07339530,0
2026-03-12 07:00:00,69501.45,69865.98,69408.88,69826.19,830.78197000,1773302399999,57885148.79553210,111343,487.13582000,33949601.60556350,0
2026-03-12 08:00:00,69826.19,70116.37,69698.33,69917.37,1246.32882000,1773305999999,87076632.56550650,139433,751.49187000,52507418.14390230,0
2026-03-12 09:00:00,69917.36,70400.0,69580.0,69952.51,1284.31562000,1773309599999,89699461.65458610,157443,613.92549000,42898731.62388140,0
2026-03-12 10:00:00,69952.51,70511.0,69856.0,70412.11,911.03902000,1773313199999,64018984.04744140,165657,589.88786000,41457023.53722830,0
2026-03-12 11:00:00,70412.1,70800.0,70367.97,70427.91,1207.70061000,1773316799999,85173933.90767230,174254,629.93222000,44427743.36783110,0
2026-03-12 12:00:00,70427.9,70617.66,70277.38,70381.8,847.51801000,1773320399999,59657137.37208900,149340,392.52776000,27637689.07422260,0
2026-03-12 13:00:00,70381.8,70534.65,69645.0,69972.15,1340.77540000,1773323999999,93920760.43211070,348528,496.04264000,34786511.74989680,0
2026-03-12 14:00:00,69972.2,70660.69,69355.34,69590.09,2130.67842000,1773327599999,149115866.89145350,459799,970.33378000,67949172.28573850,0
2026-03-12 15:00:00,69590.09,70565.43,69476.14,70334.88,1778.50463000,1773331199999,124760716.86754550,350862,1005.50379000,70544561.57584000,0
2026-03-12 16:00:00,70334.89,70569.15,69905.71,70381.16,1271.41787000,1773334799999,89345926.67023910,321811,604.77243000,42525565.78628610,0
2026-03-12 17:00:00,70381.15,70547.19,70076.16,70212.06,843.93551000,1773338399999,59370577.74379520,222907,342.18146000,24081918.65523840,0
2026-03-12 18:00:00,70212.05,70303.51,69800.0,69819.64,742.85798000,1773341999999,52009176.04200780,219259,250.31095000,17519557.39096100,0
2026-03-12 19:00:00,69819.64,70548.81,69770.85,70432.32,757.84664000,1773345599999,53200867.85933370,198607,359.49665000,25228828.54549450,0
2026-03-12 20:00:00,70432.33,70555.2,70111.28,70164.49,618.18553000,1773349199999,43474995.78956710,104959,139.05377000,9778113.64530600,0
2026-03-12 21:00:00,70164.5,70470.0,70164.5,70268.55,355.90233000,1773352799999,25020855.43476610,80720,145.92910000,10258067.44163870,0
2026-03-12 22:00:00,70268.54,70305.26,70013.17,70175.64,467.42484000,1773356399999,32790823.73643330,93322,194.83961000,13666140.32122580,0
2026-03-12 23:00:00,70175.64,70734.25,70159.35,70541.34,894.58188000,1773359999999,63082019.04179020,149396,491.05630000,34622428.14234450,0
2026-03-13 00:00:00,70541.34,72000.0,70386.01,71475.61,2857.31114000,1773363599999,204003741.74174070,447875,1521.98144000,108683303.52453280,0
2026-03-13 01:00:00,71475.6,71759.95,71283.99,71672.39,975.74666000,1773367199999,69838722.77831890,207345,508.42321000,36394484.46276940,0
2026-03-13 02:00:00,71672.38,71696.68,71045.52,71143.8,994.81538000,1773370799999,71057418.87823280,147297,444.89169000,31779385.28813940,0
2026-03-13 03:00:00,71143.8,71508.87,70964.43,71405.75,927.82134000,1773374399999,66056954.05598260,125941,517.00627000,36814693.58176130,0
2026-03-13 04:00:00,71405.76,71493.77,71214.01,71393.94,780.92498000,1773377999999,55704470.22930710,105161,429.05759000,30613404.57475120,0
2026-03-13 05:00:00,71393.93,71637.54,71242.02,71546.29,1178.90406000,1773381599999,84248439.89244050,123561,534.01478000,38173855.76714450,0
2026-03-13 06:00:00,71546.28,71593.22,71180.19,71342.0,1081.97604000,1773385199999,77171125.77920210,150177,490.67581000,34990106.44542840,0
2026-03-13 07:00:00,71342.0,71672.76,71236.08,71612.22,1139.83190000,1773388799999,81522832.37832980,159629,503.11940000,35983763.84962160,0
2026-03-13 08:00:00,71612.23,72142.85,71385.28,71821.02,1820.16796000,1773392399999,130690293.66334200,217230,1045.73072000,75130074.96734870,0
2026-03-13 09:00:00,71821.01,72100.37,71589.81,72006.57,925.21442000,1773395999999,66508448.51710970,162525,455.84141000,32768847.28449070,0
2026-03-13 10:00:00,72006.56,72575.98,71995.53,72458.12,1635.35127000,1773399599999,118324633.35545240,241574,977.58174000,70716837.51226580,0
2026-03-13 11:00:00,72458.11,72526.12,72207.41,72228.82,724.41705000,1773403199999,52397201.72069110,149943,357.62998000,25866649.67961220,0
2026-03-13 12:00:00,72228.81,72884.68,72210.0,72784.73,1142.93241000,1773406799999,82959993.18545410,212778,644.58335000,46790473.94873790,0
2026-03-13 13:00:00,72784.73,73585.27,72684.88,73379.18,3297.40201000,1773410399999,241097528.69496490,477827,1931.71775000,141247573.22179810,0
2026-03-13 14:00:00,73379.18,73913.74,72350.0,72382.72,4558.05031000,1773413999999,334106334.18479830,564986,2529.86386000,185705485.18548950,0
2026-03-13 15:00:00,72382.72,72829.12,71736.34,71831.46,3305.45471000,1773417599999,239050157.54788450,438775,1325.21277000,95830716.80579700,0
2026-03-13 16:00:00,71831.46,72100.0,71154.54,71885.57,2334.34610000,1773421199999,167297707.44352120,367885,1217.29936000,87233466.48452460,0
2026-03-13 17:00:00,71885.56,72249.99,70914.09,71037.93,1889.70074000,1773424799999,135327579.92662340,314897,833.86730000,59725555.69290170,0
2026-03-13 18:00:00,71037.93,71350.94,70841.23,71055.45,738.18799000,1773428399999,52460602.49823650,185458,435.35541000,30942598.78666130,0
2026-03-13 19:00:00,71055.45,71309.94,71006.19,71189.95,507.07823000,1773431999999,36078150.85967570,135846,300.31229000,21370349.62077390,0
2026-03-13 20:00:00,71189.96,71469.53,71150.0,71346.84,554.47290000,1773435599999,39557395.32682540,82040,263.20719000,18773234.60616280,0
2026-03-13 21:00:00,71346.84,71491.03,71058.25,71104.65,650.14338000,1773439199999,46300852.69432130,91739,322.85238000,22990818.62218540,0
2026-03-13 22:00:00,71104.65,71189.26,70559.02,70814.0,863.33877000,1773442799999,61109068.29342100,122482,301.43608000,21334052.21383500,0
2026-03-13 23:00:00,70814.0,71005.3,70688.45,70930.0,1113.02703000,1773446399999,78898872.65027110,79519,418.68082000,29670920.83189810,0
2026-03-14 00:00:00,70930.01,70951.8,70555.0,70631.97,763.50434000,1773449999999,54020310.82334320,90705,290.87532000,20585052.40142450,0
2026-03-14 01:00:00,70631.96,70941.05,70481.7,70831.7,791.55133000,1773453599999,55995239.15225590,77309,366.21167000,25920711.61299120,0
2026-03-14 02:00:00,70831.7,70948.66,70735.21,70783.27,1013.67533000,1773457199999,71788879.97945180,62054,535.58233000,37930557.74746190,0
2026-03-14 03:00:00,70783.27,71185.23,70783.26,71081.3,944.72261000,1773460799999,67127111.54115520,99055,480.25798000,34123485.89224430,0
2026-03-14 04:00:00,71081.31,71307.92,71021.11,71039.58,707.08065000,1773464399999,50331966.54208680,82297,399.29759000,28424451.88969860,0
2026-03-14 05:00:00,71039.57,71151.3,70916.96,71013.75,759.34070000,1773467999999,53948310.13526830,65417,318.78579000,22650965.84346360,0
2026-03-14 06:00:00,71013.75,71013.75,70317.0,70622.08,712.17672000,1773471599999,50317200.41548390,112553,289.84776000,20472019.26843830,0
2026-03-14 07:00:00,70622.09,70743.88,70489.03,70596.68,750.98425000,1773475199999,53005696.25080300,74850,313.85490000,22161603.04374810,0
2026-03-14 08:00:00,70596.68,70710.76,70536.58,70585.63,461.44808000,1773478799999,32592416.62234080,63044,148.85982000,10514806.57282640,0
2026-03-14 09:00:00,70585.64,70728.07,70400.0,70501.16,893.97396000,1773482399999,63112977.01289750,69325,445.23634000,31445345.42686250,0
2026-03-14 10:00:00,70501.16,70575.1,70389.08,70570.44,624.35522000,1773485999999,44014707.47476140,61630,334.83057000,23602070.76404440,0
2026-03-14 11:00:00,70570.44,70784.38,70562.66,70751.42,515.18098000,1773489599999,36404107.90669380,56831,244.00886000,17247956.95111660,0
2026-03-14 12:00:00,70751.42,70835.48,70616.44,70780.59,472.56223000,1773493199999,33418071.00820200,64278,255.18751000,18050740.30769980,0
2026-03-14 13:00:00,70780.59,70930.56,70711.54,70847.35,886.49950000,1773496799999,62792222.31550920,66703,452.86254000,32075437.38394520,0
2026-03-14 14:00:00,70847.34,70941.17,70578.76,70599.22,329.16955000,1773500399999,23284306.10924300,69697,110.32070000,7805325.01247810,0
2026-03-14 15:00:00,70599.23,70728.59,70501.0,70580.09,849.34654000,1773503999999,59985509.84403820,115615,470.29212000,33223621.03717170,0
2026-03-14 16:00:00,70580.09,70709.4,70500.0,70672.53,379.28346000,1773507599999,26785874.57554720,94780,178.12621000,12579678.06223550,0
2026-03-14 17:00:00,70672.52,70733.02,70590.0,70617.01,134.37087000,1773511199999,9494948.46800630,43189,55.54331000,3925343.74507480,0
2026-03-14 18:00:00,70617.01,70708.88,70559.35,70668.23,95.80359000,1773514799999,6766471.95402720,35429,52.19609000,3686893.27558640,0
2026-03-14 19:00:00,70668.23,70740.34,70595.14,70700.0,77.47303000,1773518399999,5475355.02364860,38122,39.04964000,2759696.32822200,0
2026-03-14 20:00:00,70699.99,70856.4,70650.09,70805.71,114.01852000,1773521999999,8069431.89204000,40654,57.61869000,4077918.77930590,0
2026-03-14 21:00:00,70805.71,70825.04,70661.06,70799.99,113.91325000,1773525599999,8057008.94427080,39978,47.36598000,3350089.33052070,0
2026-03-14 22:00:00,70799.99,70805.15,70695.29,70710.91,89.24315000,1773529199999,6313684.44678170,36613,40.33277000,2853444.42213080,0
2026-03-14 23:00:00,70710.9,71253.17,70710.9,71211.95,537.56951000,1773532799999,38206822.50842110,101611,315.55655000,22428190.25987120,0
2026-03-15 00:00:00,71211.95,71220.74,70967.59,70985.28,576.24004000,1773536399999,40958581.19984720,74849,241.74548000,17182000.88947920,0
2026-03-15 01:00:00,70985.29,71037.41,70858.82,70985.83,340.54476000,1773539999999,24169176.63738920,59567,105.05709000,7456337.51625580,0
2026-03-15 02:00:00,70985.84,71634.08,70985.84,71450.53,895.09143000,1773543599999,63889832.75223010,140545,583.85610000,41664877.97564520,0
2026-03-15 03:00:00,71450.54,71538.03,71240.68,71363.14,779.68802000,1773547199999,55654415.23990280,83200,394.52395000,28161890.78050780,0
2026-03-15 04:00:00,71363.13,71661.55,71330.66,71606.32,779.77883000,1773550799999,55796321.58884180,93302,461.97142000,33061911.15744820,0
2026-03-15 05:00:00,71606.31,71800.68,71476.0,71489.68,792.96245000,1773554399999,56807962.41092460,85195,495.91287000,35528196.97522290,0
2026-03-15 06:00:00,71489.67,71595.43,71373.75,71458.41,528.89919000,1773557999999,37808904.51544680,57302,272.96707000,19516913.18770990,0
2026-03-15 07:00:00,71458.41,71658.44,71411.88,71453.59,276.05348000,1773561599999,19746738.97907060,58664,126.85831000,9074971.11045900,0
2026-03-15 08:00:00,71453.59,71736.72,71453.59,71717.5,551.40345000,1773565199999,39498086.48578780,68388,370.02576000,26508757.52670560,0
2026-03-15 09:00:00,71717.5,71940.49,71713.9,71791.1,640.93656000,1773568799999,46046291.76482270,82395,337.62632000,24256314.29739350,0
2026-03-15 10:00:00,71791.11,71919.19,71714.37,71783.09,525.01350000,1773572399999,37699169.05646080,93978,207.44276000,14897848.89166070,0
2026-03-15 11:00:00,71783.1,71888.0,71659.71,71839.42,452.79199000,1773575999999,32492823.51831040,65814,211.60724000,15189636.31727210,0
2026-03-15 12:00:00,71839.41,71839.42,71560.21,71610.33,324.76249000,1773579599999,23280309.17434330,64810,109.74819000,7867359.07582950,0
2026-03-15 13:00:00,71610.33,71679.81,71263.99,71607.54,1108.48189000,1773583199999,79197831.03869120,146151,415.48591000,29681169.28619920,0
2026-03-15 14:00:00,71607.54,71635.56,71341.68,71622.03,452.09243000,1773586799999,32336480.99281930,86255,236.28649000,16901491.08259570,0
2026-03-15 15:00:00,71622.04,71626.0,71410.0,71481.24,210.01259000,1773590399999,15021352.88620210,64847,115.86804000,8287023.21506310,0
2026-03-15 16:00:00,71481.24,71586.75,71320.08,71437.35,302.61771000,1773593999999,21612440.35477930,81461,183.79638000,13124617.40838420,0
2026-03-15 17:00:00,71437.35,71989.93,71409.74,71819.95,365.80062000,1773597599999,26213703.88024550,92949,249.11859000,17849277.99201800,0
2026-03-15 18:00:00,71819.96,71885.55,71321.87,71390.53,321.10675000,1773601199999,23004719.43349950,102918,132.32941000,9482115.65166930,0
2026-03-15 19:00:00,71390.53,71582.83,71338.67,71549.94,251.59972000,1773604799999,17979205.89949190,69282,123.97206000,8859526.32707620,0
2026-03-15 20:00:00,71549.94,71930.0,71433.75,71730.81,236.54566000,1773608399999,16966679.83950220,76529,138.53196000,9935537.41330540,0
2026-03-15 21:00:00,71730.81,72222.0,71629.99,72109.58,459.80342000,1773611999999,33098771.46546760,136792,297.88651000,21443018.87463570,0
2026-03-15 22:00:00,72109.59,73081.77,71725.74,72749.44,1471.44945000,1773615599999,106597993.63548910,312854,860.63713000,62361678.23695860,0
2026-03-15 23:00:00,72749.45,73199.0,72420.44,72815.24,1393.63061000,1773619199999,101457162.49408560,310966,633.76272000,46148048.57328170,0
2026-03-16 00:00:00,72815.25,73008.94,72452.26,72531.26,685.43450000,1773622799999,49831121.87036600,192017,301.52640000,21927689.26797140,0
2026-03-16 01:00:00,72531.27,72852.28,72270.41,72752.9,715.87613000,1773626399999,51927454.83024930,177405,398.90863000,28933676.70603990,0
2026-03-16 02:00:00,72752.9,72852.28,72368.08,72514.69,487.11967000,1773629999999,35345119.00920130,115887,207.07677000,15022955.51636850,0
2026-03-16 03:00:00,72514.69,74330.34,72436.02,73573.32,3424.72669000,1773633599999,252338861.15339250,366280,1966.08604000,144809434.82457430,0
2026-03-16 04:00:00,73573.31,74451.03,73573.31,73835.62,1907.76761000,1773637199999,140906402.99344090,290004,1083.94445000,80057293.48417350,0
2026-03-16 05:00:00,73835.62,74258.07,73720.0,74207.49,1421.12171000,1773640799999,105134458.94582070,215798,809.50042000,59893528.51483320,0
2026-03-16 06:00:00,74207.49,74207.5,73610.0,73714.36,1229.39836000,1773644399999,90726199.73396270,158160,648.93986000,47886720.74017180,0
2026-03-16 07:00:00,73714.36,73924.83,73385.18,73456.68,958.93738000,1773647999999,70613358.75767050,152215,394.68031000,29071710.10333000,0
2026-03-16 08:00:00,73456.69,73776.13,72888.8,73135.0,1562.06854000,1773651599999,114514605.47458510,209593,691.46745000,50702808.54755160,0
2026-03-16 09:00:00,73135.0,73331.88,73057.25,73260.92,531.72090000,1773655199999,38927469.12534080,133598,316.14431000,23143819.69793360,0
2026-03-16 10:00:00,73260.92,73783.42,73202.89,73783.42,1038.45265000,1773658799999,76260137.36088950,184479,578.81775000,42511701.24336050,0
2026-03-16 11:00:00,73783.42,73838.76,73515.33,73552.77,680.69185000,1773662399999,50121191.94424700,127126,447.90929000,32977499.46266940,0
2026-03-16 12:00:00,73552.78,74044.0,73465.46,73864.8,921.55759000,1773665999999,67990691.36726400,194935,567.83300000,41891954.32596700,0
2026-03-16 13:00:00,73864.81,74509.52,73787.0,74109.55,1593.51066000,1773669599999,118203124.56844830,360226,899.15143000,66711421.64177890,0
2026-03-16 14:00:00,74109.56,74460.19,72990.52,73565.54,2204.69587000,1773673199999,162296720.94699220,497277,936.97700000,69015699.18134880,0
2026-03-16 15:00:00,73565.54,74030.0,73186.5,73274.76,1024.65577000,1773676799999,75431246.75439910,324467,573.42492000,42229507.66884700,0
2026-03-16 16:00:00,73274.75,73901.95,73160.66,73760.63,1016.72181000,1773680399999,74715648.17412520,261544,576.11209000,42336789.93036250,0
2026-03-16 17:00:00,73760.63,74065.7,73648.7,73943.18,906.04408000,1773683999999,66928450.77651560,228475,494.60911000,36539720.07052630,0
2026-03-16 18:00:00,73943.17,74356.32,73860.0,73913.6,1086.95746000,1773687599999,80587604.56190490,248657,591.82536000,43881928.27545860,0
2026-03-16 19:00:00,73913.6,74418.6,73781.54,73963.0,1122.08511000,1773691199999,83109928.50042960,260104,505.79488000,37476956.23882210,0
2026-03-16 20:00:00,73963.0,74248.95,73863.2,74236.9,424.59345000,1773694799999,31431973.83433300,106316,235.27597000,17418196.90744710,0
2026-03-16 21:00:00,74236.9,74799.0,74150.0,74401.36,1246.95221000,1773698399999,92851013.27512420,217232,693.47258000,51648436.99290530,0
2026-03-16 22:00:00,74401.35,74899.99,74378.43,74772.66,1058.73068000,1773701999999,79141789.10172460,202153,625.36327000,46748104.64548710,0
2026-03-16 23:00:00,74773.56,74909.08,74250.21,74884.67,1159.70951000,1773705599999,86524938.50443660,172534,659.38126000,49207605.21155050,0
2026-03-17 00:00:00,74884.67,75520.23,74614.18,75318.48,2173.53670000,1773709199999,163272681.06806610,382299,1260.96506000,94729074.75665720,0
2026-03-17 01:00:00,75318.48,76000.0,75074.37,75623.91,1953.08873000,1773712799999,147844292.51227050,388081,1101.93520000,83434678.94999800,0
2026-03-17 02:00:00,75623.91,75677.66,75114.67,75198.02,1068.24779000,1773716399999,80409047.90602340,201315,449.88189000,33863044.61948530,0
2026-03-17 03:00:00,75198.02,75326.15,74268.73,74463.98,1730.33731000,1773719999999,129211808.11888720,273481,606.27931000,45267757.17433510,0
2026-03-17 04:00:00,74463.98,74712.89,73980.16,74252.01,2017.11887000,1773723599999,149878834.22848380,207989,777.61764000,57807023.34923390,0
2026-03-17 05:00:00,74252.0,74459.99,73784.0,74036.74,1250.81696000,1773727199999,92741265.85370590,158714,619.89994000,45969941.73501260,0
2026-03-17 06:00:00,74036.74,74276.66,73877.56,74085.45,879.74749000,1773730799999,65170987.64144190,158321,412.73960000,30574490.11034640,0
2026-03-17 07:00:00,74085.46,74457.72,74066.4,74249.32,771.24200000,1773734399999,57320413.03383440,130753,335.20905000,24914520.62440820,0
2026-03-17 08:00:00,74249.32,74452.97,74108.01,74188.38,461.65295000,1773737999999,34300888.53940790,123000,248.97782000,18502918.69751210,0
2026-03-17 09:00:00,74188.38,74406.03,73841.62,73937.16,864.16263000,1773741599999,64069912.35631510,149015,400.73911000,29713847.16264380,0
2026-03-17 10:00:00,73937.16,73960.74,73560.98,73729.45,1049.06910000,1773745199999,77324957.23812340,187842,473.06848000,34867011.92163590,0
2026-03-17 11:00:00,73729.45,74224.16,73682.01,74033.11,647.95804000,1773748799999,47936681.04420320,149448,382.22243000,28276684.71207730,0
2026-03-17 12:00:00,74033.1,74170.55,73672.25,73739.74,614.23436000,1773752399999,45388987.28282690,161550,286.73288000,21197686.37282230,0
2026-03-17 13:00:00,73739.74,74167.39,73399.19,73615.48,1159.88444000,1773755999999,85569440.69712070,284567,529.85660000,39104660.15658150,0
2026-03-17 14:00:00,73615.49,74425.31,73424.79,74381.7,1362.71508000,1773759599999,100890945.97516230,323276,836.68701000,61988447.97815540,0
2026-03-17 15:00:00,74381.69,74893.94,73669.91,73914.39,1370.72331000,1773763199999,101702489.44228370,360212,697.49503000,51782084.43398940,0
2026-03-17 16:00:00,73914.4,74350.0,73855.24,74155.69,747.87279000,1773766799999,55423218.25921460,233529,381.95374000,28308793.68907750,0
2026-03-17 17:00:00,74155.68,74594.0,74006.58,74523.75,826.10844000,1773770399999,61395169.47230770,194133,531.36723000,39489267.51439690,0
2026-03-17 18:00:00,74523.76,74769.17,74386.11,74683.04,707.46038000,1773773999999,52772145.33052120,180130,334.51481000,24954362.49451420,0
2026-03-17 19:00:00,74683.04,74800.0,74427.25,74512.17,768.60522000,1773777599999,57373452.14814390,184663,366.85381000,27383630.68132280,0
2026-03-17 20:00:00,74511.21,74685.5,74359.87,74506.75,466.76372000,1773781199999,34772329.90306580,88217,170.09313000,12673187.29326620,0
2026-03-17 21:00:00,74506.75,74799.0,74450.01,74685.42,618.20101000,1773784799999,46134120.54558880,99979,220.91886000,16489218.78574180,0
2026-03-17 22:00:00,74685.42,74772.14,73934.0,74307.08,488.30847000,1773788399999,36283519.44525430,117429,175.53398000,13041252.83495030,0
2026-03-17 23:00:00,74307.08,74398.74,73871.74,73909.36,523.41057000,1773791999999,38789143.29042050,125244,189.70969000,14063272.73272190,0
2026-03-18 00:00:00,73909.37,74063.22,73535.36,73867.88,673.31061000,1773795599999,49682584.11376380,167341,298.32738000,22010900.24689230,0
2026-03-18 01:00:00,73867.88,74211.43,73820.69,74072.3,537.72886000,1773799199999,39828402.96549880,125019,333.93251000,24731973.63314970,0
2026-03-18 02:00:00,74072.3,74476.0,74051.78,74338.93,549.53806000,1773802799999,40811427.70172980,109262,348.98605000,25921496.38884400,0
2026-03-18 03:00:00,74338.93,74672.34,74250.27,74446.14,459.80928000,1773806399999,34232788.84545880,99545,237.46998000,17685115.02712180,0
2026-03-18 04:00:00,74446.14,74486.3,74137.02,74175.49,472.35206000,1773809999999,35080561.36208020,71860,252.08898000,18723547.00912650,0
2026-03-18 05:00:00,74175.48,74312.11,73830.76,73950.0,662.80056000,1773813599999,49098987.02388130,93727,326.37308000,24186400.43346860,0
2026-03-18 06:00:00,73950.01,74225.82,73938.1,73954.03,652.79254000,1773817199999,48353951.78303290,86917,330.80609000,24502075.07332010,0
2026-03-18 07:00:00,73954.03,73997.04,73700.01,73883.8,504.72370000,1773820799999,37273568.64022540,95673,254.56034000,18803323.79752720,0
2026-03-18 08:00:00,73883.8,74130.02,73863.31,74044.89,735.50464000,1773824399999,54449676.97357490,103840,444.55284000,32909425.44834660,0
2026-03-18 09:00:00,74044.9,74281.33,74042.85,74181.08,347.16358000,1773827999999,25751313.77265730,78474,191.19985000,14182667.94321360,0
2026-03-18 10:00:00,74181.08,74267.77,73816.26,73946.35,478.90858000,1773831599999,35455513.10308140,104858,296.02164000,21918425.77238710,0
2026-03-18 11:00:00,73946.35,74074.84,72800.0,72952.85,1877.69179000,1773835199999,137492092.15111360,323995,880.59828000,64465510.12512500,0
2026-03-18 12:00:00,72952.85,72981.79,72271.11,72361.24,1819.95371000,1773838799999,132134038.65860830,381589,729.29800000,52950337.08347180,0
2026-03-18 13:00:00,72361.13,72556.81,71980.0,72133.49,1607.02731000,1773842399999,116178939.01244590,362221,721.53033000,52173109.60709980,0
2026-03-18 14:00:00,72133.48,72222.45,71100.0,71193.23,2385.98822000,1773845999999,170982942.48300570,491438,1046.95524000,75038358.96661900,0
2026-03-18 15:00:00,71193.23,71531.54,70857.21,71467.82,2560.23665000,1773849599999,182418304.35123960,378945,1265.98981000,90238018.30067880,0
2026-03-18 16:00:00,71467.82,71565.78,71037.34,71314.08,967.21409000,1773853199999,68958245.97546650,255278,536.16984000,38232921.33867630,0
2026-03-18 17:00:00,71314.07,71750.0,71199.87,71595.21,1025.99840000,1773856799999,73322010.75716010,215722,610.16456000,43614254.59443980,0
2026-03-18 18:00:00,71595.21,72000.5,70947.78,71096.74,1475.11719000,1773860399999,105582814.37899750,363504,778.66676000,55792496.82443880,0
2026-03-18 19:00:00,71096.75,71486.14,70933.85,71072.38,867.91916000,1773863999999,61780360.73604200,222685,435.16498000,30982334.21790380,0
2026-03-18 20:00:00,71072.38,71333.33,70500.0,71214.67,1180.62213000,1773867599999,83694690.54564560,239576,597.87237000,42413016.45514340,0
2026-03-18 21:00:00,71214.67,71451.22,71167.15,71263.67,338.26453000,1773871199999,24124075.70179880,112777,198.72672000,14172630.06408320,0
2026-03-18 22:00:00,71263.67,71269.02,70944.56,71153.66,520.94837000,1773874799999,37019284.42755390,104410,232.85691000,16547495.94734140,0
2026-03-18 23:00:00,71153.67,71365.4,71069.69,71246.54,691.26691000,1773878399999,49243263.51368030,145241,360.85803000,25709648.39883760,0
2026-03-19 00:00:00,71246.55,71321.81,70976.69,71002.17,887.95607000,1773881999999,63132633.69891650,142997,418.18834000,29732698.58338820,0
2026-03-19 01:00:00,71002.18,71182.44,70951.93,71115.23,391.40796000,1773885599999,27811412.52094950,111388,158.79462000,11283467.63488780,0
2026-03-19 02:00:00,71115.24,71252.83,70902.37,71055.44,554.97617000,1773889199999,39481245.78082880,102738,194.71540000,13850884.74309180,0
2026-03-19 03:00:00,71055.44,71613.79,71053.33,71215.39,593.60943000,1773892799999,42349252.22322870,136187,283.05616000,20196707.28359080,0
2026-03-19 04:00:00,71215.39,71215.39,70654.86,70822.07,702.86032000,1773896399999,49785063.09757350,155872,314.52316000,22276550.68405130,0
2026-03-19 05:00:00,70822.06,70909.88,70661.56,70826.54,416.16191000,1773899999999,29463160.95895210,106887,226.70574000,16052531.34081160,0
2026-03-19 06:00:00,70826.55,70979.99,70505.0,70583.22,619.85140000,1773903599999,43825028.65822310,136364,247.00622000,17465821.75054930,0
2026-03-19 07:00:00,70583.22,70600.04,69478.51,70191.17,2753.95570000,1773907199999,192871533.93091720,360127,1132.30875000,79286894.45005790,0
2026-03-19 08:00:00,70191.16,70300.0,69900.0,69985.19,1015.64209000,1773910799999,71193379.22092470,202958,381.64144000,26754249.92639400,0
2026-03-19 09:00:00,69985.19,70560.91,69971.99,70513.0,1262.65596000,1773914399999,88780872.21680900,223886,679.04930000,47751143.21687060,0
2026-03-19 10:00:00,70513.0,70538.74,70117.0,70133.72,613.17552000,1773917999999,43160949.08155860,124422,268.86791000,18926095.23129730,0
2026-03-19 11:00:00,70133.73,70259.37,69909.09,69952.75,542.70053000,1773921599999,38023878.22124200,123680,195.64389000,13710962.30869730,0
2026-03-19 12:00:00,69952.75,69952.76,69105.49,69290.27,1452.42038000,1773925199999,101065558.95257310,274900,582.80236000,40550959.28858750,0
2026-03-19 13:00:00,69290.28,70084.35,69081.51,69905.65,1720.19325000,1773928799999,119458350.67307930,473306,890.86947000,61894862.12157120,0
2026-03-19 14:00:00,69905.65,70179.53,69096.16,69482.25,1636.49639000,1773932399999,113585518.87722720,399716,715.77467000,49706895.89110530,0
2026-03-19 15:00:00,69482.24,69917.87,68793.35,69412.51,1898.28931000,1773935999999,131477295.15360060,389361,953.88696000,66097686.05765320,0
2026-03-19 16:00:00,69412.52,69642.35,69177.19,69455.86,858.32753000,1773939599999,59567168.97300070,279945,492.02558000,34145080.44100590,0
2026-03-19 17:00:00,69455.86,69954.18,69122.03,69854.16,759.67868000,1773943199999,52817725.59730470,236298,479.07306000,33319285.29706920,0
2026-03-19 18:00:00,69854.15,69931.1,69581.55,69821.21,442.61763000,1773946799999,30873259.50118590,167373,235.69976000,16441236.54623370,0
2026-03-19 19:00:00,69821.21,70596.42,69805.33,70271.99,1190.55299000,1773950399999,83703288.55062890,350207,691.89170000,48642043.02502290,0
2026-03-19 20:00:00,70272.0,70676.0,70201.0,70483.03,488.71031000,1773953999999,34420949.73599310,107844,319.73708000,22522900.98153920,0
2026-03-19 21:00:00,70483.03,70695.6,70371.19,70413.47,418.78383000,1773957599999,29539657.85840040,111392,183.96126000,12975608.44549320,0
2026-03-19 22:00:00,70413.46,70501.89,69954.05,70183.99,551.74820000,1773961199999,38750806.94639240,123086,203.93185000,14325277.01616350,0
2026-03-19 23:00:00,70184.0,70282.47,69718.23,69930.0,592.04663000,1773964799999,41435959.43090240,131592,238.98208000,16724781.02225560,0
2026-03-20 00:00:00,69930.01,70311.12,69837.1,70181.0,871.72419000,1773968399999,61099657.99757660,140310,554.94529000,38898667.03326950,0
2026-03-20 01:00:00,70181.0,70588.5,70181.0,70403.79,526.82154000,1773971999999,37099306.99972490,143190,329.31045000,23190657.15362930,0
2026-03-20 02:00:00,70403.8,70516.16,70086.86,70415.47,312.91426000,1773975599999,21995861.23243140,109755,166.84802000,11730603.98731860,0
2026-03-20 03:00:00,70415.48,70809.43,70388.0,70729.92,711.57589000,1773979199999,50275539.89802560,140086,435.33283000,30760018.46868510,0
2026-03-20 04:00:00,70729.93,70969.71,70557.91,70783.69,546.53749000,1773982799999,38690338.08955820,99782,309.33071000,21900147.34465400,0
2026-03-20 05:00:00,70783.7,70867.44,70521.73,70606.24,367.69531000,1773986399999,25988752.00685730,64317,206.54952000,14599142.09006960,0
2026-03-20 06:00:00,70606.23,70646.93,70346.49,70502.9,758.81391000,1773989999999,53499958.36541800,81917,269.05386000,18967937.81332920,0
2026-03-20 07:00:00,70502.91,70939.58,70160.06,70854.66,936.89906000,1773993599999,66155511.48153800,108110,462.02032000,32633393.36108950,0
2026-03-20 08:00:00,70854.66,71367.0,70800.0,71042.23,1011.96314000,1773997199999,71994361.98320550,155511,529.21105000,37652148.11223380,0
2026-03-20 09:00:00,71042.23,71042.23,70419.65,70583.8,885.49116000,1774000799999,62625465.65973950,145152,272.20455000,19240215.34079640,0
2026-03-20 10:00:00,70583.81,70670.43,70218.68,70611.68,609.11713000,1774004399999,42907563.09960500,152511,244.38509000,17218604.07897320,0
2026-03-20 11:00:00,70611.68,70810.81,70303.36,70478.71,605.56445000,1774007999999,42745068.22547370,117297,311.92509000,22032454.87012960,0
2026-03-20 12:00:00,70478.71,70685.63,70251.0,70342.63,613.27107000,1774011599999,43204525.13559320,160744,254.20593000,17911384.72129390,0
2026-03-20 13:00:00,70342.63,70613.75,69795.7,69863.84,1225.89394000,1774015199999,86023937.11450090,381953,509.54543000,35757176.52203060,0
2026-03-20 14:00:00,69863.85,70268.66,69589.38,69731.21,1679.84994000,1774018799999,117344085.00411770,462646,716.40904000,50067965.47892920,0
2026-03-20 15:00:00,69731.2,70002.68,69480.0,69860.09,1196.90076000,1774022399999,83493362.92698410,339941,599.75445000,41849006.20541360,0
2026-03-20 16:00:00,69860.09,70100.0,69608.54,69829.26,922.25773000,1774025999999,64460463.44451350,275811,448.11597000,31326017.36014150,0
2026-03-20 17:00:00,69829.27,70039.78,69388.0,70000.0,998.84797000,1774029599999,69631317.23319380,297124,513.14661000,35779801.14582250,0
2026-03-20 18:00:00,69999.99,70071.81,69525.33,69770.0,630.47960000,1774033199999,44016722.16282720,260214,310.11685000,21652969.72185760,0
2026-03-20 19:00:00,69770.01,70190.18,69673.76,70177.86,528.39593000,1774036799999,36948768.00693340,208941,273.63077000,19136712.48745440,0
2026-03-20 20:00:00,70177.85,70259.28,69754.71,70057.66,435.39665000,1774040399999,30481116.00435090,133775,215.06058000,15057870.46719320,0
2026-03-20 21:00:00,70057.66,70726.13,69946.65,70540.73,780.46042000,1774043999999,54974110.41096550,170683,395.03924000,27827182.89267990,0
2026-03-20 22:00:00,70540.72,70923.75,70532.0,70767.85,591.69583000,1774047599999,41874784.32253540,122849,300.29425000,21252105.22271820,0
2026-03-20 23:00:00,70767.85,70771.13,70430.0,70510.73,372.60008000,1774051199999,26282263.88300110,97352,174.97621000,12339756.34710250,0
2026-03-21 00:00:00,70510.73,70826.0,70467.36,70682.19,274.67077000,1774054799999,19405449.39867660,96177,169.15519000,11952860.51028020,0
2026-03-21 01:00:00,70682.2,70758.5,70445.36,70464.59,375.95226000,1774058399999,26534792.43801500,69998,154.45884000,10906254.45579230,0
2026-03-21 02:00:00,70464.6,70785.9,70431.67,70737.6,316.88084000,1774061999999,22370737.76593120,68014,201.04398000,14192879.12489360,0
2026-03-21 03:00:00,70737.6,70784.07,70632.39,70657.35,226.82019000,1774065599999,16033191.96206460,56042,62.52815000,4419808.69009160,0
2026-03-21 04:00:00,70657.35,70819.0,70617.05,70642.13,487.10407000,1774069199999,34443455.01602560,70878,264.12264000,18677249.46494600,0
2026-03-21 05:00:00,70642.14,70834.46,70635.1,70697.94,941.44912000,1774072799999,66603042.45351420,71248,554.01103000,39195238.10424820,0
2026-03-21 06:00:00,70697.94,70831.14,70693.06,70774.65,857.26608000,1774076399999,60670292.12521230,66267,375.51803000,26575005.73099580,0
2026-03-21 07:00:00,70773.55,70879.76,70677.44,70727.33,431.42703000,1774079999999,30532258.99622500,57015,224.39041000,15880022.98371700,0
2026-03-21 08:00:00,70727.33,70753.79,70492.02,70594.43,956.10118000,1774083599999,67518854.98243090,77638,348.51309000,24606216.82278580,0
2026-03-21 09:00:00,70594.42,70735.36,70570.4,70661.59,204.69969000,1774087199999,14464878.70148220,53011,89.96878000,6357957.34035680,0
2026-03-21 10:00:00,70661.59,70695.32,70559.69,70605.64,524.32782000,1774090799999,37025258.31728450,42966,245.19370000,17321678.60462760,0
2026-03-21 11:00:00,70605.64,70652.73,70567.79,70652.72,360.21459000,1774094399999,25434634.41881940,28847,284.08518000,20059421.15142760,0
2026-03-21 12:00:00,70652.73,70800.0,70652.73,70722.61,199.41863000,1774097999999,14106130.81433390,51001,99.56019000,7042657.99881770,0
2026-03-21 13:00:00,70722.61,70812.74,70707.12,70740.18,171.54370000,1774101599999,12135958.96075660,44402,95.27531000,6740278.62362100,0
2026-03-21 14:00:00,70740.18,71100.94,70592.53,70629.1,873.72717000,1774105199999,61936438.38483190,106164,458.78074000,32541148.45940170,0
2026-03-21 15:00:00,70629.09,70760.0,70453.09,70630.02,399.45062000,1774108799999,28208569.21602070,74229,115.52671000,8158132.78230830,0
2026-03-21 16:00:00,70630.02,70652.64,70251.0,70301.66,435.70425000,1774112399999,30701496.87127340,76254,150.61495000,10607744.51095790,0
2026-03-21 17:00:00,70301.66,70426.18,70210.0,70304.08,444.64800000,1774115999999,31287458.67229620,57273,261.83878000,18426976.42184560,0
2026-03-21 18:00:00,70303.45,70534.38,70290.48,70389.19,200.58580000,1774119599999,14124440.92306790,40969,114.40981000,8057290.43949870,0
2026-03-21 19:00:00,70389.18,70448.79,70324.7,70396.0,140.45698000,1774123199999,9888500.09056680,32378,68.06685000,4791996.26804880,0
2026-03-21 20:00:00,70396.01,70508.11,70358.9,70462.28,697.39549000,1774126799999,49130109.40416520,43747,368.03195000,25931999.47682810,0
2026-03-21 21:00:00,70462.27,70516.82,70268.06,70345.57,629.83259000,1774130399999,44342352.97527230,49380,294.03196000,20709908.51388290,0
2026-03-21 22:00:00,70345.57,70384.95,70265.55,70277.22,737.88495000,1774133999999,51880485.96366080,49969,428.89667000,30156267.01299060,0
2026-03-21 23:00:00,70277.21,70293.82,68571.42,68918.12,2509.60568000,1774137599999,173915093.17449680,256219,951.67019000,65847367.44179090,0
2026-03-22 00:00:00,68918.12,69155.86,68228.5,68954.71,2161.16442000,1774141199999,148582479.94605500,367565,1101.38693000,75739058.68893530,0
2026-03-22 01:00:00,68954.7,69100.0,68762.31,68962.4,809.55651000,1774144799999,55826958.61846560,143545,408.40998000,28168959.95441400,0
2026-03-22 02:00:00,68962.4,69411.1,68951.21,69278.12,506.62838000,1774148399999,35062455.40266900,136935,295.53734000,20453133.77266350,0
2026-03-22 03:00:00,69278.12,69588.79,69123.13,69339.99,671.14040000,1774151999999,46551314.32993140,126421,344.11045000,23866710.49885470,0
2026-03-22 04:00:00,69340.0,69526.85,69215.89,69358.0,626.75701000,1774155599999,43467744.86032950,92158,378.67115000,26263706.09451850,0
2026-03-22 05:00:00,69358.0,69358.0,69150.0,69153.41,322.14134000,1774159199999,22300123.36766170,69460,120.08091000,8311424.63755140,0
2026-03-22 06:00:00,69153.41,69245.79,69059.87,69164.06,378.08519000,1774162799999,26142665.60982580,71456,173.24622000,11978537.58247810,0
2026-03-22 07:00:00,69164.06,69250.08,68892.93,68919.38,432.94301000,1774166399999,29913547.40772000,88187,187.53801000,12959695.47878930,0
2026-03-22 08:00:00,68919.37,68990.67,68523.96,68804.77,1053.77702000,1774169999999,72448197.06307330,151020,411.86597000,28323106.79188740,0
2026-03-22 09:00:00,68804.77,68901.65,68587.78,68826.2,383.82763000,1774173599999,26392580.31005950,101810,186.07681000,12796875.37916120,0
2026-03-22 10:00:00,68826.21,68847.83,68584.27,68648.17,360.03346000,1774177199999,24736844.45032350,83416,185.92382000,12772897.34722350,0
2026-03-22 11:00:00,68648.16,68691.03,68110.55,68217.95,784.43160000,1774180799999,53643521.34412140,161951,361.78492000,24743723.14748940,0
2026-03-22 12:00:00,68217.94,68763.18,68199.04,68654.83,484.24300000,1774184399999,33167690.15161010,137952,314.90531000,21566881.81264250,0
2026-03-22 13:00:00,68654.83,68957.24,68548.32,68700.02,548.07349000,1774187999999,37687958.90332960,120737,306.87403000,21101715.19459450,0
2026-03-22 14:00:00,68700.02,68915.27,68542.1,68711.66,385.54476000,1774191599999,26501930.14614220,113564,201.13620000,13826561.63367860,0
2026-03-22 15:00:00,68711.66,69005.71,68700.0,68847.96,391.17296000,1774195199999,26931920.97240600,105167,225.94324000,15559377.04369960,0
2026-03-22 16:00:00,68847.97,68885.53,68665.62,68805.58,258.25035000,1774198799999,17758720.81485980,66985,128.42687000,8831271.93300340,0
2026-03-22 17:00:00,68805.58,68848.32,68665.34,68673.02,252.16281000,1774202399999,17337039.10280390,68536,84.97551000,5843691.72024690,0
2026-03-22 18:00:00,68672.85,68743.18,68344.57,68618.58,340.01718000,1774205999999,23311468.18290300,87870,134.64772000,9232220.00583320,0
2026-03-22 19:00:00,68618.57,68626.07,68145.01,68199.93,472.99305000,1774209599999,32325243.95868650,99026,157.82885000,10784369.49628220,0
2026-03-22 20:00:00,68199.93,68498.4,68080.0,68176.46,319.53245000,1774213199999,21820024.69546550,107966,153.24118000,10466142.84762570,0
2026-03-22 21:00:00,68176.47,68228.71,67360.66,67899.97,1535.47353000,1774216799999,104013959.13780570,295974,662.10631000,44847997.04221090,0
2026-03-22 22:00:00,67899.97,68396.94,67571.67,68339.37,856.56100000,1774220399999,58308016.28511740,283518,519.24353000,35339852.45231220,0
2026-03-22 23:00:00,68339.38,68474.0,67839.99,67859.0,509.27627000,1774223999999,34694070.25833200,187933,248.36207000,16922177.69573890,0
2026-03-23 00:00:00,67859.0,68161.41,67445.18,67669.99,823.69218000,1774227599999,55883049.55012820,295600,419.87487000,28494425.06167600,0
2026-03-23 01:00:00,67670.0,68157.31,67536.01,67905.0,628.21786000,1774231199999,42680039.54469190,227841,309.02578000,20994803.82549080,0
2026-03-23 02:00:00,67905.0,68400.0,67801.67,68320.72,627.90507000,1774234799999,42788203.24316080,173508,367.01686000,25002480.54701480,0
2026-03-23 03:00:00,68320.72,68585.12,68059.88,68074.6,415.80047000,1774238399999,28383728.49717080,148043,191.92998000,13101321.68907980,0
2026-03-23 04:00:00,68074.6,68550.0,68057.56,68541.0,486.61149000,1774241999999,33238892.49361480,104776,362.15043000,24741089.76707080,0
2026-03-23 05:00:00,68541.0,68915.4,68541.0,68899.92,1162.54953000,1774245599999,79881933.79126270,187688,676.30235000,46472773.66646550,0
2026-03-23 06:00:00,68899.92,68904.42,67698.86,67874.19,1218.88217000,1774249199999,83204700.86168660,261593,531.68844000,36288055.94412990,0
2026-03-23 07:00:00,67874.2,68464.42,67502.48,68333.16,1946.35809000,1774252799999,132575275.27472280,302421,1133.44197000,77223086.42384690,0
2026-03-23 08:00:00,68333.16,68696.91,68328.55,68434.26,1238.43118000,1774256399999,84871298.01125310,239004,598.10001000,40987133.88064920,0
2026-03-23 09:00:00,68434.27,68471.11,67916.14,68334.01,382.31585000,1774259999999,26074091.54033260,182959,183.49295000,12515020.80830140,0
2026-03-23 10:00:00,68334.01,68714.28,68299.82,68551.02,494.85509000,1774263599999,33884192.71796990,172107,302.62361000,20717092.16773150,0
2026-03-23 11:00:00,68551.02,71499.0,68544.15,70122.15,7050.35572000,1774267199999,497532188.05011470,913738,3582.17996000,252760939.83489510,0
2026-03-23 12:00:00,70122.15,70877.35,69671.95,70752.15,1915.66623000,1774270799999,134656253.94302930,525908,1115.70217000,78440938.71159860,0
2026-03-23 13:00:00,70752.14,71587.98,70600.0,71481.13,1712.52184000,1774274399999,121717067.74688820,563242,912.92681000,64909742.13495560,0
2026-03-23 14:00:00,71481.13,71817.09,71127.14,71446.46,1663.17727000,1774277999999,118909727.80880890,485299,775.81507000,55469926.06711840,0
2026-03-23 15:00:00,71446.46,71660.01,70103.21,70131.48,2051.70929000,1774281599999,145102024.63388040,380522,823.63501000,58256071.56054570,0
2026-03-23 16:00:00,70131.48,70753.43,70131.47,70561.54,1367.86918000,1774285199999,96293308.78522470,395790,668.43418000,47055017.90863440,0
2026-03-23 17:00:00,70561.54,71119.09,70363.63,71085.16,673.70407000,1774288799999,47696237.21374710,243080,372.59124000,26383598.80483950,0
2026-03-23 18:00:00,71085.16,71195.21,70879.85,71076.22,593.89042000,1774292399999,42182922.35668250,191543,299.40421000,21269560.13589680,0
2026-03-23 19:00:00,71076.22,71246.01,70649.4,70679.05,615.85820000,1774295999999,43704405.68962990,142253,345.03172000,24497526.27733210,0
2026-03-23 20:00:00,70679.04,70983.33,70559.03,70915.59,394.04509000,1774299599999,27895155.71330320,88010,237.74674000,16833322.77045630,0
2026-03-23 21:00:00,70915.59,70998.0,70827.66,70851.35,222.54858000,1774303199999,15783456.40169960,61694,111.34205000,7896258.61380430,0
2026-03-23 22:00:00,70851.36,70896.76,70520.22,70780.22,279.98300000,1774306799999,19787285.56358120,106672,124.72015000,8815077.45779140,0
2026-03-23 23:00:00,70780.22,70998.0,70404.39,70906.45,368.14332000,1774310399999,26029729.79911020,116439,195.79574000,13845511.39645690,0
2026-03-24 00:00:00,70906.45,71099.96,70423.36,70679.2,735.82970000,1774313999999,52063466.79721130,179012,348.91554000,24696127.87104820,0
2026-03-24 01:00:00,70679.2,70891.53,70278.46,70516.57,730.30371000,1774317599999,51552200.88129830,152627,308.74452000,21816620.78175920,0
2026-03-24 02:00:00,70516.57,70698.0,70369.46,70453.37,431.98798000,1774321199999,30466918.51982140,128346,205.69315000,14508573.50492760,0
2026-03-24 03:00:00,70453.38,70583.36,70404.54,70542.9,380.97532000,1774324799999,26853045.41811220,97350,172.38846000,12150363.61868650,0
2026-03-24 04:00:00,70542.9,70741.64,70247.91,70372.44,474.91642000,1774328399999,33468232.64657620,107640,175.45645000,12371213.06284660,0
2026-03-24 05:00:00,70372.45,70374.38,70119.06,70283.85,641.69358000,1774331999999,45070852.17777210,119949,266.09114000,18688182.32234970,0
2026-03-24 06:00:00,70283.84,70572.83,70253.23,70541.38,850.05748000,1774335599999,59847193.02414730,108110,378.02709000,26619988.57593060,0
2026-03-24 07:00:00,70541.39,71400.0,70488.0,71291.7,1722.67702000,1774339199999,122202364.77204140,189414,887.04183000,62925660.29130050,0
2026-03-24 08:00:00,71291.7,71349.1,70850.11,70964.15,725.27631000,1774342799999,51536886.80347410,138808,272.54121000,19369114.73282180,0
2026-03-24 09:00:00,70964.16,71368.61,70851.77,71316.97,511.50447000,1774346399999,36378678.17209850,116743,281.85817000,20044216.70705800,0
2026-03-24 10:00:00,71316.98,71328.59,71078.09,71272.87,680.81546000,1774349999999,48487843.38373030,112622,342.16617000,24367909.33861760,0
2026-03-24 11:00:00,71272.87,71327.26,70964.94,71157.77,560.33228000,1774353599999,39860053.20405810,136770,332.95753000,23688403.83725480,0
2026-03-24 12:00:00,71157.77,71177.66,70860.18,70956.48,460.81810000,1774357199999,32706339.98693000,124099,179.41110000,12735276.04674510,0
2026-03-24 13:00:00,70956.48,71059.59,69968.02,70100.46,1729.62355000,1774360799999,121812661.28653820,345875,577.98892000,40716365.13596180,0
2026-03-24 14:00:00,70100.46,70462.91,69507.34,69869.93,1973.02189000,1774364399999,137890893.59551350,430775,889.24156000,62155540.41327670,0
2026-03-24 15:00:00,69869.93,70255.37,69770.85,69873.04,1419.67177000,1774367999999,99418672.63641590,298117,737.04580000,51641483.95519310,0
2026-03-24 16:00:00,69873.04,70001.92,69340.08,69476.87,889.76128000,1774371599999,61969153.62340480,227733,363.29246000,25312450.28423110,0
2026-03-24 17:00:00,69476.88,69512.73,68923.07,69238.43,1294.24297000,1774375199999,89493283.24084220,285284,596.57536000,41258895.71187610,0
2026-03-24 18:00:00,69238.44,69746.4,69168.64,69430.24,808.06583000,1774378799999,56104059.14223480,188647,415.35515000,28839523.90175110,0
2026-03-24 19:00:00,69430.25,69700.0,69277.04,69377.33,547.42601000,1774382399999,38041000.31379310,119554,291.68374000,20271124.59921340,0
2026-03-24 20:00:00,69377.33,70295.54,69296.15,70093.19,1018.45154000,1774385999999,71265625.77022620,228994,614.78938000,43017177.55975640,0
2026-03-24 21:00:00,70093.19,70400.0,69901.39,70332.93,686.65263000,1774389599999,48165041.60474480,120092,349.77796000,24535457.46071820,0
2026-03-24 22:00:00,70332.93,70586.86,70140.5,70316.96,686.91503000,1774393199999,48341500.09786180,118774,301.35997000,21206478.60726870,0
2026-03-24 23:00:00,70316.96,70832.54,70270.0,70556.74,741.40211000,1774396799999,52365262.11111800,115993,443.44777000,31317890.97431990,0
2026-03-25 00:00:00,70556.74,71100.28,70476.9,70840.75,784.33083000,1774400399999,55558208.58821360,134813,502.33008000,35589394.24214770,0
2026-03-25 01:00:00,70840.75,70977.35,70629.72,70677.18,624.19197000,1774403999999,44180116.42160410,115626,260.26494000,18421771.13749170,0
2026-03-25 02:00:00,70677.19,70781.39,70490.77,70531.09,582.86416000,1774407599999,41164058.80327500,98739,250.20651000,17675693.65994310,0
2026-03-25 03:00:00,70531.1,70808.37,70408.0,70716.7,513.15296000,1774411199999,36204302.05492940,97953,230.92617000,16297850.41767860,0
2026-03-25 04:00:00,70716.7,70977.49,70703.83,70968.64,623.46021000,1774414799999,44155662.46162140,84444,328.28151000,23248831.11606740,0
2026-03-25 05:00:00,70968.64,71345.0,70940.0,71117.66,850.19172000,1774418399999,60511179.89169800,126750,450.52945000,32062003.65999140,0
2026-03-25 06:00:00,71117.65,71260.0,70984.67,70991.83,934.75878000,1774421999999,66521455.91246210,92794,489.62896000,34847125.86255380,0
2026-03-25 07:00:00,70991.82,71270.11,70891.31,70926.88,470.72474000,1774425599999,33448859.29279020,91663,178.64052000,12696641.79814370,0
2026-03-25 08:00:00,70926.88,71503.94,70800.0,71248.39,1150.83138000,1774429199999,82017365.87121800,161877,621.09047000,44300954.39778900,0
2026-03-25 09:00:00,71248.4,71415.12,71101.99,71345.91,598.42707000,1774432799999,42657853.09045660,102886,332.09320000,23676487.56346050,0
2026-03-25 10:00:00,71345.91,71641.91,71291.69,71501.39,485.22161000,1774436399999,34669351.32194260,102655,272.39305000,19462451.13195910,0
2026-03-25 11:00:00,71501.4,72026.09,71470.49,71678.97,1053.03231000,1774439999999,75596857.45769080,164755,618.72832000,44432099.66353120,0
2026-03-25 12:00:00,71678.97,71955.17,71105.43,71715.24,1032.92186000,1774443599999,73855260.73157430,222476,450.96839000,32261181.30682470,0
2026-03-25 13:00:00,71715.24,71963.71,71515.84,71581.42,982.27587000,1774447199999,70476068.31710780,243148,413.44611000,29670465.19848030,0
2026-03-25 14:00:00,71581.42,71699.87,71230.51,71234.28,810.44092000,1774450799999,57880870.21727420,231368,324.78535000,23196922.46718950,0
2026-03-25 15:00:00,71234.28,71301.37,70530.47,70832.99,1384.84596000,1774454399999,98160696.97169700,253581,507.99650000,36020902.77654950,0
2026-03-25 16:00:00,70832.99,71752.88,70719.26,71324.01,1283.82328000,1774457999999,91513901.33963800,222753,764.53158000,54489250.00788490,0
2026-03-25 17:00:00,71324.01,71389.14,70720.38,70779.0,662.98589000,1774461599999,47091422.04087550,167487,272.18968000,19328124.74810200,0
2026-03-25 18:00:00,70778.99,71149.07,70681.07,70810.34,535.29926000,1774465199999,37953343.51561650,140697,272.80668000,19343915.79158370,0
2026-03-25 19:00:00,70810.34,71093.37,70777.51,70883.31,513.05944000,1774468799999,36388337.12842570,121601,296.15332000,21004951.45094120,0
2026-03-25 20:00:00,70883.32,71058.82,70646.34,71009.5,573.58151000,1774472399999,40616848.81383540,80576,247.34199000,17520071.93913090,0
2026-03-25 21:00:00,71009.5,71175.0,70949.3,71035.24,379.86408000,1774475999999,26982943.25911110,65254,190.79629000,13551993.66435330,0
2026-03-25 22:00:00,71035.25,71594.11,70947.61,71369.08,505.87572000,1774479599999,36057415.57215480,95958,296.22366000,21114970.49251360,0
2026-03-25 23:00:00,71369.07,71511.83,71189.55,71336.53,383.33913000,1774483199999,27355609.46422010,79048,247.42514000,17660928.39785550,0
2026-03-26 00:00:00,71336.53,71436.82,71142.38,71299.27,548.42613000,1774486799999,39104605.40408570,95558,273.11276000,19474834.90375840,0
2026-03-26 01:00:00,71299.27,71377.04,71159.06,71252.11,522.16838000,1774490399999,37223820.81806010,83536,375.67576000,26781874.69912320,0
2026-03-26 02:00:00,71252.11,71289.49,70672.37,70893.01,575.89477000,1774493999999,40837477.73900180,102953,220.80328000,15656551.85745770,0
2026-03-26 03:00:00,70893.01,70968.66,70685.69,70921.47,510.54950000,1774497599999,36176640.00434880,84615,233.79060000,16567632.00732170,0
2026-03-26 04:00:00,70921.47,70921.47,70721.46,70772.01,433.11432000,1774501199999,30677604.47124890,60803,263.57610000,18669337.12247830,0
2026-03-26 05:00:00,70772.01,70796.32,69942.96,70016.98,1271.74189000,1774504799999,89549585.60970370,175909,462.52382000,32574705.29760960,0
2026-03-26 06:00:00,70016.97,70152.63,69855.73,70097.18,1016.19011000,1774508399999,71146726.90574060,132707,613.76021000,42972143.06584420,0
2026-03-26 07:00:00,70097.19,70167.6,69805.0,70087.44,713.03812000,1774511999999,49930100.83095070,120638,315.36266000,22081371.22891790,0
2026-03-26 08:00:00,70087.44,70127.69,69806.39,70024.77,510.82818000,1774515599999,35730304.35018500,122097,303.56291000,21229995.86647770,0
2026-03-26 09:00:00,70024.78,70144.44,69409.67,69562.41,1313.07806000,1774519199999,91548239.89686250,187473,627.71021000,43778129.94252300,0
2026-03-26 10:00:00,69562.41,69719.96,69464.58,69517.68,694.15594000,1774522799999,48291498.47269580,123128,314.68491000,21892286.11693480,0
2026-03-26 11:00:00,69517.68,69667.56,69192.96,69276.01,803.66639000,1774526399999,55784918.93694990,149846,359.46347000,24953912.48788620,0
2026-03-26 12:00:00,69276.01,69461.28,69226.34,69436.42,589.82378000,1774529999999,40910167.57911150,117973,288.21113000,19990124.16086950,0
2026-03-26 13:00:00,69436.42,69877.45,69218.0,69646.59,1361.59869000,1774533599999,94707511.06446120,245803,742.39884000,51644090.64018050,0
2026-03-26 14:00:00,69646.59,69837.12,69259.25,69479.92,943.35709000,1774537199999,65638763.16332210,272787,435.51104000,30305509.96029470,0
2026-03-26 15:00:00,69479.91,69497.73,68632.4,69082.64,1805.07582000,1774540799999,124570284.83205380,317311,756.65647000,52213606.46892630,0
2026-03-26 16:00:00,69082.64,69142.94,68823.21,68932.52,949.52674000,1774544399999,65491568.64773330,184122,446.24046000,30784630.99431480,0
2026-03-26 17:00:00,68932.53,69162.0,68377.83,68486.86,1130.52816000,1774547999999,77738780.80890530,163517,428.06111000,29438726.55208870,0
2026-03-26 18:00:00,68486.86,68603.75,68153.0,68497.25,1402.56662000,1774551599999,95839395.98630270,198126,682.93004000,46667381.87473170,0
2026-03-26 19:00:00,68497.25,68681.54,68358.8,68534.36,543.97259000,1774555199999,37281727.12943220,118557,315.76288000,21641325.13732450,0
2026-03-26 20:00:00,68534.37,69478.42,68436.74,69005.21,1707.65634000,1774558799999,118014525.06580190,234687,927.64174000,64113784.79831310,0
2026-03-26 21:00:00,69005.21,69205.43,68879.05,68921.1,598.68777000,1774562399999,41310055.38882210,89758,296.01404000,20424293.29033970,0
2026-03-26 22:00:00,68921.1,69028.89,68603.24,68892.67,484.39394000,1774565999999,33338713.39423180,126742,243.12046000,16734711.59214040,0
2026-03-26 23:00:00,68892.66,68994.16,68640.0,68820.31,390.41835000,1774569599999,26856717.83982770,89056,189.81977000,13059041.52426300,0
2026-03-27 00:00:00,68820.31,68965.15,68531.37,68785.01,634.46014000,1774573199999,43637608.35444270,120554,337.06123000,23183515.19077490,0
2026-03-27 01:00:00,68785.0,69066.51,68700.0,69051.27,555.05692000,1774576799999,38217927.53969280,81547,362.01475000,24927982.19117170,0
2026-03-27 02:00:00,69051.27,69179.05,68862.0,68903.59,948.45642000,1774580399999,65424849.50742050,85960,447.90346000,30893380.64530060,0
2026-03-27 03:00:00,68903.58,68924.0,68668.72,68767.51,576.98772000,1774583999999,39700779.07623390,83396,297.03494000,20440046.05378050,0
2026-03-27 04:00:00,68767.5,68791.4,68304.14,68578.0,846.47748000,1774587599999,58002851.66218380,120439,433.95077000,29737791.61815070,0
2026-03-27 05:00:00,68577.99,68865.88,68511.79,68630.77,773.74806000,1774591199999,53098355.26479390,91846,423.57139000,29069582.15651830,0
2026-03-27 06:00:00,68630.76,68846.0,68567.62,68656.15,672.08820000,1774594799999,46206891.89150750,79741,330.01666000,22690232.86948940,0
2026-03-27 07:00:00,68656.16,68955.53,68399.18,68540.48,1641.76445000,1774598399999,112737917.47460810,147192,855.73167000,58773096.21724510,0
2026-03-27 08:00:00,68540.49,68635.07,67609.29,67920.5,1817.58289000,1774601999999,123695256.47474480,222657,878.24979000,59788807.39665730,0
2026-03-27 09:00:00,67920.51,67960.32,67548.67,67695.81,812.25094000,1774605599999,55058671.90616170,140738,380.40689000,25789667.83975510,0
2026-03-27 10:00:00,67695.81,67778.99,66326.38,66502.41,3012.92630000,1774609199999,201755480.00225630,359696,1447.77384000,96932290.38168420,0
2026-03-27 11:00:00,66502.41,66848.05,66231.96,66702.78,1683.20205000,1774612799999,112095924.41027210,243482,792.42324000,52783138.34301580,0
2026-03-27 12:00:00,66702.78,66773.25,66432.19,66619.76,964.55681000,1774616399999,64243646.39264250,159337,456.89131000,30433974.60731180,0
2026-03-27 13:00:00,66619.75,66757.3,66025.0,66188.32,2427.72498000,1774619999999,161389872.55385020,335472,1283.79735000,85394815.71822820,0
2026-03-27 14:00:00,66188.31,66404.0,65730.17,66205.06,2475.49917000,1774623599999,163380657.52300920,381936,1148.15296000,75789486.33697710,0
2026-03-27 15:00:00,66205.07,66638.25,65958.75,66112.82,2405.26081000,1774627199999,159434669.59457590,299637,1340.55904000,88858724.24813580,0
2026-03-27 16:00:00,66112.82,66177.99,65812.43,65979.29,1226.73521000,1774630799999,80892529.49278190,241633,603.29776000,39782159.63507740,0
2026-03-27 17:00:00,65979.29,66290.0,65600.0,65632.92,1002.16119000,1774634399999,66069852.49488630,225333,473.59636000,31238611.31315730,0
2026-03-27 18:00:00,65632.93,65951.96,65548.25,65836.69,915.82085000,1774637999999,60195917.08196680,206020,518.46382000,34078521.44960060,0
2026-03-27 19:00:00,65836.69,66145.0,65700.0,66040.66,818.34010000,1774641599999,53961395.75827350,184532,502.27018000,33124195.07890060,0
2026-03-27 20:00:00,66040.65,66152.51,65817.44,66020.76,511.09525000,1774645199999,33733833.00462220,117420,216.38785000,14282788.67307730,0
2026-03-27 21:00:00,66020.77,66186.01,66013.0,66098.0,636.71362000,1774648799999,42098659.49136080,83512,354.24693000,23423579.44727570,0
2026-03-27 22:00:00,66098.0,66098.01,65920.0,66020.79,739.86415000,1774652399999,48839683.54914210,74328,438.24286000,28926722.59549010,0
2026-03-27 23:00:00,66020.79,66420.75,65970.25,66407.28,504.92186000,1774655999999,33444992.20848350,72898,246.58348000,16336916.25890550,0
2026-03-28 00:00:00,66407.28,66520.46,66293.35,66431.55,499.89072000,1774659599999,33198383.73059700,86952,253.99010000,16866744.14287290,0
2026-03-28 01:00:00,66431.54,66431.55,66056.09,66178.85,613.17173000,1774663199999,40598062.62694250,81732,274.16418000,18146036.74727190,0
2026-03-28 02:00:00,66178.86,66251.67,65932.09,66053.2,490.39923000,1774666799999,32405564.61185520,81892,158.48619000,10471709.97489370,0
2026-03-28 03:00:00,66053.2,66259.66,66053.19,66240.0,705.96536000,1774670399999,46727833.31145880,59126,398.86219000,26402259.03474300,0
2026-03-28 04:00:00,66240.0,66304.72,66110.0,66285.01,452.84284000,1774673999999,29999288.36554050,54008,267.49518000,17722645.04930260,0
2026-03-28 05:00:00,66285.01,66407.96,66202.01,66341.9,675.62625000,1774677599999,44802651.68009220,58286,308.16006000,20434087.52554830,0
2026-03-28 06:00:00,66341.9,66500.0,66308.93,66382.0,485.97016000,1774681199999,32279881.08608260,61628,239.82130000,15932664.06082510,0
2026-03-28 07:00:00,66382.0,66573.61,66379.8,66561.48,737.38217000,1774684799999,49008730.42809200,55289,528.61544000,35132294.97251470,0
2026-03-28 08:00:00,66561.49,66570.09,66387.06,66409.33,708.34892000,1774688399999,47109348.13096850,58942,309.31577000,20571372.90265460,0
2026-03-28 09:00:00,66409.34,66416.77,66243.01,66311.32,634.09125000,1774691999999,42060968.71219830,66035,169.54262000,11247552.72556790,0
2026-03-28 10:00:00,66311.32,66411.79,66124.4,66221.38,306.12343000,1774695599999,20270327.11429730,55392,106.70232000,7067965.97305440,0
2026-03-28 11:00:00,66221.37,66358.0,66201.91,66319.47,223.42305000,1774699199999,14811128.88993230,39646,125.74980000,8336416.14979270,0
2026-03-28 12:00:00,66319.46,66527.01,66240.87,66455.09,344.10648000,1774702799999,22849246.77835190,58182,179.04094000,11891456.95158850,0
2026-03-28 13:00:00,66455.1,67163.99,66407.65,66835.1,1040.57902000,1774706399999,69551960.55470730,152404,624.10109000,41711212.07157030,0
2026-03-28 14:00:00,66835.1,66967.01,66666.66,66742.1,570.49869000,1774709999999,38117986.24507360,111938,321.46897000,21481176.47366880,0
2026-03-28 15:00:00,66742.09,67288.94,66717.15,67014.91,771.68723000,1774713599999,51762619.75640430,123867,426.80379000,28630215.47913870,0
2026-03-28 16:00:00,67014.92,67096.77,66855.24,66926.95,342.70522000,1774717199999,22957664.80798840,81526,163.81057000,10973430.33520100,0
2026-03-28 17:00:00,66926.94,66996.61,66704.0,66846.21,310.89662000,1774720799999,20778271.03807040,73845,123.03056000,8222725.68567650,0
2026-03-28 18:00:00,66846.2,66963.51,66834.87,66908.03,234.04169000,1774724399999,15658519.19937320,51292,139.67782000,9345477.71669750,0
2026-03-28 19:00:00,66908.03,66954.0,66804.71,66916.52,202.96743000,1774727999999,13572206.76522950,38464,116.55076000,7793627.06331720,0
2026-03-28 20:00:00,66916.52,67010.0,66906.0,66906.0,262.72665000,1774731599999,17588464.20197540,45447,107.16677000,7175802.52017680,0
2026-03-28 21:00:00,66906.0,66926.31,66600.01,66685.53,291.07026000,1774735199999,19443582.67514620,59678,175.66351000,11735449.68495740,0
2026-03-28 22:00:00,66685.53,66788.88,66588.22,66755.88,224.47432000,1774738799999,14971273.66856520,50568,104.16716000,6949577.79658260,0
2026-03-28 23:00:00,66755.88,66755.88,66283.38,66377.03,333.40975000,1774742399999,22152291.06811790,81229,130.65415000,8679511.18623170,0
2026-03-29 00:00:00,66377.04,66500.0,66281.4,66487.93,285.17232000,1774745999999,18940104.94820780,82249,126.84241000,8424578.82749150,0
2026-03-29 01:00:00,66487.93,66620.0,66385.88,66569.22,295.19169000,1774749599999,19638233.74433780,81651,162.49466000,10810788.05421410,0
2026-03-29 02:00:00,66569.22,66843.66,66540.96,66818.0,293.83335000,1774753199999,19596896.20456650,66072,197.94022000,13202105.62320330,0
2026-03-29 03:00:00,66818.01,67130.5,66760.48,66912.0,660.94660000,1774756799999,44197998.49011220,84748,329.17045000,22016104.15187850,0
2026-03-29 04:00:00,66912.0,66936.6,66717.51,66735.14,168.57240000,1774760399999,11266114.99487320,46319,58.55915000,3913497.84029010,0
2026-03-29 05:00:00,66735.14,66828.05,66597.1,66771.94,418.44564000,1774763999999,27908273.43996750,62496,243.37547000,16232661.86258790,0
2026-03-29 06:00:00,66771.94,66872.0,66636.0,66738.5,418.74617000,1774767599999,27951565.13837390,55633,149.68160000,9990325.55984940,0
2026-03-29 07:00:00,66738.5,66752.61,66556.78,66671.0,346.10727000,1774771199999,23069578.64439460,55863,199.10967000,13272503.20192490,0
2026-03-29 08:00:00,66671.0,66772.83,66600.0,66724.0,177.06023000,1774774799999,11809344.07038730,47081,84.54094000,5638791.59947480,0
2026-03-29 09:00:00,66724.0,66773.02,66549.54,66634.01,225.04256000,1774778399999,14999460.68788890,56907,108.63086000,7239577.49127540,0
2026-03-29 10:00:00,66634.01,66634.02,66418.0,66502.79,345.86500000,1774781999999,23003006.56560780,73703,122.78482000,8165965.87762510,0
2026-03-29 11:00:00,66502.8,66988.01,66502.79,66816.28,336.66276000,1774785599999,22490938.69090860,90165,197.28348000,13178206.89287250,0
2026-03-29 12:00:00,66816.29,66870.34,66703.07,66849.88,185.85649000,1774789199999,12412904.91069540,53525,95.03955000,6347672.53872590,0
2026-03-29 13:00:00,66849.88,66875.24,66524.28,66580.36,359.56390000,1774792799999,23967113.07042310,89576,164.70360000,10980759.96393000,0
2026-03-29 14:00:00,66580.36,66797.01,66461.0,66589.64,372.89659000,1774796399999,24825800.47702180,96230,173.48873000,11550874.03406920,0
2026-03-29 15:00:00,66589.64,66730.6,66334.37,66523.0,518.27098000,1774799999999,34458876.40497450,100232,306.15063000,20351170.21320600,0
2026-03-29 16:00:00,66523.01,66665.05,66435.75,66499.35,232.56305000,1774803599999,15477285.40014270,87108,108.53350000,7223766.57586420,0
2026-03-29 17:00:00,66499.36,66546.0,66158.26,66385.84,329.15631000,1774807199999,21833050.07970720,82544,132.67343000,8801351.40797650,0
2026-03-29 18:00:00,66385.84,66540.43,66321.66,66427.26,147.43013000,1774810799999,9792814.76441670,51700,67.75683000,4500521.86854970,0
2026-03-29 19:00:00,66427.27,66477.81,66323.3,66348.62,285.67371000,1774814399999,18971928.21894960,47271,122.71443000,8150127.11126790,0
2026-03-29 20:00:00,66348.61,66793.83,66348.61,66614.05,280.05501000,1774817999999,18652992.28249030,58968,180.66258000,12032143.93926560,0
2026-03-29 21:00:00,66614.04,66756.51,66509.41,66710.12,220.10647000,1774821599999,14666917.30324230,52885,120.26873000,8013792.41874220,0
2026-03-29 22:00:00,66710.12,66710.12,65000.0,65860.31,2219.11979000,1774825199999,145606882.14173930,353171,822.87419000,53991856.66233880,0
2026-03-29 23:00:00,65860.31,66382.98,65859.91,66010.93,930.51742000,1774828799999,61465436.93255800,270080,494.14839000,32644953.63356340,0
2026-03-30 00:00:00,66010.93,67059.66,65800.59,66280.25,1328.87485000,1774832399999,88402491.31970130,387565,749.35114000,49868470.81385670,0
2026-03-30 01:00:00,66280.24,66834.79,66280.24,66653.74,685.87133000,1774835999999,45674533.58327200,192774,423.33421000,28187763.86759410,0
2026-03-30 02:00:00,66653.74,67450.0,66580.01,67121.01,1220.60217000,1774839599999,81805777.58719890,219056,659.48037000,44204253.28901350,0
2026-03-30 03:00:00,67121.01,67319.33,66977.62,67173.8,466.26604000,1774843199999,31308868.61222050,153126,246.45355000,16550547.64911570,0
2026-03-30 04:00:00,67173.8,67650.01,67167.92,67616.29,809.57231000,1774846799999,54608345.18390010,162626,450.76391000,30405399.77046790,0
2026-03-30 05:00:00,67616.28,67800.0,67442.0,67492.46,627.15632000,1774850399999,42407043.35755640,137903,336.04717000,22721900.36901580,0
2026-03-30 06:00:00,67492.46,67585.97,67278.53,67305.14,721.78350000,1774853999999,48625206.80942410,114040,314.70465000,21201650.04250460,0
2026-03-30 07:00:00,67305.14,67624.39,67227.88,67624.39,584.47106000,1774857599999,39388711.28276530,111767,322.58642000,21745220.19611210,0
2026-03-30 08:00:00,67624.39,67946.02,67604.56,67666.44,1729.15176000,1774861199999,117207953.19493650,156355,790.15228000,53573851.27686670,0
2026-03-30 09:00:00,67666.44,67698.62,67460.0,67495.46,607.44273000,1774864799999,41049251.42729010,90232,242.19580000,16364397.99514240,0
2026-03-30 10:00:00,67495.46,67518.37,67360.41,67488.53,255.63666000,1774868399999,17240420.98475330,66480,106.06820000,7153604.87660070,0
2026-03-30 11:00:00,67488.88,68042.3,67488.88,67680.45,790.86208000,1774871999999,53545353.66344450,159590,389.43944000,26377977.27253870,0
2026-03-30 12:00:00,67680.44,67979.93,67666.17,67899.59,627.65449000,1774875599999,42602883.93704980,141000,375.02544000,25455834.68739860,0
2026-03-30 13:00:00,67899.59,68169.65,67428.57,67529.52,1379.99177000,1774879199999,93664794.04403380,251500,527.42492000,35808167.70578680,0
2026-03-30 14:00:00,67529.52,67864.49,67088.73,67799.54,1205.57197000,1774882799999,81266034.65626510,286048,568.28367000,38323396.47323420,0
2026-03-30 15:00:00,67799.54,67896.89,67407.63,67629.4,964.70473000,1774886399999,65275371.15218500,206064,477.05590000,32282253.63977170,0
2026-03-30 16:00:00,67629.4,67641.65,67222.0,67368.1,660.26793000,1774889999999,44495882.45370800,167931,340.22315000,22931018.95730530,0
2026-03-30 17:00:00,67368.1,67465.2,66650.0,66828.02,917.71373000,1774893599999,61464310.69725980,202805,392.80381000,26302133.13410110,0
2026-03-30 18:00:00,66828.02,66929.18,66508.25,66653.46,498.11738000,1774897199999,33224348.75775090,131192,231.61494000,15450459.53656880,0
2026-03-30 19:00:00,66653.45,66664.57,66233.13,66550.05,597.89786000,1774900799999,39708455.61995380,174554,264.65959000,17577067.90727730,0
2026-03-30 20:00:00,66550.06,66691.48,66523.75,66651.4,324.61202000,1774904399999,21626734.13750420,97052,186.60819000,12432587.33779930,0
2026-03-30 21:00:00,66651.41,66994.17,66587.32,66809.3,481.42200000,1774907999999,32176094.05658280,103837,300.52215000,20086689.42286470,0
2026-03-30 22:00:00,66809.3,66989.1,66683.72,66784.98,169.50316000,1774911599999,11323907.01066270,84983,88.94477000,5942175.39689690,0
2026-03-30 23:00:00,66784.97,66797.38,66419.79,66797.37,698.24190000,1774915199999,46524917.36265630,104369,372.17526000,24801157.23354730,0
2026-03-31 00:00:00,66797.38,67303.33,66544.51,67208.75,658.94529000,1774918799999,44099695.95802050,191088,393.59593000,26337297.18462730,0
2026-03-31 01:00:00,67208.74,68408.37,67050.0,67938.54,1458.05548000,1774922399999,99050575.10019290,292849,873.13890000,59302635.77809830,0
2026-03-31 02:00:00,67938.05,68096.87,67775.18,67943.43,435.18783000,1774925999999,29578428.18537370,128083,208.78517000,14193436.69793270,0
2026-03-31 03:00:00,67943.43,68009.99,67648.2,67704.74,387.87365000,1774929599999,26289906.18248110,105922,146.71679000,9947468.19427580,0
2026-03-31 04:00:00,67704.74,67979.38,67405.89,67544.01,1149.88888000,1774933199999,77791058.60147990,123939,414.63081000,28072242.56284930,0
2026-03-31 05:00:00,67544.01,67780.34,67400.0,67681.68,653.43122000,1774936799999,44182442.32722170,133582,376.73227000,25475279.72172830,0
2026-03-31 06:00:00,67681.69,67711.02,67333.33,67492.85,511.27605000,1774940399999,34498903.01793590,121493,217.23934000,14658196.15887340,0
2026-03-31 07:00:00,67492.86,67524.65,67103.32,67367.69,1579.98188000,1774943999999,106359970.37887380,145622,605.41659000,40752722.83813930,0
2026-03-31 08:00:00,67367.7,67496.0,66688.68,66778.33,897.84489000,1774947599999,60236165.71417170,174041,260.15629000,17440128.50515050,0
2026-03-31 09:00:00,66778.34,66924.33,65998.05,66124.99,1512.48446000,1774951199999,100534455.69498610,239700,619.46699000,41195786.67252270,0
2026-03-31 10:00:00,66125.0,66471.08,66100.01,66363.38,788.27557000,1774954799999,52286554.16901580,145303,446.23322000,29600794.36372680,0
2026-03-31 11:00:00,66363.38,66922.58,66240.14,66685.69,989.38590000,1774958399999,65932634.07422250,203458,585.61079000,39041757.43658500,0
2026-03-31 12:00:00,66685.69,66939.9,66520.71,66653.26,539.00678000,1774961999999,35968795.42615870,164024,249.72259000,16669203.41980990,0
2026-03-31 13:00:00,66653.27,67412.11,66653.27,67302.29,1087.22021000,1774965599999,72908698.11796710,258227,516.73142000,34659481.95901590,0
2026-03-31 14:00:00,67302.28,67767.87,66427.53,66587.45,1485.37387000,1774969199999,99828835.82544670,390117,615.24153000,41366461.52203150,0
2026-03-31 15:00:00,66587.46,67283.25,66587.46,66736.8,1025.58837000,1774972799999,68683924.15282990,312283,471.74334000,31592794.24344920,0
2026-03-31 16:00:00,66736.79,68030.19,66729.28,67665.83,1334.03651000,1774976399999,90073634.23369340,426038,791.73792000,53466071.56471700,0
2026-03-31 17:00:00,67665.83,68589.49,67403.81,67526.75,2195.81331000,1774979999999,149343648.76112850,448962,1202.72660000,81809747.02542920,0
2026-03-31 18:00:00,67526.76,67947.98,67526.3,67854.05,426.40012000,1774983599999,28895375.38281240,185882,239.23889000,16210906.26900550,0
2026-03-31 19:00:00,67854.04,68029.41,67716.35,67838.8,435.24470000,1774987199999,29547211.87706960,175714,226.51613000,15378912.27715780,0
2026-03-31 20:00:00,67838.79,68267.27,67831.7,68265.53,693.06575000,1774990799999,47172293.05023890,124089,410.82614000,27963636.23158320,0
2026-03-31 21:00:00,68265.53,68410.3,67884.0,68277.99,494.48096000,1774994399999,33688500.93994790,141839,250.24542000,17052115.05753510,0
2026-03-31 22:00:00,68278.0,68341.16,67962.27,68172.87,755.55219000,1774997999999,51503495.35879560,117127,264.28520000,18016406.72774300,0
2026-03-31 23:00:00,68173.59,68371.1,68090.2,68284.48,610.99275000,1775001599999,41713284.92481030,97438,339.44435000,23175210.35477520,0
2026-04-01 00:00:00,68284.49,68343.77,67853.3,68330.75,542.79511000,1775005199999,36964428.93061490,141298,252.65587000,17213688.18016080,0
2026-04-01 01:00:00,68330.76,68378.64,67760.33,67782.73,966.68117000,1775008799999,65737891.74542960,152219,451.41432000,30707390.32154280,0
2026-04-01 02:00:00,67782.74,67913.98,67578.75,67668.89,1114.17912000,1775012399999,75488162.13177470,130482,649.11440000,43985748.97755530,0
2026-04-01 03:00:00,67668.9,68250.0,67668.9,68170.67,551.94514000,1775015999999,37558350.26551910,120855,349.53131000,23783777.99938570,0
2026-04-01 04:00:00,68170.67,68476.26,68005.33,68303.83,711.87735000,1775019599999,48535951.60710270,120404,337.86260000,23046727.78343420,0
2026-04-01 05:00:00,68303.83,68755.51,68150.0,68456.02,817.48120000,1775023199999,55986817.21679960,158981,463.29679000,31734140.77878020,0
2026-04-01 06:00:00,68456.01,69236.78,68456.01,69102.85,1241.29278000,1775026799999,85573484.95886900,202557,713.59364000,49186265.97719930,0
2026-04-01 07:00:00,69102.8,69310.0,68667.02,68692.0,1537.59500000,1775030399999,105998400.75327100,167297,705.91630000,48676245.49567160,0
2026-04-01 08:00:00,68692.0,68851.35,68389.21,68670.16,1279.02403000,1775033999999,87770962.70435710,164398,646.66797000,44385789.48872460,0
2026-04-01 09:00:00,68670.15,68733.78,68390.25,68644.0,480.44871000,1775037599999,32932448.57406850,132848,204.76908000,14035233.50950630,0
2026-04-01 10:00:00,68644.01,68662.26,68407.08,68585.55,974.80784000,1775041199999,66814968.08018820,102851,540.28750000,37043728.53336050,0
2026-04-01 11:00:00,68585.55,68736.15,68505.91,68712.52,752.56981000,1775044799999,51618577.00415970,95196,401.14208000,27516179.91227430,0
2026-04-01 12:00:00,68712.52,68786.0,68248.3,68393.6,1365.22557000,1775048399999,93540401.20873220,194431,667.88113000,45775769.66903160,0
2026-04-01 13:00:00,68393.6,68681.25,67918.83,68116.07,1032.06992000,1775051999999,70434739.26557510,277507,540.26179000,36877380.38770190,0
2026-04-01 14:00:00,68116.06,68690.98,68059.38,68593.55,905.17080000,1775055599999,61909080.15701970,261893,500.73278000,34248483.32968650,0
2026-04-01 15:00:00,68593.56,68965.0,68428.94,68918.52,789.38357000,1775059199999,54260261.72272200,200302,463.37926000,31862679.74154320,0
2026-04-01 16:00:00,68918.52,68986.66,68610.0,68816.34,705.16345000,1775062799999,48516428.75388470,176410,316.64930000,21791070.15640720,0
2026-04-01 17:00:00,68816.35,69171.77,68247.17,68266.62,768.87563000,1775066399999,52768433.45993800,204552,372.93641000,25601608.69850940,0
2026-04-01 18:00:00,68266.62,68330.31,67939.28,68084.76,723.37275000,1775069999999,49263746.84140430,208686,326.20418000,22218564.89573690,0
2026-04-01 19:00:00,68084.76,68287.39,68028.19,68176.84,412.79717000,1775073599999,28136244.52823470,129547,174.51165000,11896068.00215520,0
2026-04-01 20:00:00,68176.84,68249.0,67964.48,68191.09,276.10606000,1775077199999,18805997.98911810,86847,136.35869000,9287103.25076330,0
2026-04-01 21:00:00,68191.09,68534.0,68171.56,68362.53,326.52766000,1775080799999,22321978.93075000,106122,167.57464000,11455540.35686060,0
2026-04-01 22:00:00,68362.53,68362.53,68070.38,68122.99,270.47066000,1775084399999,18446321.39376620,113098,114.58390000,7815403.24366690,0
2026-04-01 23:00:00,68122.99,68250.0,67996.89,68113.92,474.32940000,1775087999999,32324148.85122520,93129,205.17285000,13981445.23725490,0
2026-04-02 00:00:00,68113.92,68653.38,68050.0,68600.29,409.19040000,1775091599999,27960256.89941370,136511,267.95482000,18310801.07604320,0
2026-04-02 01:00:00,68600.29,68600.29,67050.84,67359.27,1944.08944000,1775095199999,131509479.57062290,491555,850.72002000,57541378.82090990,0
2026-04-02 02:00:00,67359.27,67359.27,66624.64,66852.99,1169.08434000,1775098799999,78314042.42290720,250515,631.82594000,42336621.67846850,0
2026-04-02 03:00:00,66852.99,66969.54,66500.0,66576.25,767.73135000,1775102399999,51211754.34199110,151127,367.59086000,24524389.17109150,0
2026-04-02 04:00:00,66576.25,66655.46,66217.07,66330.27,889.41375000,1775105999999,59110679.95759940,139567,534.91115000,35554007.89900210,0
2026-04-02 05:00:00,66330.27,66667.92,66311.0,66591.54,966.27870000,1775109599999,64230224.34491760,128712,472.50635000,31415975.02164580,0
2026-04-02 06:00:00,66591.54,66824.95,66548.45,66681.49,493.29026000,1775113199999,32876884.97382520,106254,214.93046000,14323889.50269500,0
2026-04-02 07:00:00,66681.48,66961.26,66557.33,66930.79,645.82875000,1775116799999,43150864.68477260,115984,458.12166000,30610762.83959840,0
2026-04-02 08:00:00,66930.79,66930.79,66180.0,66439.12,781.90752000,1775120399999,52046931.22954880,104427,295.15421000,19663951.37293900,0
2026-04-02 09:00:00,66439.12,66517.43,66294.0,66469.6,483.38047000,1775123999999,32106010.61299890,97061,230.23561000,15293051.14941320,0
2026-04-02 10:00:00,66469.6,66511.79,66229.55,66457.28,452.52391000,1775127599999,30041576.81068710,104569,239.02508000,15869856.33292130,0
2026-04-02 11:00:00,66457.28,66516.06,66167.1,66220.28,1122.63022000,1775131199999,74524370.55403610,132520,574.64570000,38141550.52711000,0
2026-04-02 12:00:00,66220.28,66248.51,65961.66,66052.71,1024.11018000,1775134799999,67692571.59234280,189417,509.61891000,33695857.46787150,0
2026-04-02 13:00:00,66052.71,66285.81,65712.12,66270.87,1225.30288000,1775138399999,80872803.47669770,300566,678.86881000,44817138.48815310,0
2026-04-02 14:00:00,66270.87,67104.86,66168.07,66868.18,1908.17735000,1775141999999,127203440.56691690,424868,1124.33232000,74927260.76425990,0
2026-04-02 15:00:00,66868.17,66994.51,66646.36,66852.91,825.60342000,1775145599999,55170936.22906390,232042,414.68655000,27715984.55405270,0
2026-04-02 16:00:00,66852.91,67300.0,66759.28,67095.85,920.46412000,1775149199999,61691443.80149260,223859,538.57150000,36093044.73557410,0
2026-04-02 17:00:00,67095.85,67430.99,66666.66,66679.16,1455.89824000,1775152799999,97664163.22288450,205313,447.60909000,30044616.34000270,0
2026-04-02 18:00:00,66679.16,67065.35,66596.8,66981.99,929.27922000,1775156399999,62035411.18809850,211669,343.15033000,22921113.68446080,0
2026-04-02 19:00:00,66981.99,67109.09,66878.0,66975.99,436.15774000,1775159999999,29226624.75962900,140367,239.10722000,16023205.15497330,0
2026-04-02 20:00:00,66976.0,67100.0,66798.0,66939.25,284.18038000,1775163599999,19026306.06156350,76199,132.33454000,8860931.56718730,0
2026-04-02 21:00:00,66939.25,67012.09,66731.08,66935.93,272.54969000,1775167199999,18223681.16017340,73662,106.42405000,7115876.72178520,0
2026-04-02 22:00:00,66935.94,67037.48,66825.61,66982.48,352.22156000,1775170799999,23588882.13768700,77612,180.65906000,12097774.79050900,0
2026-04-02 23:00:00,66982.48,67096.68,66855.5,66901.99,444.18527000,1775174399999,29744120.92718680,74757,237.67196000,15916424.21508300,0
2026-04-03 00:00:00,66901.99,67000.0,66702.83,66785.86,388.08477000,1775177999999,25935623.75351030,84936,165.46570000,11058640.59171990,0
2026-04-03 01:00:00,66785.87,66905.61,66483.9,66630.0,613.91410000,1775181599999,40946214.43649850,106738,282.79126000,18860795.05977250,0
2026-04-03 02:00:00,66630.01,66750.57,66282.0,66533.81,625.36210000,1775185199999,41574456.13415750,142176,265.62143000,17655795.50634820,0
2026-04-03 03:00:00,66533.82,66724.17,66495.69,66579.97,581.20992000,1775188799999,38709710.21394640,95482,289.35481000,19270986.05092670,0
2026-04-03 04:00:00,66579.98,66699.99,66500.04,66602.66,733.15532000,1775192399999,48823592.01990280,98051,353.43585000,23531979.69851040,0
2026-04-03 05:00:00,66602.67,66808.5,66416.68,66600.35,822.39566000,1775195999999,54784775.90680640,112026,226.30285000,15077691.91316360,0
2026-04-03 06:00:00,66600.35,66800.0,66558.76,66796.79,434.29670000,1775199599999,28967794.37401120,92265,218.93431000,14603173.85670640,0
2026-04-03 07:00:00,66796.8,67247.38,66758.0,67042.08,883.37731000,1775203199999,59166675.13761950,131573,440.57361000,29506656.04864530,0
2026-04-03 08:00:00,67042.08,67288.0,66900.56,66965.39,717.16964000,1775206799999,48130283.19618830,101673,354.84497000,23815803.85976730,0
2026-04-03 09:00:00,66965.39,67007.93,66749.35,66859.58,291.40037000,1775210399999,19483732.47843880,68855,108.40447000,7247893.36294180,0
2026-04-03 10:00:00,66859.58,66898.97,66674.72,66883.08,215.33139000,1775213999999,14386863.84084940,75036,117.89695000,7878133.70145000,0
2026-04-03 11:00:00,66883.09,67057.42,66823.18,67017.44,215.91455000,1775217599999,14454508.97438670,76742,123.28272000,8253169.51827830,0
2026-04-03 12:00:00,67017.43,67370.42,66646.36,66722.16,808.01051000,1775221199999,54115822.88762220,157562,435.16358000,29144311.32469070,0
2026-04-03 13:00:00,66722.16,66735.62,66508.1,66672.0,554.93399000,1775224799999,36981654.88069260,127436,292.42388000,19488071.71092170,0
2026-04-03 14:00:00,66671.99,66990.59,66634.0,66929.81,530.03077000,1775228399999,35422476.14352930,103850,336.43042000,22481665.87923210,0
2026-04-03 15:00:00,66929.8,67028.37,66823.3,66827.15,465.79672000,1775231999999,31158451.49685070,78884,212.28521000,14202411.80886050,0
2026-04-03 16:00:00,66827.15,67069.0,66827.14,67010.46,361.06450000,1775235599999,24175580.06704410,67747,243.92393000,16333935.22957500,0
2026-04-03 17:00:00,67010.45,67067.0,66751.86,66855.01,378.12395000,1775239199999,25298850.90902560,64720,182.36531000,12204479.34168540,0
2026-04-03 18:00:00,66855.0,66930.0,66786.12,66812.03,187.13591000,1775242799999,12512991.27707400,41096,69.93927000,4675875.03218980,0
2026-04-03 19:00:00,66812.04,66911.19,66774.02,66885.74,289.39585000,1775246399999,19332643.91319650,37983,86.04754000,5748974.57587080,0
2026-04-03 20:00:00,66885.73,66919.61,66831.97,66831.98,141.97965000,1775249999999,9496075.29732810,30452,65.08233000,4352865.45975740,0
2026-04-03 21:00:00,66831.97,66970.18,66827.6,66964.21,378.17654000,1775253599999,25300686.35298880,35905,213.06306000,14253852.77599750,0
2026-04-03 22:00:00,66964.21,66970.17,66842.76,66888.76,287.42422000,1775257199999,19230971.64562410,50198,139.73008000,9348282.85268810,0
2026-04-03 23:00:00,66888.76,66964.3,66826.13,66964.3,525.44687000,1775260799999,35145171.64049630,41718,311.90634000,20863964.16301830,0
2026-04-04 00:00:00,66964.29,66968.28,66876.7,66893.39,159.10280000,1775264399999,10646456.78091570,48299,55.35853000,3704623.04453360,0
2026-04-04 01:00:00,66893.4,66924.48,66827.22,66852.0,418.46364000,1775267999999,27979725.79986680,50208,168.56955000,11270213.10179860,0
2026-04-04 02:00:00,66852.0,66919.41,66814.0,66844.83,138.81793000,1775271599999,9278751.00449340,43550,68.62394000,4586806.45561500,0
2026-04-04 03:00:00,66844.84,66910.22,66830.23,66832.18,86.81929000,1775275199999,5804843.56221130,41431,58.22716000,3893158.70681640,0
2026-04-04 04:00:00,66832.18,66876.32,66775.91,66860.73,180.50471000,1775278799999,12065954.14235710,45240,105.69605000,7065139.59671420,0
2026-04-04 05:00:00,66860.73,66936.72,66844.14,66916.29,629.01422000,1775282399999,42073019.14948360,61330,242.11409000,16194125.58936300,0
2026-04-04 06:00:00,66916.3,67049.94,66911.2,67013.24,254.32193000,1775285999999,17030959.83733730,46718,161.67315000,10827193.62573460,0
2026-04-04 07:00:00,67013.25,67052.99,66943.34,67014.96,664.43952000,1775289599999,44509173.98758150,45651,351.36407000,23535893.92237190,0
2026-04-04 08:00:00,67014.95,67057.42,66918.0,66940.0,398.19184000,1775293199999,26679760.87054080,54863,169.52690000,11358433.02262750,0
2026-04-04 09:00:00,66940.0,66994.52,66918.0,66988.05,295.09328000,1775296799999,19762296.78246320,45087,152.33716000,10202121.50545950,0
2026-04-04 10:00:00,66988.06,67167.0,66918.0,67167.0,290.85424000,1775300399999,19499760.76925700,53835,174.44836000,11697940.12226710,0
2026-04-04 11:00:00,67167.0,67232.72,67083.43,67156.93,363.18025000,1775303999999,24390097.91393990,59827,163.26317000,10964906.14908880,0
2026-04-04 12:00:00,67156.93,67185.0,67060.56,67097.87,140.59027000,1775307599999,9434241.45524300,53433,52.59715000,3529866.56090070,0
2026-04-04 13:00:00,67097.87,67267.0,67082.41,67193.44,362.06124000,1775311199999,24313128.73873560,63814,212.43152000,14266414.09751500,0
2026-04-04 14:00:00,67193.45,67223.51,67029.07,67215.24,369.07128000,1775314799999,24783845.02307620,51789,177.04129000,11889644.36560040,0
2026-04-04 15:00:00,67215.24,67562.93,67177.39,67383.66,635.57272000,1775318399999,42811516.86270110,118567,383.69492000,25843709.09621310,0
2026-04-04 16:00:00,67383.66,67520.85,67331.06,67366.68,294.26452000,1775321999999,19839379.81673670,88918,166.54867000,11228688.97469960,0
2026-04-04 17:00:00,67366.68,67416.48,67292.0,67329.4,254.01236000,1775325599999,17109581.77704760,61975,82.97374000,5589083.36205370,0
2026-04-04 18:00:00,67329.41,67380.98,67265.0,67295.47,120.36154000,1775329199999,8102901.84917970,53003,56.78714000,3823222.42129070,0
2026-04-04 19:00:00,67295.47,67543.6,67275.0,67288.42,189.77457000,1775332799999,12786944.79188610,82521,88.75017000,5980796.77420320,0
2026-04-04 20:00:00,67288.42,67295.81,67186.62,67268.4,186.97188000,1775336399999,12575614.20146970,42773,71.37199000,4800443.90879790,0
2026-04-04 21:00:00,67268.4,67504.54,67215.0,67359.2,238.42540000,1775339999999,16053722.66285710,44279,158.30254000,10660330.11891430,0
2026-04-04 22:00:00,67359.21,67470.93,67341.19,67399.92,306.33880000,1775343599999,20652301.84431400,56976,190.77584000,12861811.12135010,0
2026-04-04 23:00:00,67399.91,67399.99,67261.32,67300.42,397.26790000,1775347199999,26748037.79954980,42092,188.85222000,12715314.35197350,0
2026-04-05 00:00:00,67300.42,67307.28,67168.08,67225.0,431.18676000,1775350799999,28990651.21934800,40291,190.49077000,12808096.51449530,0
2026-04-05 01:00:00,67225.0,67230.0,67080.0,67085.0,369.56535000,1775354399999,24804947.44313110,46082,97.87381000,6569462.30185150,0
2026-04-05 02:00:00,67085.0,67174.92,66955.72,67170.16,252.42427000,1775357999999,16929769.01858470,49683,158.76053000,10648911.38455080,0
2026-04-05 03:00:00,67170.17,67188.09,67089.33,67145.98,163.69484000,1775361599999,10992361.14266110,25764,77.71113000,5218433.29307390,0
2026-04-05 04:00:00,67145.98,67188.51,67073.56,67101.65,92.89503000,1775365199999,6235159.29832850,34134,45.48249000,3052837.87640660,0
2026-04-05 05:00:00,67101.65,67154.98,66888.0,66931.65,466.39184000,1775368799999,31270743.11235110,46033,172.92905000,11596415.08057870,0
2026-04-05 06:00:00,66931.65,66940.0,66611.66,66802.24,728.34135000,1775372399999,48639529.70406410,98296,318.61939000,21277912.54296020,0
2026-04-05 07:00:00,66802.24,66914.48,66715.43,66820.64,615.79892000,1775375999999,41138481.35394100,57160,369.80444000,24704748.55964240,0
2026-04-05 08:00:00,66820.64,66940.0,66819.42,66933.18,227.07394000,1775379599999,15187012.47088830,47351,136.49533000,9128913.85484970,0
2026-04-05 09:00:00,66933.18,67048.64,66902.15,67035.15,293.93169000,1775383199999,19689042.00626700,56452,139.91406000,9371857.60450020,0
2026-04-05 10:00:00,67035.15,67150.0,66968.35,67046.01,288.35183000,1775386799999,19328318.24134770,57526,103.14866000,6914589.48655210,0
2026-04-05 11:00:00,67046.01,67087.22,66973.67,66999.0,253.07128000,1775390399999,16961671.81645900,52253,92.97574000,6231292.91879070,0
2026-04-05 12:00:00,66998.99,66999.0,66680.57,66783.58,607.98096000,1775393999999,40617469.21412620,104265,268.44502000,17930169.36155750,0
2026-04-05 13:00:00,66783.59,66918.03,66693.91,66890.7,361.31735000,1775397599999,24140522.55608390,84725,178.06402000,11896292.24448590,0
2026-04-05 14:00:00,66890.7,66963.95,66820.54,66918.03,296.03960000,1775401199999,19808174.30732100,61303,104.61038000,7000108.28555250,0
2026-04-05 15:00:00,66918.03,67856.16,66829.02,67306.64,1471.07760000,1775404799999,99178513.49805570,189283,748.01604000,50438804.24229330,0
2026-04-05 16:00:00,67306.65,67410.0,67173.4,67212.62,356.80623000,1775408399999,24015394.93189260,96776,143.69517000,9673214.95714860,0
2026-04-05 17:00:00,67212.61,67402.0,67187.95,67373.64,168.11139000,1775411999999,11313240.35971560,82775,91.37093000,6149474.69568250,0
2026-04-05 18:00:00,67373.64,67451.78,67281.38,67413.78,210.99631000,1775415599999,14214726.98279020,66215,76.23710000,5136731.55403360,0
2026-04-05 19:00:00,67413.78,67560.45,67276.67,67361.01,229.64378000,1775419199999,15481562.89705970,68409,108.50171000,7315955.92017370,0
2026-04-05 20:00:00,67361.01,67705.74,67332.66,67658.35,338.30366000,1775422799999,22851976.14415710,83629,200.12383000,13519080.63972470,0
2026-04-05 21:00:00,67658.35,67682.42,67408.07,67553.43,435.91664000,1775426399999,29440206.85123280,96936,201.43749000,13605990.93974540,0
2026-04-05 22:00:00,67553.44,68374.75,67347.05,68338.43,1201.92322000,1775429999999,81583238.71928070,267569,711.55347000,48308238.68226950,0
2026-04-05 23:00:00,68338.43,69136.2,68266.13,69034.18,1872.62368000,1775433599999,128849264.03436320,293347,1055.29636000,72593939.19769290,0
2026-04-06 00:00:00,69034.18,69588.0,69034.18,69083.78,1917.91608000,1775437199999,132927144.14597200,331501,1012.46697000,70179811.52373100,0
2026-04-06 01:00:00,69083.79,69139.63,68787.13,68810.18,991.41564000,1775440799999,68307439.83036460,192471,482.09456000,33215969.88204520,0
2026-04-06 02:00:00,68810.17,69408.39,68776.61,69207.99,951.83494000,1775444399999,65860917.67492510,249670,509.22715000,35234719.34101730,0
2026-04-06 03:00:00,69207.99,69259.06,69056.86,69123.69,641.74895000,1775447999999,44378952.70015060,128990,284.83078000,19701008.23031880,0
2026-04-06 04:00:00,69123.69,69217.68,68980.36,69141.8,640.03746000,1775451599999,44235476.69196710,109220,390.07674000,26963457.80011010,0
2026-04-06 05:00:00,69141.81,69247.0,69086.0,69199.31,664.48642000,1775455199999,45965363.49458560,89949,386.42859000,26728938.06815740,0
2026-04-06 06:00:00,69199.31,69354.26,68806.53,68976.67,805.10068000,1775458799999,55594348.35866400,157904,407.86027000,28170778.43287290,0
2026-04-06 07:00:00,68976.67,69215.37,68821.07,69115.91,705.20265000,1775462399999,48679863.14195620,128759,232.48278000,16048020.07809180,0
2026-04-06 08:00:00,69115.91,69347.85,69081.88,69224.63,514.80546000,1775465999999,35635175.97655080,129541,317.71144000,21993723.22086770,0
2026-04-06 09:00:00,69224.63,70283.32,69214.46,69728.0,2395.68342000,1775469599999,167315166.40052890,304883,1244.45047000,86901794.80692690,0
2026-04-06 10:00:00,69728.01,69950.0,69708.13,69770.88,634.91449000,1775473199999,44324229.78224670,146780,369.56103000,25800256.03498180,0
2026-04-06 11:00:00,69770.88,69770.96,69565.01,69614.91,453.63795000,1775476799999,31600602.71047300,117169,211.75342000,14751135.42038940,0
2026-04-06 12:00:00,69614.91,69635.87,69329.23,69366.75,601.70240000,1775480399999,41803543.47239120,140090,272.90546000,18959358.12608820,0
2026-04-06 13:00:00,69366.76,69550.0,69235.09,69428.23,656.60844000,1775483999999,45558882.78412670,258853,341.38297000,23691310.17129430,0
2026-04-06 14:00:00,69428.23,69809.99,69163.86,69654.38,1336.92282000,1775487599999,92916180.75370370,395903,708.12338000,49223213.96364590,0
2026-04-06 15:00:00,69654.39,69973.25,69526.87,69968.87,814.13173000,1775491199999,56796978.44530810,276253,477.63131000,33327648.07433710,0
2026-04-06 16:00:00,69968.87,70351.46,69782.11,69799.14,1291.21899000,1775494799999,90435596.27018830,276616,689.23501000,48286575.86493810,0
2026-04-06 17:00:00,69799.14,69820.0,69282.02,69574.61,914.30002000,1775498399999,63557824.98045970,288489,344.26037000,23923954.96914500,0
2026-04-06 18:00:00,69574.62,69967.78,69479.49,69888.97,537.79955000,1775501999999,37514817.07064020,200370,257.57570000,17966784.79577560,0
2026-04-06 19:00:00,69888.97,69899.99,69583.33,69739.53,431.93913000,1775505599999,30132056.82739740,126326,190.35964000,13280665.41966790,0
2026-04-06 20:00:00,69739.52,69974.08,69625.0,69826.01,372.95882000,1775509199999,26043000.02959660,107988,179.96656000,12566530.46800670,0
2026-04-06 21:00:00,69826.0,69826.0,69423.09,69504.99,366.00988000,1775512799999,25469651.53245330,87356,138.89173000,9665622.59880780,0
2026-04-06 22:00:00,69504.99,69581.92,68811.0,68811.0,578.82627000,1775516399999,40059288.45672500,173755,240.79603000,16669541.56709070,0
2026-04-06 23:00:00,68811.01,68912.97,68300.0,68853.66,1062.40825000,1775519999999,72907671.56478790,276687,459.72021000,31546982.78009160,0
2026-04-07 00:00:00,68853.66,69128.2,68723.81,68775.7,908.20417000,1775523599999,62535426.34867100,251367,388.22631000,26738772.91977920,0
2026-04-07 01:00:00,68775.71,68900.63,68352.52,68400.01,682.14287000,1775527199999,46843653.79331180,242786,324.53017000,22290361.48533180,0
2026-04-07 02:00:00,68400.01,68713.92,68273.34,68674.0,382.32486000,1775530799999,26193720.02777830,171409,218.08999000,14943157.52834470,0
2026-04-07 03:00:00,68674.01,68800.94,68625.59,68779.21,449.64401000,1775534399999,30905923.06329750,108798,208.54379000,14334905.41315110,0
2026-04-07 04:00:00,68779.2,68981.83,68540.84,68854.65,480.37449000,1775537999999,33013647.99924810,118009,244.01190000,16774622.82202580,0
2026-04-07 05:00:00,68854.65,68866.0,68613.2,68669.0,546.70209000,1775541599999,37569041.68451130,82157,278.04184000,19104766.08187600,0
2026-04-07 06:00:00,68669.0,68669.01,68443.0,68568.35,488.73987000,1775545199999,33514162.93071660,80264,162.60420000,11146924.86601430,0
2026-04-07 07:00:00,68568.35,68703.72,68500.0,68624.61,307.81904000,1775548799999,21118408.29363710,79878,221.91944000,15224711.40132010,0
2026-04-07 08:00:00,68624.6,68984.48,68603.6,68936.71,338.93457000,1775552399999,23326977.96894650,122298,186.38126000,12827214.41344600,0
2026-04-07 09:00:00,68936.71,69247.9,68930.04,69150.05,436.92801000,1775555999999,30194541.20457000,120059,278.03061000,19212476.61107170,0
2026-04-07 10:00:00,69150.06,69199.87,68200.0,68237.93,899.01254000,1775559599999,61685973.57811850,214675,422.31226000,28988206.78306800,0
2026-04-07 11:00:00,68237.93,68455.96,68071.96,68345.75,598.71022000,1775563199999,40876226.39825970,145690,314.44852000,21472470.24158260,0
2026-04-07 12:00:00,68345.75,68599.13,68080.0,68392.18,738.67705000,1775566799999,50465046.34171030,170920,360.19433000,24607794.13095250,0
2026-04-07 13:00:00,68392.19,68633.87,68198.12,68231.99,822.06110000,1775570399999,56267085.21039560,193426,388.33997000,26585491.70402850,0
2026-04-07 14:00:00,68231.99,68258.26,67763.64,67860.48,1396.10082000,1775573999999,94928280.60849620,300701,642.47406000,43680347.94107910,0
2026-04-07 15:00:00,67860.49,68268.6,67732.01,68168.1,1084.45539000,1775577599999,73756197.39498770,212877,598.85173000,40737779.67346830,0
2026-04-07 16:00:00,68168.11,68454.23,68085.01,68229.99,654.26405000,1775581199999,44660742.03023800,189868,299.38232000,20438082.15742110,0
2026-04-07 17:00:00,68230.0,69000.0,68198.22,68705.81,1147.70463000,1775584799999,78749716.21492340,183673,588.95003000,40407202.20740440,0
2026-04-07 18:00:00,68705.82,68773.24,68358.1,68442.53,630.41269000,1775588399999,43220536.83789390,132017,254.38832000,17441416.16408200,0
2026-04-07 19:00:00,68442.52,69098.44,68358.1,69011.29,1385.03929000,1775591999999,95205486.33213650,258140,788.46432000,54218087.71954990,0
2026-04-07 20:00:00,69011.29,69535.26,69011.29,69319.39,1097.55478000,1775595599999,76092164.74444420,196904,602.73804000,41768553.10650390,0
2026-04-07 21:00:00,69319.39,70216.68,69311.84,69927.64,1742.03489000,1775599199999,121646710.92636000,271263,1006.74781000,70272186.03918680,0
2026-04-07 22:00:00,69927.65,71528.0,69927.65,71514.09,2841.66596000,1775602799999,201139060.14479520,484080,1690.88345000,119710993.56375820,0
2026-04-07 23:00:00,71514.1,72761.0,71194.9,71924.22,3690.98922000,1775606399999,265729125.76524950,540447,1996.62804000,143803564.25659740,0
2026-04-08 00:00:00,71924.22,72110.65,71541.51,71710.19,1153.45069000,1775609999999,82891585.01686800,253574,538.76691000,38728046.05767560,0
2026-04-08 01:00:00,71710.19,71758.6,71452.68,71476.97,621.62060000,1775613599999,44495839.96351390,134202,238.54978000,17076251.46434730,0
2026-04-08 02:00:00,71476.98,71727.01,71240.99,71364.94,1153.76247000,1775617199999,82424661.49944920,141406,513.49349000,36681877.87495930,0
2026-04-08 03:00:00,71364.95,71479.97,71277.18,71287.39,441.23135000,1775620799999,31484697.11909310,72060,223.82891000,15973246.63021220,0
2026-04-08 04:00:00,71287.39,71676.77,71287.38,71566.18,721.11279000,1775624399999,51578505.23998400,86939,341.78501000,24439391.60504520,0
2026-04-08 05:00:00,71566.66,71831.6,71560.0,71731.1,821.79755000,1775627999999,58915453.82619520,93637,331.29795000,23751683.91285600,0
2026-04-08 06:00:00,71731.1,71941.42,71581.14,71732.69,811.19618000,1775631599999,58236985.77407320,104409,319.07031000,22907860.87372410,0
2026-04-08 07:00:00,71732.7,71902.0,71573.04,71627.59,943.84918000,1775635199999,67665254.51548020,102943,371.88590000,26670940.33087160,0
2026-04-08 08:00:00,71627.59,71831.08,71627.59,71800.0,501.15204000,1775638799999,35952018.14116090,103512,259.57719000,18621278.99476090,0
2026-04-08 09:00:00,71799.99,71955.0,71588.75,71678.87,419.99950000,1775642399999,30146289.52044260,82392,199.49447000,14318966.69416410,0
2026-04-08 10:00:00,71678.87,71790.0,71457.61,71476.98,514.21900000,1775645999999,36814034.80289980,79930,243.36114000,17425859.95430600,0
2026-04-08 11:00:00,71476.97,71739.67,71407.77,71675.12,779.27898000,1775649599999,55772042.31784200,111924,411.05486000,29423768.39756760,0
2026-04-08 12:00:00,71675.12,72181.81,71581.76,72071.95,1226.00544000,1775653199999,88153457.08858580,178515,724.92282000,52108258.30582620,0
2026-04-08 13:00:00,72071.95,72857.0,71510.0,71600.01,2821.31683000,1775656799999,203814663.51887350,477399,1497.69020000,108256438.14670040,0
2026-04-08 14:00:00,71600.0,71751.42,70707.23,70912.88,1895.54834000,1775660399999,134991889.45351690,403864,946.92613000,67470302.13379200,0
2026-04-08 15:00:00,70912.89,71349.05,70833.3,71310.0,873.16856000,1775663999999,62084245.33445890,232188,523.14458000,37194616.71438190,0
2026-04-08 16:00:00,71309.99,71699.0,71250.93,71602.1,757.94566000,1775667599999,54126352.64163860,194907,376.94403000,26925565.52119320,0
2026-04-08 17:00:00,71602.11,71963.94,71490.55,71888.19,682.09647000,1775671199999,48942093.05975300,214797,277.40099000,19905281.38287210,0
2026-04-08 18:00:00,71888.19,71888.2,71085.22,71099.63,703.75724000,1775674799999,50294135.18370860,231142,229.32074000,16386364.06125940,0
2026-04-08 19:00:00,71099.63,71372.22,71019.0,71318.48,473.49397000,1775678399999,33723179.04399720,139329,259.32314000,18473563.28507250,0
2026-04-08 20:00:00,71318.47,71481.7,71267.91,71372.93,226.24698000,1775681999999,16152198.57358860,69395,112.93101000,8062860.62709960,0
2026-04-08 21:00:00,71372.94,71748.0,71330.86,71551.39,367.89907000,1775685599999,26332237.35440510,92323,219.27066000,15691367.66751900,0
2026-04-08 22:00:00,71551.4,71571.6,71064.84,71064.84,374.67564000,1775689199999,26707263.71065450,109207,136.61402000,9742067.30300740,0
2026-04-08 23:00:00,71064.84,71204.0,70901.89,71069.93,517.86174000,1775692799999,36785105.35194100,133994,273.54765000,19430418.89961720,0
2026-04-09 00:00:00,71069.93,71133.71,70650.0,70815.5,677.85142000,1775696399999,48038062.70253540,169391,245.86977000,17425806.09325670,0
2026-04-09 01:00:00,70815.5,70956.7,70466.0,70928.89,495.03665000,1775699999999,34985280.95371070,168131,225.11705000,15916378.65194420,0
2026-04-09 02:00:00,70928.9,71198.8,70816.36,71060.64,664.15391000,1775703599999,47176321.80516600,117526,361.88993000,25708549.81489580,0
2026-04-09 03:00:00,71060.64,71124.05,70845.27,70992.39,808.25356000,1775707199999,57361048.14565430,96910,405.42183000,28772137.19525930,0
2026-04-09 04:00:00,70992.37,71006.13,70734.77,70782.0,304.15042000,1775710799999,21558329.14662290,69255,146.31994000,10372413.34033220,0
2026-04-09 05:00:00,70781.99,71087.12,70689.38,70984.0,495.40100000,1775714399999,35145622.92571430,86786,282.36150000,20035432.60347970,0
2026-04-09 06:00:00,70983.99,71082.71,70809.94,71031.84,538.94746000,1775717999999,38238214.59863320,102825,302.39915000,21456216.05605320,0
2026-04-09 07:00:00,71031.83,71116.0,70955.4,70982.01,922.88611000,1775721599999,65541937.06013670,88429,578.50797000,41084613.75990110,0
2026-04-09 08:00:00,70982.01,71380.0,70865.42,71249.51,562.42694000,1775725199999,40032815.02644750,102601,342.63200000,24386555.29772850,0
2026-04-09 09:00:00,71249.51,71575.0,71109.99,71534.68,512.02010000,1775728799999,36525899.96515650,91222,341.85244000,24388204.91436260,0
2026-04-09 10:00:00,71534.69,71534.69,71276.44,71276.45,304.66693000,1775732399999,21758827.01283900,75633,153.38919000,10953908.46185670,0
2026-04-09 11:00:00,71276.45,71350.0,71038.5,71150.17,446.85377000,1775735999999,31797614.69081350,79474,188.57732000,13418130.84760710,0
2026-04-09 12:00:00,71150.17,71328.79,71040.0,71279.63,382.04593000,1775739599999,27196614.89900600,116594,177.01183000,12605509.99921850,0
2026-04-09 13:00:00,71279.63,71355.24,70629.3,70801.98,696.59545000,1775743199999,49413505.30807360,209315,290.76332000,20627884.74145890,0
2026-04-09 14:00:00,70801.97,71250.39,70522.77,71123.71,873.72309000,1775746799999,61939752.85800190,233439,496.53372000,35201249.50010530,0
2026-04-09 15:00:00,71123.71,72358.0,70929.44,72141.99,2048.75279000,1775750399999,147202932.61704060,432456,1179.30467000,84736553.45247400,0
2026-04-09 16:00:00,72142.0,72399.0,71729.66,72080.87,1429.68310000,1775753999999,103099259.98964210,294918,681.09321000,49135442.07976680,0
2026-04-09 17:00:00,72080.86,72550.0,72062.38,72347.49,1415.90923000,1775757599999,102489029.10684330,256507,754.48252000,54612904.10568540,0
2026-04-09 18:00:00,72348.0,72380.7,71747.68,71888.69,560.32535000,1775761199999,40309125.18299120,200612,261.58819000,18813878.98027550,0
2026-04-09 19:00:00,71888.69,72300.0,71750.0,72096.32,607.89039000,1775764799999,43799445.72300910,158739,353.02233000,25440680.35467840,0
2026-04-09 20:00:00,72096.33,72458.31,71985.95,72413.97,497.89389000,1775768399999,35987370.78313940,104156,275.77967000,19930997.10760630,0
2026-04-09 21:00:00,72413.96,72700.0,72142.79,72264.95,771.79321000,1775771999999,55848504.81802900,133227,402.56246000,29137647.19536840,0
2026-04-09 22:00:00,72264.96,73145.0,71945.94,71946.01,1345.32358000,1775775599999,97745801.51213870,206639,776.23347000,56434222.54469950,0
2026-04-09 23:00:00,71946.01,72025.53,71585.25,71787.97,795.83731000,1775779199999,57132499.17799120,178240,381.60423000,27394933.94515290,0
2026-04-10 00:00:00,71787.98,72028.4,71573.35,71963.03,967.97430000,1775782799999,69540187.22316390,177343,464.44817000,33361115.05799080,0
2026-04-10 01:00:00,71963.04,72387.0,71673.48,72157.93,679.67117000,1775786399999,48980349.65672390,183166,390.47373000,28134039.41987090,0
2026-04-10 02:00:00,72157.93,72291.04,71921.59,71965.36,515.54191000,1775789999999,37165170.26646720,103906,259.28386000,18690913.30004540,0
2026-04-10 03:00:00,71965.36,72027.37,71813.73,71868.67,543.68867000,1775793599999,39104360.77087340,93275,183.06425000,13164046.82056250,0
2026-04-10 04:00:00,71868.67,72212.84,71820.47,72117.29,734.17151000,1775797199999,52802042.35379000,87041,347.30276000,24978726.49492590,0
2026-04-10 05:00:00,72117.29,72267.89,72010.4,72127.84,408.69549000,1775800799999,29483491.77563260,80470,160.96291000,11612686.25631760,0
2026-04-10 06:00:00,72127.84,72179.85,71792.01,71805.38,448.00931000,1775804399999,32248992.02167220,97084,162.31835000,11685635.51062270,0
2026-04-10 07:00:00,71805.39,71837.59,71428.0,71481.85,702.39043000,1775807999999,50331092.46860470,116111,240.08192000,17203998.87335350,0
2026-04-10 08:00:00,71481.85,71769.41,71426.15,71606.07,624.89096000,1775811599999,44729277.51637780,93574,276.93974000,19826019.45354730,0
2026-04-10 09:00:00,71606.08,71873.0,71583.47,71787.41,281.02303000,1775815199999,20163196.12637230,90003,157.51829000,11303125.80621620,0
2026-04-10 10:00:00,71787.41,71928.29,71711.6,71910.09,238.63388000,1775818799999,17137722.79149980,59863,107.06587000,7690508.51180440,0
2026-04-10 11:00:00,71910.1,72261.93,71903.69,72127.59,421.17579000,1775822399999,30389986.67234560,111534,230.33764000,16620527.04313690,0
2026-04-10 12:00:00,72127.59,72458.0,72007.5,72258.68,733.42450000,1775825999999,52984821.15596600,157927,378.86868000,27373236.02388990,0
2026-04-10 13:00:00,72258.69,72409.41,71899.51,72321.4,673.26680000,1775829599999,48591633.94850610,175966,352.97511000,25486141.03899550,0
2026-04-10 14:00:00,72321.39,73155.58,72258.0,72909.0,2362.61980000,1775833199999,172047313.77100650,364338,1416.07416000,103116145.75004270,0
2026-04-10 15:00:00,72909.0,73289.96,72355.87,72460.51,1324.05053000,1775836799999,96414125.37618690,257240,586.95848000,42779931.49434650,0
2026-04-10 16:00:00,72460.52,73069.4,72387.41,72992.33,733.09003000,1775840399999,53317271.90317040,191787,463.39507000,33706763.73535840,0
2026-04-10 17:00:00,72992.32,73146.0,72802.96,73121.66,454.50524000,1775843999999,33157027.65196440,129537,256.18801000,18692760.52071810,0
2026-04-10 18:00:00,73121.66,73159.81,72880.95,73107.07,597.01721000,1775847599999,43583437.37025500,118164,323.92284000,23648720.58023210,0
2026-04-10 19:00:00,73107.07,73264.76,72900.0,73236.11,713.54118000,1775851199999,52137388.29776010,115349,386.18906000,28221504.35033690,0
2026-04-10 20:00:00,73236.11,73434.0,73051.97,73361.68,872.16866000,1775854799999,63876843.35565790,137530,512.24974000,37518994.14137280,0
2026-04-10 21:00:00,73361.68,73364.47,72934.53,73190.67,654.89865000,1775858399999,47869940.20693900,97611,304.46803000,22246781.90913070,0
2026-04-10 22:00:00,73190.68,73244.03,72700.6,72877.0,798.34690000,1775861999999,58284587.96684910,88020,373.59347000,27290924.86448270,0
2026-04-10 23:00:00,72877.01,72967.79,72791.96,72962.7,889.83693000,1775865599999,64855375.40787820,49469,485.06827000,35352655.54409590,0
2026-04-11 00:00:00,72962.71,72962.71,72787.94,72828.42,801.54149000,1775869199999,58402473.27313710,56493,415.67748000,30288818.75756890,0
2026-04-11 01:00:00,72828.42,72999.99,72670.0,72954.39,320.30020000,1775872799999,23324296.67599330,59118,146.51735000,10673776.45490540,0
2026-04-11 02:00:00,72954.39,73094.89,72910.93,72966.57,288.43552000,1775876399999,21056448.05311070,57560,128.23925000,9362069.97641940,0
2026-04-11 03:00:00,72966.58,73075.34,72814.42,72866.63,227.12944000,1775879999999,16573618.01340060,44084,104.74053000,7644201.50532010,0
2026-04-11 04:00:00,72866.62,72954.28,72681.9,72806.08,298.14959000,1775883599999,21704019.82943160,45783,139.59932000,10161507.86691510,0
2026-04-11 05:00:00,72806.08,72836.55,72679.08,72722.28,222.17067000,1775887199999,16167949.11561530,36947,106.01843000,7716143.41637590,0
2026-04-11 06:00:00,72722.28,72771.32,72612.16,72762.0,590.44339000,1775890799999,42920425.37722760,52977,364.55591000,26500438.36068180,0
2026-04-11 07:00:00,72762.01,72832.0,72672.56,72745.38,321.42327000,1775894399999,23385628.54332120,44028,210.40947000,15308962.75347730,0
2026-04-11 08:00:00,72745.38,72799.57,72638.44,72664.17,263.67236000,1775897999999,19174348.22322000,29200,156.43778000,11376106.92152860,0
2026-04-11 09:00:00,72664.16,72908.0,72617.75,72907.11,306.96352000,1775901599999,22337975.11950000,51068,176.87128000,12869748.41530380,0
2026-04-11 10:00:00,72907.12,72915.95,72760.9,72843.71,224.83128000,1775905199999,16375992.49047820,38211,127.85622000,9313588.44799770,0
2026-04-11 11:00:00,72843.7,72912.0,72826.37,72907.05,109.63598000,1775908799999,7987816.39326150,29708,57.75292000,4207860.33215380,0
2026-04-11 12:00:00,72907.05,72982.4,72814.97,72940.49,180.21756000,1775912399999,13139494.83578500,38941,99.24444000,7236190.10401820,0
2026-04-11 13:00:00,72940.5,72940.5,72513.09,72658.07,493.97275000,1775915999999,35904703.15493440,85293,170.83058000,12415339.08343990,0
2026-04-11 14:00:00,72658.07,72770.91,72609.27,72704.67,212.83973000,1775919599999,15468936.76633680,45333,112.49513000,8176613.09478900,0
2026-04-11 15:00:00,72704.66,72896.03,72678.0,72858.17,246.74388000,1775923199999,17957494.26622900,58674,138.98809000,10115626.49528760,0
2026-04-11 16:00:00,72858.18,73204.74,72812.94,73034.33,656.04744000,1775926799999,47861477.04197540,90094,424.28751000,30942055.47776000,0
2026-04-11 17:00:00,73034.34,73169.04,72942.06,73095.97,269.56328000,1775930399999,19698687.62818370,59183,104.22291000,7616883.00919820,0
2026-04-11 18:00:00,73095.97,73726.13,73032.61,73547.89,856.65701000,1775933999999,62942906.81803300,147995,491.26168000,36095161.48192490,0
2026-04-11 19:00:00,73547.9,73790.0,73472.38,73687.15,595.03700000,1775937599999,43817627.31324220,120747,278.12929000,20484252.48439220,0
2026-04-11 20:00:00,73687.16,73689.97,73226.28,73290.43,395.49217000,1775941199999,29040370.47716870,77222,158.64431000,11651065.21782450,0
2026-04-11 21:00:00,73290.43,73548.08,73200.48,73427.04,366.94025000,1775944799999,26938813.43354710,66984,208.01760000,15273193.13569210,0
2026-04-11 22:00:00,73427.04,73574.0,73234.25,73376.01,431.15797000,1775948399999,31636211.87010040,57637,213.81443000,15690937.52918680,0
2026-04-11 23:00:00,73376.01,73376.01,72907.4,73043.16,391.57799000,1775951999999,28619398.99643740,78761,138.86414000,10148469.67088060,0
2026-04-12 00:00:00,73043.16,73117.32,72873.25,73079.96,390.45862000,1775955599999,28508853.22217830,69036,184.09768000,13442230.93165050,0
2026-04-12 01:00:00,73079.96,73137.24,71310.0,71643.69,2072.10202000,1775959199999,149195848.28318890,318005,809.14167000,58179616.96187030,0
2026-04-12 02:00:00,71643.69,71982.46,71352.47,71761.35,839.35622000,1775962799999,60233975.90551890,192867,429.28203000,30806757.11574500,0
2026-04-12 03:00:00,71761.35,71861.33,71593.18,71593.19,790.20901000,1775966399999,56670454.86052210,92149,341.18865000,24468581.14246830,0
2026-04-12 04:00:00,71593.18,71685.31,71444.68,71466.53,611.50691000,1775969999999,43753760.53279030,70523,246.33437000,17625037.24292840,0
2026-04-12 05:00:00,71466.53,71781.0,71417.22,71710.2,667.76838000,1775973599999,47848805.53070960,55434,348.03595000,24933635.60927440,0
2026-04-12 06:00:00,71710.19,71753.33,71633.77,71668.01,377.10612000,1775977199999,27036333.79918160,32504,234.18309000,16791227.33240690,0
2026-04-12 07:00:00,71668.01,71747.31,71588.57,71665.0,313.33908000,1775980799999,22456747.47170640,35465,100.04764000,7170515.68204170,0
2026-04-12 08:00:00,71664.99,71805.85,71595.0,71629.21,922.36362000,1775984399999,66134158.57088390,42803,441.66198000,31664349.79690770,0
2026-04-12 09:00:00,71629.21,71633.01,71488.45,71531.94,372.12981000,1775987999999,26628235.85718090,35976,143.93768000,10298900.70759770,0
2026-04-12 10:00:00,71531.95,71682.72,71357.76,71452.89,274.78665000,1775991599999,19654281.23878540,46696,122.99463000,8796997.03422010,0
2026-04-12 11:00:00,71452.89,71556.12,71412.57,71468.55,211.53603000,1775995199999,15120261.40665550,36286,95.52816000,6829651.41689880,0
2026-04-12 12:00:00,71468.54,71500.0,71077.44,71084.01,608.12473000,1775998799999,43349064.63777700,77183,240.67289000,17158021.26785110,0
2026-04-12 13:00:00,71084.01,71146.03,70866.82,70889.42,708.82478000,1776002399999,50331220.27087170,132827,274.42708000,19486923.43844260,0
2026-04-12 14:00:00,70889.42,71092.78,70700.0,70748.34,541.94034000,1776005999999,38419904.22717110,97857,219.25626000,15547459.02490530,0
2026-04-12 15:00:00,70748.34,70932.0,70604.07,70892.03,502.43194000,1776009599999,35567537.69779960,71109,260.12120000,18417134.46582030,0
2026-04-12 16:00:00,70892.04,70959.51,70821.05,70936.27,259.94883000,1776013199999,18431043.33424580,53254,146.48088000,10386638.26794060,0
2026-04-12 17:00:00,70936.27,71202.0,70900.0,71140.51,322.73260000,1776016799999,22918451.88541230,58429,186.13428000,13219263.93928970,0
2026-04-12 18:00:00,71140.51,71214.08,71056.2,71137.64,176.22609000,1776020399999,12535475.57524400,42584,97.70609000,6950690.99242250,0
2026-04-12 19:00:00,71137.65,71222.58,71078.76,71084.18,233.07874000,1776023999999,16579417.46855870,27123,162.37064000,11550090.17216840,0
2026-04-12 20:00:00,71084.18,71440.0,70956.83,71335.43,622.27061000,1776027599999,44257083.94919370,63382,437.46774000,31102871.20221200,0
2026-04-12 21:00:00,71335.43,71452.0,71163.01,71364.02,234.93742000,1776031199999,16749684.27504260,59364,104.51044000,7450299.38658140,0
2026-04-12 22:00:00,71364.03,71367.85,70505.88,70912.73,908.94869000,1776034799999,64375857.09507250,249362,389.48033000,27582915.84585500,0
2026-04-12 23:00:00,70912.73,70912.73,70571.66,70740.98,510.34077000,1776038399999,36069434.72090030,108561,311.25153000,21994078.83352220,0
2026-04-13 00:00:00,70741.56,71262.63,70615.3,71172.62,546.73984000,1776041999999,38797142.79147490,136458,349.10137000,24773920.71463100,0
2026-04-13 01:00:00,71172.63,71227.28,71027.26,71197.64,720.27854000,1776045599999,51228858.83986010,95936,400.84113000,28509468.23347990,0
2026-04-13 02:00:00,71197.64,71271.78,70986.71,71073.14,270.71272000,1776049199999,19250817.33346580,81509,129.09432000,9179834.22631300,0
2026-04-13 03:00:00,71073.14,71155.42,70917.27,70976.0,348.91610000,1776052799999,24783871.12318120,74724,198.09761000,14072091.69747150,0
2026-04-13 04:00:00,70975.99,71144.0,70854.29,70890.3,584.47308000,1776056399999,41510696.34148080,69844,317.27762000,22529951.32924580,0
2026-04-13 05:00:00,70890.3,70920.0,70672.72,70878.82,533.46945000,1776059999999,37786560.80437020,80364,288.84697000,20460942.20770300,0
2026-04-13 06:00:00,70878.82,71106.54,70878.82,71017.66,697.01918000,1776063599999,49501225.72154330,63373,468.59712000,33277705.35958810,0
2026-04-13 07:00:00,71017.66,71067.91,70685.25,70813.88,859.13978000,1776067199999,60824731.43474020,83453,410.80529000,29083802.53628520,0
2026-04-13 08:00:00,70813.88,70861.01,70566.99,70680.7,334.12518000,1776070799999,23621406.88285680,78710,141.14216000,9979602.41434790,0
2026-04-13 09:00:00,70680.7,70910.68,70678.0,70792.88,250.58431000,1776074399999,17733390.03698030,60867,138.23354000,9783306.77780320,0
2026-04-13 10:00:00,70792.89,70846.9,70688.28,70755.88,177.99631000,1776077999999,12598093.17674690,58596,94.97814000,6722734.84851220,0
2026-04-13 11:00:00,70755.89,70997.12,70736.29,70929.68,260.33899000,1776081599999,18454546.98740620,65407,139.13767000,9862264.80760990,0
2026-04-13 12:00:00,70929.68,71219.8,70758.5,71074.91,460.12900000,1776085199999,32655077.61104680,110238,269.45516000,19125927.39655340,0
2026-04-13 13:00:00,71074.92,71700.82,70818.57,71662.65,1544.74455000,1776088799999,110124310.24277370,243613,797.94475000,56886566.48558250,0
2026-04-13 14:00:00,71662.65,72401.0,71375.24,72400.15,2098.23774000,1776092399999,150677973.32469190,339547,1113.61442000,80011326.41138890,0
2026-04-13 15:00:00,72400.15,72464.28,71652.65,71866.59,1342.33780000,1776095999999,96570112.60060670,221524,557.22626000,40105141.20199260,0
2026-04-13 16:00:00,71866.59,72437.25,71679.8,72202.36,1514.19404000,1776099599999,109287825.50682790,277423,652.60260000,47102099.53143890,0
2026-04-13 17:00:00,72202.37,72600.0,72069.01,72148.87,1653.64723000,1776103199999,119621538.16582690,201060,747.08323000,54049724.76250800,0
2026-04-13 18:00:00,72148.87,72460.42,72053.78,72424.86,965.95939000,1776106799999,69745605.17581750,145307,463.19727000,33441070.07587940,0
2026-04-13 19:00:00,72424.86,73480.0,72298.93,73322.82,2632.95065000,1776110399999,192056753.48360540,295565,1522.98653000,111094116.77382760,0
2026-04-13 20:00:00,73322.0,73394.37,73007.08,73149.36,1081.57049000,1776113999999,79132258.02439460,169843,486.15643000,35566612.52452970,0
2026-04-13 21:00:00,73149.36,73368.08,73072.85,73179.71,387.90227000,1776117599999,28394013.52992270,83076,187.87495000,13753610.82614650,0
2026-04-13 22:00:00,73179.71,74746.61,73172.01,74627.04,3298.60756000,1776121199999,244623337.18975570,386662,2049.57818000,151954997.79818370,0
2026-04-13 23:00:00,74627.04,74900.0,74405.64,74417.99,1666.14205000,1776124799999,124390171.85478940,250440,715.92633000,53456954.91015670,0
2026-04-14 00:00:00,74418.0,74517.31,74102.39,74163.82,1276.45858000,1776128399999,94827853.69911400,153466,473.93562000,35209374.73661330,0
2026-04-14 01:00:00,74163.82,74431.0,73954.86,74386.02,1065.16310000,1776131999999,79071306.05552480,121754,441.60251000,32797495.73327330,0
2026-04-14 02:00:00,74386.03,74579.32,74283.2,74330.98,598.05117000,1776135599999,44506257.77353700,99256,300.17154000,22339553.80870290,0
2026-04-14 03:00:00,74330.99,74496.9,74252.35,74444.43,646.36946000,1776139199999,48059361.21655040,74844,302.67088000,22505001.44151390,0
2026-04-14 04:00:00,74444.44,74504.52,74351.55,74387.85,484.30563000,1776142799999,36051201.19963850,69205,233.80056000,17404463.52582510,0
2026-04-14 05:00:00,74387.85,74434.41,74150.6,74210.11,838.40961000,1776146399999,62291961.46714410,77455,431.97000000,32096395.52188070,0
2026-04-14 06:00:00,74210.12,74550.0,74210.12,74522.73,614.57152000,1776149999999,45726221.63089160,84838,350.12293000,26050010.65915880,0
2026-04-14 07:00:00,74522.72,74924.64,74430.92,74546.0,1456.55359000,1776153599999,108683345.06595590,170699,583.73525000,43573306.70136380,0
2026-04-14 08:00:00,74545.99,74910.0,74460.64,74750.0,938.29896000,1776157199999,70072552.62149920,128477,482.71297000,36050600.39858520,0
2026-04-14 09:00:00,74750.0,74830.93,74435.12,74500.0,565.86470000,1776160799999,42250800.59165660,99327,285.88963000,21350072.86186100,0
2026-04-14 10:00:00,74500.0,74617.92,74333.46,74350.01,540.18312000,1776164399999,40215466.51116000,86599,212.99743000,15855491.67415610,0
2026-04-14 11:00:00,74350.01,74450.63,74307.35,74376.52,653.35819000,1776167999999,48598555.54796300,85765,325.35780000,24200939.11333470,0
2026-04-14 12:00:00,74376.52,74485.06,74277.19,74452.0,513.51818000,1776171599999,38184571.84131460,109433,267.80727000,19915004.55120000,0
2026-04-14 13:00:00,74452.0,75532.94,74407.74,75525.94,3246.78739000,1776175199999,243807169.88525370,351589,2113.04411000,158658072.96143640,0
2026-04-14 14:00:00,75525.94,76038.0,75013.61,75013.62,4357.56106000,1776178799999,329235907.20463000,566851,2513.81318000,190000596.37858980,0
2026-04-14 15:00:00,75013.61,75441.99,74564.34,75317.07,1661.60412000,1776182399999,124592979.17914820,307033,781.43320000,58603867.78753020,0
2026-04-14 16:00:00,75317.06,75688.0,74527.02,74652.2,1265.45725000,1776185999999,95167311.84096200,248783,529.11275000,39804058.22841000,0
2026-04-14 17:00:00,74652.2,74948.78,74244.63,74748.9,985.97900000,1776189599999,73563868.07520570,221985,481.68961000,35950636.21914570,0
2026-04-14 18:00:00,74748.89,74814.99,73795.47,74093.19,1613.97962000,1776193199999,119744375.57213590,243360,769.03762000,57042752.86161370,0
2026-04-14 19:00:00,74093.18,74398.43,73882.79,74223.18,1054.69346000,1776196799999,78250699.33228210,240060,528.41517000,39205735.91135760,0
2026-04-14 20:00:00,74223.3,74434.33,74015.53,74102.29,434.25271000,1776200399999,32248935.21343690,100740,213.48578000,15854934.27645630,0
2026-04-14 21:00:00,74102.28,74320.44,73951.64,74277.15,381.06364000,1776203999999,28241755.34421090,104965,171.41656000,12707063.87863030,0
2026-04-14 22:00:00,74277.16,74373.19,73806.09,74023.15,638.74603000,1776207599999,47322019.93329380,157776,260.54796000,19313855.15582600,0
2026-04-14 23:00:00,74023.16,74232.83,74001.08,74131.55,701.71447000,1776211199999,52014512.80471100,129188,259.11923000,19205156.61252450,0
2026-04-15 00:00:00,74131.55,74677.19,74126.32,74568.36,874.99865000,1776214799999,65206946.32263410,150796,419.47555000,31254675.60773720,0
2026-04-15 01:00:00,74568.37,74786.72,74500.0,74613.28,443.16738000,1776218399999,33080056.45590600,110116,241.69432000,18040757.76094290,0
2026-04-15 02:00:00,74613.28,74697.47,74188.0,74322.0,506.95652000,1776221999999,37691627.57313930,92626,275.37682000,20468842.32303190,0
2026-04-15 03:00:00,74322.01,74372.84,74173.75,74345.97,317.62112000,1776225599999,23590612.76059860,65850,156.06534000,11592989.72461690,0
2026-04-15 04:00:00,74345.98,74434.51,74261.47,74340.38,660.47305000,1776229199999,49101689.37508410,67127,287.69828000,21386245.22971900,0
2026-04-15 05:00:00,74340.38,74434.0,73864.01,74021.5,542.04465000,1776232799999,40150558.31997290,107823,189.63610000,14048058.04440050,0
2026-04-15 06:00:00,74021.5,74048.95,73855.49,73891.62,419.09008000,1776236399999,30991146.40813190,78101,166.02417000,12277537.41241660,0
2026-04-15 07:00:00,73891.62,74016.67,73514.0,73730.43,1451.80452000,1776239999999,107069346.45886380,159076,673.39765000,49650481.28937720,0
2026-04-15 08:00:00,73730.43,74181.9,73675.96,74110.51,532.83471000,1776243599999,39420858.42906660,81706,354.01160000,26187732.10527720,0
2026-04-15 09:00:00,74110.52,74176.49,73909.49,74011.69,363.21790000,1776247199999,26891047.14973100,75537,180.34670000,13353230.78630310,0
2026-04-15 10:00:00,74011.7,74250.0,73789.5,73864.75,548.88747000,1776250799999,40611098.82256020,128551,217.96107000,16131477.98281730,0
2026-04-15 11:00:00,73864.76,74256.44,73864.76,74201.78,444.73290000,1776254399999,32936659.98294570,107095,254.66670000,18860659.34642730,0
2026-04-15 12:00:00,74201.78,74466.1,74051.64,74273.77,567.44529000,1776257999999,42142119.76674500,122795,338.11138000,25109568.13672230,0
2026-04-15 13:00:00,74273.77,74434.51,73817.23,74063.92,676.35905000,1776261599999,50151206.67298470,214585,312.62619000,23179267.89013250,0
2026-04-15 14:00:00,74063.91,74506.84,73830.0,74151.81,757.76569000,1776265199999,56232229.97863290,235845,369.40458000,27416314.07762840,0
2026-04-15 15:00:00,74151.81,74299.07,73580.85,73844.08,743.29132000,1776268799999,54927663.62010750,213542,309.15252000,22852302.52716760,0
2026-04-15 16:00:00,73844.07,74176.0,73762.89,73941.09,547.84936000,1776272399999,40537953.58834250,199240,223.55161000,16545420.10019610,0
2026-04-15 17:00:00,73941.09,74242.0,73915.48,74134.95,593.44252000,1776275999999,43952346.98355370,144547,264.25023000,19572516.01829290,0
2026-04-15 18:00:00,74134.95,74399.75,74073.61,74390.29,407.09098000,1776279599999,30221377.90204010,123107,193.95082000,14396686.16140520,0
2026-04-15 19:00:00,74390.29,75281.0,74355.46,75002.6,1179.99077000,1776283199999,88355096.33737460,221273,675.89039000,50588033.38137320,0
2026-04-15 20:00:00,75002.6,75039.92,74512.06,74841.68,570.09892000,1776286799999,42613440.13282570,152461,233.37869000,17447591.36966710,0
2026-04-15 21:00:00,74841.67,74855.16,74540.23,74743.1,310.66035000,1776290399999,23208623.41546350,93303,140.26289000,10479848.35471140,0
2026-04-15 22:00:00,74743.1,75425.0,74740.02,74964.0,653.95001000,1776293999999,49092404.00225110,143908,383.17991000,28765047.96783650,0
2026-04-15 23:00:00,74964.01,74964.01,74620.95,74809.99,311.26846000,1776297599999,23272502.07806640,98782,153.90630000,11506981.57296550,0
2026-04-16 00:00:00,74809.99,74874.93,74451.49,74815.1,636.94865000,1776301199999,47586343.74002960,113775,319.09501000,23843727.92802730,0
2026-04-16 01:00:00,74815.09,74815.09,74454.09,74657.66,240.65148000,1776304799999,17958378.45938070,96837,108.50573000,8096882.12746370,0
2026-04-16 02:00:00,74657.67,75267.85,74601.27,74887.24,589.65615000,1776308399999,44198272.68669730,154421,329.10739000,24676676.77477430,0
2026-04-16 03:00:00,74887.23,75159.26,74865.5,74888.21,470.71966000,1776311999999,35301525.62654690,128264,184.38737000,13827072.94589520,0
2026-04-16 04:00:00,74888.21,75174.38,74728.0,74944.15,513.51186000,1776315599999,38484583.19150830,121929,272.98337000,20458918.47367320,0
2026-04-16 05:00:00,74944.15,75139.82,74900.0,75043.48,359.01217000,1776319199999,26942623.13480920,84505,172.88166000,12973997.03448020,0
2026-04-16 06:00:00,75043.47,75115.12,74853.72,75045.01,604.84284000,1776322799999,45372964.71765770,82824,332.27624000,24923946.02804110,0
2026-04-16 07:00:00,75045.01,75082.78,74636.0,74707.03,708.06090000,1776326399999,53015980.91695830,91556,261.83089000,19598741.18893120,0
2026-04-16 08:00:00,74707.02,74744.35,74500.0,74677.91,669.86210000,1776329999999,49975725.56973790,107568,303.15331000,22624229.61624000,0
2026-04-16 09:00:00,74677.91,74901.5,74594.01,74594.02,316.26697000,1776333599999,23639051.40946890,83622,159.24250000,11906325.87989400,0
2026-04-16 10:00:00,74594.02,74653.12,74277.34,74313.0,526.53069000,1776337199999,39187367.03372670,116235,211.33834000,15728429.30425230,0
2026-04-16 11:00:00,74312.99,74663.27,74285.0,74574.79,1174.61360000,1776340799999,87473085.21780410,89776,921.51615000,68632123.73392550,0
2026-04-16 12:00:00,74574.8,74872.0,74574.79,74624.0,529.55969000,1776344399999,39541986.23460490,87567,259.07189000,19350491.68329610,0
2026-04-16 13:00:00,74624.01,75030.39,73309.85,73788.03,1828.93731000,1776347999999,135699355.79218790,337317,741.82725000,55069624.20513740,0
2026-04-16 14:00:00,73788.03,74197.32,73426.94,73973.33,1331.31817000,1776351599999,98214156.47113140,308871,635.37703000,46890635.79560400,0
2026-04-16 15:00:00,73973.33,74878.99,73934.44,74697.19,1520.20876000,1776355199999,113151364.05522320,261654,772.15033000,57482167.23929750,0
2026-04-16 16:00:00,74697.2,74932.0,74063.0,74175.57,762.35705000,1776358799999,56825461.65458190,236922,296.25705000,22089333.21540730,0
2026-04-16 17:00:00,74175.58,74438.31,73912.23,74343.25,751.19450000,1776362399999,55718779.50355510,227675,379.27143000,28133286.72879800,0
2026-04-16 18:00:00,74343.25,75089.0,74240.0,75026.71,780.63438000,1776365999999,58274767.16454870,202159,480.12709000,35857914.03596170,0
2026-04-16 19:00:00,75026.71,75410.71,74717.97,75342.99,1203.37407000,1776369599999,90367138.45472120,226250,612.59010000,46017416.97538310,0
2026-04-16 20:00:00,75343.0,75534.76,75001.0,75223.47,661.71844000,1776373199999,49814563.30084320,138253,376.32729000,28338449.49570560,0
2026-04-16 21:00:00,75223.48,75286.51,74789.5,74934.24,451.58433000,1776376799999,33865947.19415930,103362,232.26682000,17420020.50898630,0
2026-04-16 22:00:00,74934.24,75117.0,74833.14,74867.92,232.35004000,1776380399999,17416558.58176070,97909,118.58183000,8888908.71194260,0
2026-04-16 23:00:00,74867.92,75177.76,74840.92,75154.29,224.77396000,1776383999999,16868143.63796830,82639,121.53187000,9120967.61710140,0
2026-04-17 00:00:00,75154.28,75154.77,74886.82,74944.98,796.37355000,1776387599999,59698157.76925140,77612,337.65889000,25311640.73815550,0
2026-04-17 01:00:00,74944.99,75034.49,74569.99,74750.0,407.29847000,1776391199999,30462248.49182770,76031,199.39051000,14917246.89725770,0
2026-04-17 02:00:00,74750.0,74802.98,74529.4,74700.0,235.53372000,1776394799999,17583918.89906370,62651,85.98615000,6420308.78799220,0
2026-04-17 03:00:00,74700.0,74839.31,74606.12,74615.82,721.66261000,1776398399999,53904653.62456270,74785,345.81387000,25834661.89006820,0
2026-04-17 04:00:00,74615.82,74871.11,74589.88,74791.39,213.95430000,1776401999999,15990254.74685020,58728,128.72442000,9622669.63315310,0
2026-04-17 05:00:00,74791.39,74801.13,74555.12,74637.77,241.61979000,1776405599999,18040487.89535830,66355,84.44787000,6304802.83270270,0
2026-04-17 06:00:00,74637.77,74950.0,74604.62,74938.52,276.57366000,1776409199999,20686513.07923200,68501,173.66100000,12988588.29983450,0
2026-04-17 07:00:00,74938.53,75089.51,74930.0,75074.77,607.34373000,1776412799999,45545828.09575560,100165,282.84477000,21211858.73104880,0
2026-04-17 08:00:00,75074.76,75881.95,74993.24,75780.38,1494.62708000,1776416399999,112706115.74160040,186424,1004.19102000,75742955.99972340,0
2026-04-17 09:00:00,75780.38,76370.25,75518.78,75779.99,2004.70646000,1776419999999,152170902.80296780,307912,1137.06406000,86324367.19608190,0
2026-04-17 10:00:00,75779.99,75886.01,75095.93,75278.77,1050.31882000,1776423599999,79211045.37910860,180728,471.87732000,35582843.39846840,0
2026-04-17 11:00:00,75278.77,75609.77,75246.65,75589.7,429.61331000,1776427199999,32408053.18508840,110324,224.92056000,16966928.49159660,0
2026-04-17 12:00:00,75589.7,76265.82,75531.97,76233.05,1128.91448000,1776430799999,85746581.01484110,283124,646.28303000,49090606.21310390,0
2026-04-17 13:00:00,76233.06,77417.61,76061.57,77340.12,5123.01639000,1776434399999,393243741.61917170,811229,3198.64767000,245647921.13007780,0
2026-04-17 14:00:00,77340.11,78052.49,77015.39,77886.77,3617.10048000,1776437999999,280949012.54625970,574547,2155.97360000,167524131.17811240,0
2026-04-17 15:00:00,77886.77,77999.0,77444.44,77785.02,1975.14451000,1776441599999,153601428.24169160,442136,1111.09555000,86421646.32266820,0
2026-04-17 16:00:00,77785.03,78333.0,77705.2,77857.14,1402.18359000,1776445199999,109433612.77437480,306237,715.68163000,55859059.54180390,0
2026-04-17 17:00:00,77857.15,77917.77,77101.49,77520.59,1173.45635000,1776448799999,90895802.15526230,330453,597.27859000,46265137.62698450,0
2026-04-17 18:00:00,77520.59,77565.63,77088.23,77159.89,637.39265000,1776452399999,49230525.66493650,216645,350.32033000,27058719.91701320,0
2026-04-17 19:00:00,77159.88,77473.44,77000.0,77393.58,652.45495000,1776455999999,50419934.39873720,199218,405.53590000,31341449.63947560,0
2026-04-17 20:00:00,77393.58,77611.68,77160.12,77337.64,357.23206000,1776459599999,27644403.70310330,123576,161.78684000,12521986.01819240,0
2026-04-17 21:00:00,77337.64,77494.69,77278.72,77445.73,307.76412000,1776463199999,23817562.66229850,88380,162.21459000,12553613.87462940,0
2026-04-17 22:00:00,77445.74,77510.0,77274.56,77301.25,474.88113000,1776466799999,36762606.82222660,96266,213.56544000,16531568.48703940,0
2026-04-17 23:00:00,77301.25,77302.0,76911.0,77072.0,612.20073000,1776470399999,47189817.52709990,89140,240.51369000,18542648.15935580,0
2026-04-18 00:00:00,77072.01,77258.55,76978.17,77168.0,324.03843000,1776473999999,24997816.44738870,85562,194.69771000,15022089.79419080,0
2026-04-18 01:00:00,77168.22,77330.0,77115.77,77218.07,266.42990000,1776477599999,20581769.70540360,66450,151.40038000,11695442.83833460,0
2026-04-18 02:00:00,77218.06,77420.08,77124.63,77292.52,268.04149000,1776481199999,20716566.44541130,64695,147.49347000,11402479.93315940,0
2026-04-18 03:00:00,77292.53,77296.95,76962.67,77005.47,268.91717000,1776484799999,20737826.24108490,65281,103.23056000,7960975.87385920,0
2026-04-18 04:00:00,77005.47,77162.08,76884.1,77100.74,370.07883000,1776488399999,28502278.36181540,65996,159.78931000,12308060.58413960,0
2026-04-18 05:00:00,77100.73,77278.58,77100.73,77134.66,312.05483000,1776491999999,24080732.02525270,46244,186.73777000,14409300.64039180,0
2026-04-18 06:00:00,77134.66,77217.0,77058.4,77136.01,168.72376000,1776495599999,13013538.68742680,42869,83.35736000,6429390.63838630,0
2026-04-18 07:00:00,77136.01,77136.01,76890.0,76997.8,276.05173000,1776499199999,21263545.11787590,48873,91.25059000,7027862.94875030,0
2026-04-18 08:00:00,76997.79,77048.0,76501.0,76738.63,773.24357000,1776502799999,59307208.42831600,138353,306.59411000,23514444.41928050,0
2026-04-18 09:00:00,76738.62,76738.63,76409.37,76599.89,462.93265000,1776506399999,35447489.40949530,85663,207.17122000,15864842.28022780,0
2026-04-18 10:00:00,76599.89,76599.9,76132.32,76189.56,624.93038000,1776509999999,47679453.58716030,117550,230.77675000,17606829.66373120,0
2026-04-18 11:00:00,76189.55,76189.56,75763.76,76039.05,809.07399000,1776513599999,61480530.93541190,164616,382.17363000,29033198.14314110,0
2026-04-18 12:00:00,76039.06,76300.0,76039.05,76206.97,492.57948000,1776517199999,37530289.20689460,116585,289.34947000,22045599.23919310,0
2026-04-18 13:00:00,76206.98,76212.7,75797.53,76122.87,456.87331000,1776520799999,34751923.58911930,111565,199.05586000,15146615.30311900,0
2026-04-18 14:00:00,76122.88,76288.4,75959.68,76249.99,461.97289000,1776524399999,35199675.45030320,79442,255.35296000,19457730.51464720,0
2026-04-18 15:00:00,76250.0,76363.75,76003.97,76167.34,261.12334000,1776527999999,19893836.27112320,78885,128.98673000,9828430.27400460,0
2026-04-18 16:00:00,76167.33,76211.57,75691.03,75943.35,522.36094000,1776531599999,39686080.26944520,119048,207.89903000,15795869.73329940,0
2026-04-18 17:00:00,75943.34,75958.23,75778.69,75828.51,256.05723000,1776535199999,19428642.86330380,69071,110.81278000,8408164.07368780,0
2026-04-18 18:00:00,75828.51,75844.66,75445.16,75651.78,591.47146000,1776538799999,44739784.77210420,123330,262.76523000,19878646.11944190,0
2026-04-18 19:00:00,75651.78,75796.32,75574.22,75649.85,194.31870000,1776542399999,14703204.20194580,60169,111.02003000,8400874.37879910,0
2026-04-18 20:00:00,75649.86,75834.3,75608.44,75754.78,484.97143000,1776545999999,36722266.11942270,58976,232.91048000,17637734.09419360,0
2026-04-18 21:00:00,75754.77,75839.1,75599.64,75821.34,197.94348000,1776549599999,14991857.36031440,51776,123.91401000,9386033.87771530,0
2026-04-18 22:00:00,75821.35,75873.1,75608.89,75813.53,155.69572000,1776553199999,11793631.80110010,45916,92.32477000,6993715.12070720,0
2026-04-18 23:00:00,75813.53,75891.64,75685.69,75691.76,141.95985000,1776556799999,10758620.63688800,34197,74.71941000,5663782.06556550,0
2026-04-19 00:00:00,75691.76,75847.42,75551.73,75693.01,297.06433000,1776560399999,22476226.73968840,59507,143.48521000,10855396.69641480,0
2026-04-19 01:00:00,75693.0,75798.47,75457.11,75621.95,321.53516000,1776563999999,24324467.46721730,59397,109.35061000,8269790.27670000,0
2026-04-19 02:00:00,75621.96,75722.21,75407.84,75496.0,212.48934000,1776567599999,16052972.94579540,68980,95.74238000,7234080.76875340,0
2026-04-19 03:00:00,75496.01,75637.44,75357.0,75515.77,175.28804000,1776571199999,13234380.45462280,60536,65.23128000,4926553.92667350,0
2026-04-19 04:00:00,75515.76,75782.63,75424.4,75664.62,294.60425000,1776574799999,22275335.53117960,79047,151.73467000,11475046.55463530,0
2026-04-19 05:00:00,75664.62,75687.04,75516.39,75545.6,174.63786000,1776578399999,13199461.84374090,36755,91.39751000,6907034.23192950,0
2026-04-19 06:00:00,75545.6,75545.6,75280.92,75400.09,385.31594000,1776581999999,29061573.68054040,62106,204.72463000,15441260.16143810,0
2026-04-19 07:00:00,75400.09,75400.09,74867.72,75252.34,771.61495000,1776585599999,57953703.58330590,132049,344.21183000,25854764.40266930,0
2026-04-19 08:00:00,75252.33,75299.99,75071.58,75257.6,333.58261000,1776589199999,25087936.92280410,69342,199.24144000,14984818.41961390,0
2026-04-19 09:00:00,75257.59,75265.0,74921.74,75015.0,313.21615000,1776592799999,23511815.36929920,76496,149.77712000,11243251.70519900,0
2026-04-19 10:00:00,75015.0,75243.02,74933.87,75222.45,323.18472000,1776596399999,24263755.29775700,71030,194.38249000,14592532.14581360,0
2026-04-19 11:00:00,75222.46,75641.99,75216.96,75604.11,418.71675000,1776599999999,31592808.10074480,86822,265.26703000,20014246.22380070,0
2026-04-19 12:00:00,75604.11,75700.0,75432.07,75571.6,439.48255000,1776603599999,33219721.82640200,86720,241.50418000,18256766.86227310,0
2026-04-19 13:00:00,75571.61,76240.66,75552.44,75921.75,760.39543000,1776607199999,57770795.96934660,137322,399.55910000,30354182.57453890,0
2026-04-19 14:00:00,75921.75,76147.01,75674.55,76024.01,621.24056000,1776610799999,47161807.33007840,133537,345.78823000,26250157.48206840,0
2026-04-19 15:00:00,76024.02,76155.3,75401.44,75846.63,1097.76631000,1776614399999,83206070.92613950,228217,537.27088000,40729758.45075330,0
2026-04-19 16:00:00,75846.63,75853.26,75311.11,75382.86,403.71917000,1776617999999,30516513.79084380,158877,169.13745000,12785937.33758240,0
2026-04-19 17:00:00,75382.87,75382.87,74638.31,74791.26,795.68148000,1776621599999,59721949.99532530,206340,302.93145000,22741680.76000350,0
2026-04-19 18:00:00,74791.27,74908.62,74608.0,74770.11,531.16281000,1776625199999,39710505.83709420,174708,272.65352000,20385011.27780420,0
2026-04-19 19:00:00,74770.11,75071.61,74770.11,74965.47,306.83274000,1776628799999,22997625.75159940,89875,163.37320000,12244033.34898400,0
2026-04-19 20:00:00,74965.46,74965.47,74427.53,74630.0,452.71123000,1776632399999,33800781.41600160,124015,182.13376000,13600415.90915770,0
2026-04-19 21:00:00,74630.01,74810.0,74368.6,74425.15,383.54881000,1776635999999,28618982.69485510,98465,168.54899000,12579593.71056550,0
2026-04-19 22:00:00,74425.16,74425.16,73762.9,74047.34,1140.38980000,1776639599999,84438763.65237730,310048,487.29685000,36078751.65618780,0
2026-04-19 23:00:00,74047.34,74054.22,73790.0,73801.79,415.64133000,1776643199999,30717413.31403250,129560,173.87494000,12849422.16907250,0
2026-04-20 00:00:00,73801.8,74360.43,73724.31,74280.01,787.93368000,1776646799999,58410657.92986910,136744,429.63824000,31852228.81058770,0
2026-04-20 01:00:00,74280.01,74746.93,74214.67,74595.13,689.61016000,1776650399999,51345070.08128420,110781,374.03421000,27860971.52549420,0
2026-04-20 02:00:00,74595.12,74627.99,74304.84,74410.01,739.68976000,1776653999999,55081745.39643990,98256,290.72346000,21647669.55270440,0
2026-04-20 03:00:00,74410.01,74640.65,74359.04,74634.0,281.20310000,1776657599999,20951459.87537970,64927,177.22966000,13205297.15531170,0
2026-04-20 04:00:00,74634.01,74637.43,74435.19,74567.64,333.76794000,1776661199999,24873576.37508830,53779,141.85736000,10574358.67207020,0
2026-04-20 05:00:00,74567.63,74567.63,74095.18,74264.15,529.73957000,1776664799999,39329887.72520010,83287,279.82785000,20769014.67044140,0
2026-04-20 06:00:00,74264.16,74894.11,74250.0,74786.59,441.30070000,1776668399999,32915449.10195880,112325,262.15821000,19554204.72474900,0
2026-04-20 07:00:00,74786.59,75572.0,74670.86,74837.17,1175.74482000,1776671999999,88264635.33290060,244518,675.94219000,50747606.65677460,0
2026-04-20 08:00:00,74837.18,74998.83,74619.41,74728.91,538.52852000,1776675599999,40275645.85934490,133136,303.51310000,22700826.68823570,0
2026-04-20 09:00:00,74728.92,75233.0,74706.87,75062.77,502.56404000,1776679199999,37703170.54180170,121361,300.66934000,22550405.19330510,0
2026-04-20 10:00:00,75062.77,75404.63,75003.63,75027.26,321.32100000,1776682799999,24174525.67861530,93438,185.21744000,13936999.61266870,0
2026-04-20 11:00:00,75027.26,75287.88,74957.51,75192.71,284.12016000,1776686399999,21357193.96582040,98831,144.85804000,10890078.70652980,0
2026-04-20 12:00:00,75192.72,75650.0,75043.86,75289.9,698.85484000,1776689999999,52664470.14714710,155433,398.23602000,30021988.08912690,0
2026-04-20 13:00:00,75289.91,75434.41,74859.11,75269.38,774.09093000,1776693599999,58177270.79128110,282057,387.63563000,29137748.14542840,0
2026-04-20 14:00:00,75269.37,75766.74,74921.42,75034.79,1047.20928000,1776697199999,78846852.86368420,353943,436.13453000,32855149.14566310,0
2026-04-20 15:00:00,75034.79,75772.72,74702.0,75716.77,1196.95260000,1776700799999,90155304.64060710,332369,663.98226000,50037544.77110050,0
2026-04-20 16:00:00,75716.78,75723.99,75299.26,75338.74,630.71705000,1776704399999,47578689.16361520,173683,290.31976000,21899462.23379310,0
2026-04-20 17:00:00,75338.75,75991.47,75289.92,75898.14,642.61045000,1776707999999,48667033.94413780,186674,372.75787000,28234328.13896870,0
2026-04-20 18:00:00,75898.14,76453.19,75898.14,76423.69,1544.76303000,1776711599999,117703316.14295270,215983,845.69116000,64439782.30051880,0
2026-04-20 19:00:00,76423.69,76486.67,76154.49,76296.96,1368.12243000,1776715199999,104379780.68911810,134348,683.06301000,52117505.62905080,0
2026-04-20 20:00:00,76296.97,76558.62,76113.07,76276.17,1418.85750000,1776718799999,108240634.72060620,135055,705.96473000,53863417.73546760,0
2026-04-20 21:00:00,76276.18,76357.2,75784.05,75954.71,523.28232000,1776722399999,39768202.87298590,90993,214.96429000,16334962.86017940,0
2026-04-20 22:00:00,75954.72,76143.71,75904.39,75974.24,220.64170000,1776725999999,16769477.71711470,78958,99.62091000,7572116.27517420,0
2026-04-20 23:00:00,75974.24,75974.24,75617.6,75840.97,301.78476000,1776729599999,22869862.81412200,72712,148.66182000,11265508.67237490,0
2026-04-21 00:00:00,75840.97,76099.19,75700.0,76092.45,428.95831000,1776733199999,32565981.50536390,103117,254.73437000,19339624.11192340,0
2026-04-21 01:00:00,76092.46,76263.4,75866.01,75927.59,391.13593000,1776736799999,29757307.28506650,113336,221.28238000,16837713.26929730,0
2026-04-21 02:00:00,75927.58,75932.7,75580.0,75581.33,536.09341000,1776740399999,40596326.12016880,93225,267.52933000,20259285.40252580,0
2026-04-21 03:00:00,75581.33,75721.12,75474.77,75710.3,256.25150000,1776743999999,19372287.82265700,78598,113.85973000,8608991.85533530,0
2026-04-21 04:00:00,75710.31,75823.49,75600.0,75813.81,259.64273000,1776747599999,19654552.91084870,58769,119.67170000,9060789.08719820,0
2026-04-21 05:00:00,75813.8,75981.1,75782.75,75802.0,321.53858000,1776751199999,24398652.72091470,67388,145.15124000,11013863.20927790,0
2026-04-21 06:00:00,75802.0,76129.95,75703.85,75974.11,408.87339000,1776754799999,31044545.98722670,77817,244.79434000,18592536.14960740,0
2026-04-21 07:00:00,75974.12,76300.0,75814.26,76084.34,1236.72448000,1776758399999,94166083.86230530,124825,758.07941000,57718706.51228930,0
2026-04-21 08:00:00,76084.34,76927.57,76063.98,76507.21,915.23783000,1776761999999,69990302.95390550,135113,585.57081000,44783818.84941730,0
2026-04-21 09:00:00,76507.21,76587.82,76155.0,76362.77,582.67237000,1776765599999,44482538.74087610,113528,273.31006000,20869620.46619380,0
2026-04-21 10:00:00,76362.78,76866.55,76349.59,76746.41,536.34243000,1776769199999,41074598.19300450,113101,275.97530000,21137117.00398550,0
2026-04-21 11:00:00,76746.41,76750.68,76342.0,76452.94,624.94284000,1776772799999,47828779.30800280,127345,258.12479000,19753387.75394130,0
2026-04-21 12:00:00,76452.94,76528.11,75709.03,76009.46,1039.78515000,1776776399999,79097465.41461390,180483,378.28559000,28783235.06228480,0
2026-04-21 13:00:00,76009.46,76179.75,75736.33,75899.98,686.08493000,1776779999999,52122638.75400030,233313,351.77543000,26722179.40956970,0
2026-04-21 14:00:00,75899.98,76595.3,75625.28,75675.05,949.21411000,1776783599999,72219829.94321650,295891,489.36789000,37243959.76597410,0
2026-04-21 15:00:00,75675.04,75979.78,75430.62,75834.65,923.86151000,1776787199999,69935862.64562700,267092,449.33185000,34022672.38488460,0
2026-04-21 16:00:00,75834.66,76190.72,75760.0,75781.18,496.33064000,1776790799999,37697546.27114750,206126,261.16114000,19836849.94487190,0
2026-04-21 17:00:00,75781.19,75912.98,75052.64,75545.62,995.08460000,1776794399999,75112405.16731290,307318,484.47353000,36572245.58763200,0
2026-04-21 18:00:00,75545.62,75668.24,75310.88,75610.21,456.47055000,1776797999999,34470291.19488900,169269,234.40335000,17700037.81184210,0
2026-04-21 19:00:00,75610.21,75919.5,74821.57,75023.43,954.26760000,1776801599999,71843953.45139700,264513,452.83818000,34111928.00436380,0
2026-04-21 20:00:00,75023.43,75859.56,74967.58,75698.51,797.25703000,1776805199999,60166270.53065940,195853,465.33598000,35117302.96389710,0
2026-04-21 21:00:00,75698.51,75777.38,75431.62,75549.99,249.37655000,1776808799999,18846154.86718010,61988,127.85612000,9662796.62737520,0
2026-04-21 22:00:00,75549.99,75650.04,75302.01,75650.04,389.29388000,1776812399999,29380172.69168730,98014,154.90712000,11695850.66722470,0
2026-04-21 23:00:00,75650.03,76425.37,75622.0,76336.15,477.13097000,1776815999999,36293724.21623970,130191,305.14324000,23215143.01294230,0
2026-04-22 00:00:00,76336.14,76500.0,76220.4,76370.45,496.92701000,1776819599999,37934168.35532450,130804,290.00217000,22139294.04424370,0
2026-04-22 01:00:00,76370.46,76416.24,76132.95,76297.99,351.48706000,1776823199999,26806468.65079570,103277,200.45284000,15289498.41392110,0
2026-04-22 02:00:00,76297.99,77645.35,76223.9,77604.71,1622.85639000,1776826799999,125119091.64333960,307687,1064.10119000,82033881.38078040,0
2026-04-22 03:00:00,77604.7,77733.11,77397.88,77521.48,956.65280000,1776830399999,74188854.49907220,176604,494.42430000,38346754.67134810,0
2026-04-22 04:00:00,77521.47,77700.0,77364.25,77523.0,547.15780000,1776833999999,42417869.74240190,106982,282.93013000,21932915.51585510,0
2026-04-22 05:00:00,77523.01,78452.18,77450.0,77994.93,2386.48879000,1776837599999,186355412.84345000,294579,1285.99927000,100431657.92246570,0
2026-04-22 06:00:00,77994.92,78042.84,77900.0,78010.72,576.88586000,1776841199999,44975855.90257140,101693,254.48167000,19840923.49925920,0
2026-04-22 07:00:00,78010.73,78111.0,77825.0,78012.79,880.52640000,1776844799999,68665141.63800280,116185,395.71491000,30862397.34459730,0
2026-04-22 08:00:00,78012.78,78219.41,77941.59,78010.92,987.44812000,1776848399999,77090928.99792560,106228,597.59327000,46657896.04129380,0
2026-04-22 09:00:00,78010.92,78184.7,77956.76,78001.95,415.39605000,1776851999999,32425789.04673720,92010,190.35000000,14858463.91909970,0
2026-04-22 10:00:00,78001.96,78180.0,77951.17,78157.41,352.72131000,1776855599999,27539555.08442200,80870,157.41912000,12291664.75171820,0
2026-04-22 11:00:00,78157.41,78399.0,78102.0,78300.0,560.88264000,1776859199999,43887686.19059220,118083,282.94730000,22140529.00976460,0
2026-04-22 12:00:00,78300.0,78508.18,78114.04,78236.05,952.94008000,1776862799999,74645120.90139250,161891,588.12128000,46079333.27979030,0
2026-04-22 13:00:00,78236.05,78850.0,78162.64,78840.94,1253.18724000,1776866399999,98433638.16916900,324714,761.20941000,59801640.52030380,0
2026-04-22 14:00:00,78840.94,79174.68,78577.86,79045.75,1847.69509000,1776869999999,145779896.83810260,334599,990.78694000,78188057.55985080,0
2026-04-22 15:00:00,79045.75,79400.0,78837.66,79272.9,1412.00400000,1776873599999,111714269.11973560,255135,822.39234000,65067307.85006530,0
2026-04-22 16:00:00,79272.91,79472.82,78632.37,78743.59,1010.97362000,1776877199999,79885495.94858980,206544,442.13610000,34958086.92301170,0
2026-04-22 17:00:00,78743.6,79034.73,78705.71,78900.0,502.31388000,1776880799999,39625068.09624970,140993,251.77413000,19860534.82914000,0
2026-04-22 18:00:00,78900.01,79163.66,78828.76,79022.39,322.94022000,1776884399999,25505833.71082530,102422,159.05660000,12563983.05321040,0
2026-04-22 19:00:00,79022.4,79067.6,78706.81,78846.62,557.30668000,1776887999999,43958642.80860630,156155,290.25392000,22894394.56614550,0
2026-04-22 20:00:00,78846.62,78915.84,78410.0,78436.68,436.66543000,1776891599999,34323184.54957490,91528,177.44718000,13947618.31396040,0
2026-04-22 21:00:00,78436.69,78821.86,78425.0,78762.69,299.34545000,1776895199999,23540743.81801290,55113,94.25667000,7411745.89964780,0
2026-04-22 22:00:00,78762.68,78824.0,78456.15,78607.95,294.64140000,1776898799999,23165945.45367240,90903,130.93396000,10295592.39017470,0
2026-04-22 23:00:00,78607.95,78607.95,78155.83,78178.23,712.06893000,1776902399999,55747423.53776770,102078,171.33964000,13418995.37071940,0
2026-04-23 00:00:00,78178.22,78574.44,77582.17,78424.29,1778.58027000,1776905999999,138999107.59543000,279249,822.83952000,64362303.03455020,0
2026-04-23 01:00:00,78424.3,78472.95,78057.5,78359.23,586.86850000,1776909599999,45893631.57664660,123412,339.25166000,26530285.72112730,0
2026-04-23 02:00:00,78359.71,78359.72,77761.2,77939.92,508.32327000,1776913199999,39662730.54444330,156981,194.83009000,15207268.49379900,0
2026-04-23 03:00:00,77939.91,78025.99,77453.43,77746.46,609.20360000,1776916799999,47315423.26367520,144873,238.83366000,18551996.58192400,0
2026-04-23 04:00:00,77746.47,77949.09,77675.8,77920.09,305.04990000,1776920399999,23743089.11238360,94558,180.89006000,14079774.70171690,0
2026-04-23 05:00:00,77920.09,78110.01,77750.0,78033.87,680.89298000,1776923999999,53071245.87736040,84398,336.11606000,26197078.14946630,0
2026-04-23 06:00:00,78034.0,78339.35,78034.0,78211.43,433.12959000,1776927599999,33878473.90841770,94817,223.30767000,17467329.82903260,0
2026-04-23 07:00:00,78211.43,78248.39,77981.88,78048.62,292.35484000,1776931199999,22838712.18938610,93773,113.58308000,8875065.50008460,0
2026-04-23 08:00:00,78048.61,78175.52,77714.86,77858.35,1135.26875000,1776934799999,88358730.68986880,124590,315.17133000,24534156.72928850,0
2026-04-23 09:00:00,77858.34,77860.8,77440.85,77655.34,772.05261000,1776938399999,59917880.87948720,120860,425.59683000,33030317.02417030,0
2026-04-23 10:00:00,77655.35,77709.16,77174.01,77403.63,1129.48909000,1776941999999,87362198.44812610,143778,554.76026000,42907237.90277380,0
2026-04-23 11:00:00,77403.63,77757.31,77365.57,77704.62,525.42671000,1776945599999,40752905.49042420,99954,355.56668000,27581636.99783930,0
2026-04-23 12:00:00,77704.61,77870.54,77491.18,77870.53,636.21566000,1776949199999,49448729.69183150,148629,272.69750000,21197111.28877730,0
2026-04-23 13:00:00,77870.54,77904.37,77379.92,77532.23,592.70115000,1776952799999,45993667.21307590,188887,280.56866000,21774707.67747280,0
2026-04-23 14:00:00,77532.23,78201.53,77414.0,78180.77,926.52082000,1776956399999,72131836.08840190,236529,525.92165000,40961939.44576080,0
2026-04-23 15:00:00,78180.78,78662.5,77983.25,78376.76,1008.45262000,1776959999999,79031114.41086540,217635,485.12436000,38008908.94722980,0
2026-04-23 16:00:00,78376.77,78509.82,78030.0,78103.72,661.93618000,1776963599999,51847518.75135350,150151,211.21065000,16541028.24862640,0
2026-04-23 17:00:00,78103.72,78184.85,76960.0,77769.21,1724.53866000,1776967199999,133577665.78136510,397037,808.20246000,62613501.39982890,0
2026-04-23 18:00:00,77769.2,78146.75,77678.65,77678.65,731.06838000,1776970799999,56984708.37429770,236759,376.98829000,29386703.35971250,0
2026-04-23 19:00:00,77678.65,77886.88,77592.92,77727.26,830.20485000,1776974399999,64531354.52325890,153587,187.67368000,14588920.44905290,0
2026-04-23 20:00:00,77727.25,78050.0,77637.5,77886.97,391.74493000,1776977999999,30491067.36905110,87377,152.99403000,11909262.01387210,0
2026-04-23 21:00:00,77886.97,78070.0,77800.0,77864.83,211.37751000,1776981599999,16475991.68367190,46508,91.54673000,7136196.33352370,0
2026-04-23 22:00:00,77864.84,78331.0,77864.83,78235.3,271.33020000,1776985199999,21209536.32400500,88187,137.98190000,10784907.23012970,0
2026-04-23 23:00:00,78235.29,78298.01,78030.0,78257.48,228.06394000,1776988799999,17832378.56741900,59267,129.09891000,10094497.24804980,0
2026-04-24 00:00:00,78257.48,78490.83,78172.01,78417.22,451.37457000,1776992399999,35380330.24346730,99845,301.70383000,23650644.69559820,0
2026-04-24 01:00:00,78417.22,78450.0,77952.16,78429.73,533.84795000,1776995999999,41748504.37030600,93322,259.15865000,20280841.10666740,0
2026-04-24 02:00:00,78429.73,78581.93,78067.17,78125.65,425.56297000,1776999599999,33332434.34129870,93404,220.21893000,17254778.37469210,0
2026-04-24 03:00:00,78125.65,78178.4,77555.0,77737.85,639.95986000,1777003199999,49769813.66204480,114627,267.57722000,20806727.60051320,0
2026-04-24 04:00:00,77737.84,77854.57,77482.49,77670.0,605.14416000,1777006799999,47015427.84769670,78417,294.79678000,22906667.47334120,0
2026-04-24 05:00:00,77670.01,78057.65,77457.0,77953.48,423.67180000,1777010399999,32920698.12697990,83095,244.60623000,19014777.43232110,0
2026-04-24 06:00:00,77953.48,77979.54,77761.2,77789.75,280.75336000,1777013999999,21859966.57065030,62370,161.97892000,12612379.55954570,0
2026-04-24 07:00:00,77789.75,77855.67,77543.52,77644.6,696.90666000,1777017599999,54135887.06212490,86274,253.16613000,19664809.69159440,0
2026-04-24 08:00:00,77644.59,78000.0,77550.73,77785.71,731.67499000,1777021199999,56904329.34603440,89394,437.69254000,34041741.78111930,0
2026-04-24 09:00:00,77785.7,77804.23,77402.01,77527.69,621.09775000,1777024799999,48149225.74318110,84081,328.70005000,25481363.33391830,0
2026-04-24 10:00:00,77527.7,77784.0,77444.95,77752.36,379.99202000,1777028399999,29497095.94418390,77736,184.47676000,14321440.14448260,0
2026-04-24 11:00:00,77752.37,78372.58,77752.37,78240.26,1186.36064000,1777031999999,92687431.54212090,209763,624.70608000,48811071.28641450,0
2026-04-24 12:00:00,78240.27,78345.15,78016.51,78275.66,579.40035000,1777035599999,45315385.75126130,108735,204.49519000,15996513.56673240,0
2026-04-24 13:00:00,78275.65,78479.37,77913.27,78093.79,852.96848000,1777039199999,66714401.52464270,205104,342.60192000,26805966.36647070,0
2026-04-24 14:00:00,78093.8,78093.8,77681.74,78037.64,755.72516000,1777042799999,58877076.68650310,226111,344.75479000,26861492.14017680,0
2026-04-24 15:00:00,78037.65,78233.18,77577.22,78038.62,662.02033000,1777046399999,51552119.39681160,201570,326.58469000,25437243.97001970,0
2026-04-24 16:00:00,78038.63,78060.29,77586.86,77777.28,525.06319000,1777049999999,40836270.90539080,146805,245.81791000,19118172.62328370,0
2026-04-24 17:00:00,77776.76,77829.17,77489.6,77681.71,537.36482000,1777053599999,41723141.33164990,120405,222.88983000,17307470.48861620,0
2026-04-24 18:00:00,77681.72,77717.08,77363.63,77618.24,321.31558000,1777057199999,24916332.19562970,97045,131.54474000,10201476.69110620,0
2026-04-24 19:00:00,77618.25,77748.66,77532.46,77628.85,250.57895000,1777060799999,19447918.76557940,89779,129.31187000,10035911.80941500,0
2026-04-24 20:00:00,77628.84,77757.14,77458.0,77718.31,376.29595000,1777064399999,29204261.70331400,59729,226.28682000,17567195.95404490,0
2026-04-24 21:00:00,77718.31,77756.15,77536.48,77536.48,322.69633000,1777067999999,25047570.53088180,49716,110.13994000,8549425.20911680,0
2026-04-24 22:00:00,77536.49,77616.78,77264.08,77328.91,278.27896000,1777071599999,21545475.67814630,69296,128.02495000,9910676.29698840,0
2026-04-24 23:00:00,77328.92,77456.87,77328.92,77437.13,237.08832000,1777075199999,18351465.33029700,35350,156.82916000,12139869.75713220,0
2026-04-25 00:00:00,77437.13,77502.99,77309.92,77456.88,429.63681000,1777078799999,33253761.64202480,37459,209.76376000,16233721.59679530,0
2026-04-25 01:00:00,77456.88,77620.52,77440.8,77541.63,200.07888000,1777082399999,15511757.51289660,40585,111.27967000,8626900.77051640,0
2026-04-25 02:00:00,77541.63,77644.04,77504.43,77607.8,171.07030000,1777085999999,13272795.26084430,33149,102.89446000,7982850.76046950,0
2026-04-25 03:00:00,77607.8,77711.87,77550.27,77679.07,142.22205000,1777089599999,11040623.14311730,37250,83.94328000,6516864.65166410,0
2026-04-25 04:00:00,77679.08,77691.23,77596.37,77619.05,275.21191000,1777093199999,21365066.89205990,26537,125.61180000,9752524.34143850,0
2026-04-25 05:00:00,77619.05,77619.05,77485.51,77510.28,174.55862000,1777096799999,13533405.72728600,28686,89.48532000,6937256.82533380,0
2026-04-25 06:00:00,77510.27,77582.28,77489.35,77503.63,269.54814000,1777100399999,20897429.38192420,25643,149.69051000,11604306.02542340,0
2026-04-25 07:00:00,77503.63,77566.26,77450.0,77501.19,174.69907000,1777103999999,13539928.54686770,32102,92.88601000,7198962.98236160,0
2026-04-25 08:00:00,77501.19,77654.41,77491.36,77643.37,116.50084000,1777107599999,9039307.20230260,25262,62.02640000,4812682.46351160,0
2026-04-25 09:00:00,77643.38,77779.65,77587.1,77714.55,144.65626000,1777111199999,11237104.93711010,30408,98.06332000,7618011.75940200,0
2026-04-25 10:00:00,77714.56,77885.35,77714.55,77787.77,306.44644000,1777114799999,23839159.36575830,33958,199.80764000,15542741.30510080,0
2026-04-25 11:00:00,77787.76,77787.77,77607.03,77682.3,185.59351000,1777118399999,14419702.64322890,29717,113.04878000,8783125.79271730,0
2026-04-25 12:00:00,77682.29,77717.95,77550.61,77557.14,161.82067000,1777121999999,12561156.90747570,35294,82.91663000,6436235.09818560,0
2026-04-25 13:00:00,77557.14,77710.91,77557.14,77691.69,161.65796000,1777125599999,12551446.37018900,23868,85.76836000,6659440.32214150,0
2026-04-25 14:00:00,77691.7,77752.54,77638.0,77656.75,202.75966000,1777129199999,15754017.85710440,36444,94.15331000,7315191.26540730,0
2026-04-25 15:00:00,77656.74,77722.7,77299.89,77330.26,480.35839000,1777132799999,37208847.06095390,51722,150.41744000,11652776.02520830,0
2026-04-25 16:00:00,77330.25,77454.31,77140.23,77397.27,471.60364000,1777136399999,36479440.20737500,67732,229.46691000,17751229.68601440,0
2026-04-25 17:00:00,77397.27,77407.03,77210.96,77245.77,151.09691000,1777139999999,11683611.78014350,35281,69.72706000,5391161.20436540,0
2026-04-25 18:00:00,77245.78,77389.01,77216.29,77313.0,331.13304000,1777143599999,25600920.11172050,35173,117.97294000,9120571.85401110,0
2026-04-25 19:00:00,77313.0,77343.81,77193.79,77330.01,293.84127000,1777147199999,22715162.69396040,27660,192.79231000,14904639.73989270,0
2026-04-25 20:00:00,77330.0,77481.7,77311.05,77479.13,85.63447000,1777150799999,6626990.74541810,23110,51.12644000,3956429.12070620,0
2026-04-25 21:00:00,77479.14,77530.0,77415.2,77525.84,150.55151000,1777154399999,11667111.53887340,28415,77.41640000,5999342.80195560,0
2026-04-25 22:00:00,77525.83,77634.77,77498.81,77557.01,242.12513000,1777157999999,18778275.31835110,29672,124.40836000,9648325.56518850,0
2026-04-25 23:00:00,77557.01,77650.0,77530.0,77625.0,362.30872000,1777161599999,28106981.49816780,31415,285.18644000,22122448.86205840,0
2026-04-26 00:00:00,77625.0,77642.43,77445.94,77502.4,307.91239000,1777165199999,23878196.37948640,33366,77.71338000,6025417.51838910,0
2026-04-26 01:00:00,77502.39,77572.81,77451.16,77461.16,130.56583000,1777168799999,10121444.94215560,23817,72.41169000,5613369.96953450,0
2026-04-26 02:00:00,77461.16,77590.97,77452.07,77512.67,85.92459000,1777172399999,6661406.74939030,23204,48.25011000,3740580.93310920,0
2026-04-26 03:00:00,77512.67,77541.96,77326.51,77400.21,146.77411000,1777175999999,11365652.89123100,32644,68.85410000,5332379.03833120,0
2026-04-26 04:00:00,77400.21,77814.43,77383.46,77774.29,227.07196000,1777179599999,17626023.40926710,49643,143.41354000,11132874.09502720,0
2026-04-26 05:00:00,77774.29,78200.0,77719.77,77983.31,797.06637000,1777183199999,62196715.67631580,116680,410.59597000,32038000.88414830,0
2026-04-26 06:00:00,77983.31,78045.0,77899.45,77999.04,206.01822000,1777186799999,16066562.23977160,39649,121.13331000,9447777.19276720,0
2026-04-26 07:00:00,77999.04,78121.45,77968.36,78102.53,175.61130000,1777190399999,13701319.04109420,29326,102.81239000,8021756.28043890,0
2026-04-26 08:00:00,78102.53,78210.0,78019.65,78032.59,265.96473000,1777193999999,20770419.88056660,45356,121.37547000,9480569.35790000,0
2026-04-26 09:00:00,78032.59,78058.45,77926.59,77999.99,168.80014000,1777197599999,13164185.51357380,40230,84.61920000,6599216.42979460,0
2026-04-26 10:00:00,78000.0,78050.19,77954.0,78002.43,153.34740000,1777201199999,11962363.69693260,23874,96.59446000,7535131.61336120,0
2026-04-26 11:00:00,78002.43,78149.99,78002.42,78101.44,133.58626000,1777204799999,10431184.36511800,29657,82.63816000,6452739.03976060,0
2026-04-26 12:00:00,78101.43,78101.5,77770.0,77833.08,296.93614000,1777208399999,23135108.84221020,39800,94.92224000,7397791.35298550,0
2026-04-26 13:00:00,77833.08,77996.69,77797.13,77977.79,254.46962000,1777211999999,19822478.02425500,43057,142.45759000,11098196.19089880,0
2026-04-26 14:00:00,77977.79,78173.15,77871.85,78095.66,401.66239000,1777215599999,31352594.41389510,67921,221.67199000,17310033.84361130,0
2026-04-26 15:00:00,78095.65,78121.92,77988.89,78049.0,177.47420000,1777219199999,13853669.72434410,39444,73.71546000,5754218.94415660,0
2026-04-26 16:00:00,78049.0,78086.47,77919.42,77919.43,198.96678000,1777222799999,15524196.98113630,37768,78.79856000,6148871.18264280,0
2026-04-26 17:00:00,77919.43,78050.0,77850.0,78018.57,373.25532000,1777226399999,29093014.96245040,39786,96.95193000,7559889.18098160,0
2026-04-26 18:00:00,78018.57,78346.89,77988.11,78283.96,421.27794000,1777229999999,32938887.67928460,62598,241.59286000,18891894.43264430,0
2026-04-26 19:00:00,78283.97,78500.0,78013.76,78221.16,511.56000000,1777233599999,40025065.70290760,96380,229.37145000,17951649.31867100,0
2026-04-26 20:00:00,78221.17,78377.77,78158.04,78194.22,172.13709000,1777237199999,13473618.44556560,42777,88.63730000,6937974.48862370,0
2026-04-26 21:00:00,78194.21,78961.0,77843.75,78417.41,977.34524000,1777240799999,76608690.38213730,152690,540.05686000,42373064.41200360,0
2026-04-26 22:00:00,78417.41,78850.3,77953.26,78313.52,710.63176000,1777244399999,55715643.59428250,208140,352.58889000,27646918.23678630,0
2026-04-26 23:00:00,78313.52,78901.63,78041.05,78657.55,669.20184000,1777247999999,52503529.94742830,159164,390.68875000,30659280.67059860,0
2026-04-27 00:00:00,78657.55,79392.4,78400.03,79308.6,1271.22649000,1777251599999,100266536.24228420,210963,811.45289000,64017301.68044850,0
2026-04-27 01:00:00,79309.0,79485.66,78730.71,79283.66,993.09217000,1777255199999,78609390.92386080,226217,508.17293000,40224821.49266540,0
2026-04-27 02:00:00,79283.65,79304.0,79030.91,79130.01,381.22923000,1777258799999,30169750.06762970,102648,192.08276000,15202607.09431610,0
2026-04-27 03:00:00,79130.01,79316.5,79077.81,79105.49,397.44839000,1777262399999,31483892.59620830,87591,195.61425000,15496501.53544870,0
2026-04-27 04:00:00,79105.5,79160.0,78872.42,78924.22,417.67922000,1777265999999,33010708.91948910,80371,210.85372000,16668105.29221190,0
2026-04-27 05:00:00,78924.21,78938.0,77562.63,77785.54,1805.78745000,1777269599999,140975964.41492850,298475,724.28046000,56517945.76657950,0
2026-04-27 06:00:00,77785.55,77871.9,77465.05,77700.12,641.73182000,1777273199999,49856671.46285750,105344,246.83091000,19181009.79999670,0
2026-04-27 07:00:00,77700.12,77734.79,77562.08,77606.6,743.19766000,1777276799999,57722726.51350730,79787,409.15045000,31779103.44494420,0
2026-04-27 08:00:00,77606.59,77816.18,77553.23,77804.34,465.54163000,1777280399999,36158906.28343930,68821,239.97156000,18639752.26051570,0
2026-04-27 09:00:00,77804.34,77980.0,77700.0,77900.01,578.50773000,1777283999999,45038155.21320290,67088,295.04344000,22969876.28945000,0
2026-04-27 10:00:00,77900.01,77935.66,77792.46,77850.01,311.10764000,1777287599999,24216923.41181610,42349,162.24660000,12629507.74287190,0
2026-04-27 11:00:00,77850.01,77885.46,77740.39,77844.26,252.77882000,1777291199999,19669171.81716390,46354,141.93506000,11043730.66884780,0
2026-04-27 12:00:00,77844.25,77867.33,77620.0,77667.36,415.46743000,1777294799999,32293679.00694010,87231,152.49264000,11852597.27734390,0
2026-04-27 13:00:00,77667.36,77966.8,77571.79,77746.74,762.71670000,1777298399999,59285352.18620040,174210,310.48760000,24136326.35708940,0
2026-04-27 14:00:00,77746.74,78265.34,77680.0,77815.25,744.42829000,1777301999999,58047837.10676410,187805,392.85927000,30638587.18479160,0
2026-04-27 15:00:00,77815.26,77827.17,76564.33,76793.09,1882.17067000,1777305599999,144992953.50061170,355711,787.10159000,60624929.17232510,0
2026-04-27 16:00:00,76793.1,76868.01,76546.0,76618.59,809.46498000,1777309199999,62095190.51747000,161056,340.11187000,26092284.55560180,0
2026-04-27 17:00:00,76618.59,76990.43,76618.59,76743.24,874.80558000,1777312799999,67173019.41219570,148517,479.32604000,36810182.29998010,0
2026-04-27 18:00:00,76743.23,76890.99,76668.52,76834.06,361.97331000,1777316399999,27786386.61423840,82257,182.21621000,13989403.12258780,0
2026-04-27 19:00:00,76834.05,76894.7,76459.64,76878.07,598.68003000,1777319999999,45903721.91244150,123137,235.72135000,18081173.53077320,0
2026-04-27 20:00:00,76878.23,77067.8,76844.16,76960.43,310.80766000,1777323599999,23920970.14421540,67517,149.13757000,11477742.57725340,0
2026-04-27 21:00:00,76960.43,76981.53,76786.8,76786.81,223.94467000,1777327199999,17218633.47620900,59981,92.82332000,7137208.99245520,0
2026-04-27 22:00:00,76786.81,77082.78,76763.71,77066.42,364.86359000,1777330799999,28080626.97549680,59100,181.99845000,14004312.33149830,0
2026-04-27 23:00:00,77066.42,77450.0,77018.56,77371.32,438.27302000,1777334399999,33856381.36502160,60359,270.62125000,20907412.12277720,0
2026-04-28 00:00:00,77371.32,77478.0,77210.92,77379.62,327.26244000,1777337999999,25310250.52882880,88055,151.54044000,11720456.89823110,0
2026-04-28 01:00:00,77379.62,77394.1,77038.1,77084.68,404.77602000,1777341599999,31251762.76371430,72271,133.83503000,10332235.90810630,0
2026-04-28 02:00:00,77084.69,77227.03,76672.56,76890.93,437.75480000,1777345199999,33687481.34880390,105486,195.01385000,15013729.56694370,0
2026-04-28 03:00:00,76890.92,76890.92,76672.0,76815.18,278.47081000,1777348799999,21380416.95548490,66385,126.34610000,9701751.97500680,0
2026-04-28 04:00:00,76815.18,76950.0,76701.35,76888.08,274.86374000,1777352399999,21114473.32672570,64000,141.86246000,10898935.73816070,0
2026-04-28 05:00:00,76888.08,77154.0,76811.01,76885.98,510.80129000,1777355999999,39323087.46228520,80935,271.92260000,20937079.53786240,0
2026-04-28 06:00:00,76885.97,77027.91,76588.0,76720.0,465.05641000,1777359599999,35717667.16479880,81428,212.80817000,16344019.20716040,0
2026-04-28 07:00:00,76720.01,76922.22,76424.9,76879.28,1631.99051000,1777363199999,125275096.25770610,156070,897.12282000,68889500.89561870,0
2026-04-28 08:00:00,76879.28,77013.63,76741.12,76858.59,1043.07562000,1777366799999,80217077.83867120,95582,540.28961000,41559389.92568530,0
2026-04-28 09:00:00,76858.59,76863.54,76495.91,76598.0,361.69239000,1777370399999,27746998.60779720,76034,156.65387000,12019560.42377720,0
2026-04-28 10:00:00,76597.99,76692.19,76484.7,76618.35,418.24563000,1777373999999,32030505.34860610,64268,213.21973000,16329763.07862540,0
2026-04-28 11:00:00,76618.35,76649.86,76130.1,76229.0,1019.71842000,1777377599999,77817781.07883900,150815,492.25594000,37569928.54936200,0
2026-04-28 12:00:00,76228.99,76421.94,76168.84,76372.05,652.01316000,1777381199999,49736460.90601710,118362,397.66985000,30334194.09321680,0
2026-04-28 13:00:00,76372.04,76411.72,75924.98,76189.84,1288.52500000,1777384799999,98144621.71434750,197727,599.06339000,45634508.99717680,0
2026-04-28 14:00:00,76189.85,76199.99,75666.6,75949.99,1264.27580000,1777388399999,95908641.08633840,248276,540.81443000,41033080.50182680,0
2026-04-28 15:00:00,75950.0,76085.42,75836.88,76066.38,571.95819000,1777391999999,43465481.17493520,147410,286.76723000,21793802.11620270,0
2026-04-28 16:00:00,76066.37,76218.06,75881.28,76125.04,447.54534000,1777395599999,34025084.52789670,117824,194.39085000,14777994.91474220,0
2026-04-28 17:00:00,76125.04,76262.63,75959.05,76187.3,337.12149000,1777399199999,25664024.81743950,88142,175.61563000,13370075.35307540,0
2026-04-28 18:00:00,76187.3,76280.91,76137.86,76242.18,337.48355000,1777402799999,25718473.90841150,73755,166.57072000,12693906.18204520,0
2026-04-28 19:00:00,76242.17,76380.83,76066.35,76330.97,259.65416000,1777406399999,19796172.36086170,60525,135.63258000,10340092.78166300,0
2026-04-28 20:00:00,76330.97,76480.0,76323.71,76463.95,259.71578000,1777409999999,19843199.45850840,53845,173.67622000,13269948.57750100,0
2026-04-28 21:00:00,76463.95,76481.3,76267.61,76357.15,281.17357000,1777413599999,21477545.39390970,49090,139.25761000,10637633.51613790,0
2026-04-28 22:00:00,76357.15,76446.26,76218.0,76242.17,157.60986000,1777417199999,12030079.67093930,51911,66.50557000,5076675.51483240,0
2026-04-28 23:00:00,76242.17,76370.0,76197.02,76342.77,179.93985000,1777420799999,13730289.85315500,44250,110.11999000,8403151.94599160,0
2026-04-29 00:00:00,76342.78,76557.97,76276.0,76512.0,636.88517000,1777424399999,48665597.60029000,70170,342.84369000,26197416.60694460,0
2026-04-29 01:00:00,76511.99,76668.02,76187.75,76571.0,371.48818000,1777427999999,28395383.77071440,86941,211.21934000,16147517.39997550,0
2026-04-29 02:00:00,76571.0,76666.82,76402.72,76531.29,315.29662000,1777431599999,24124805.10373990,61130,179.49473000,13733803.05516720,0
2026-04-29 03:00:00,76531.29,77127.62,76519.94,76994.78,568.25927000,1777435199999,43688040.48802990,126002,363.45732000,27938883.28703510,0
2026-04-29 04:00:00,76994.77,77455.71,76880.0,77269.76,655.24397000,1777438799999,50584234.25983500,118055,353.64752000,27298418.69086910,0
2026-04-29 05:00:00,77269.76,77329.31,77198.07,77288.38,412.95649000,1777442399999,31904881.12614780,72991,220.93467000,17069426.80802340,0
2026-04-29 06:00:00,77288.39,77337.57,76907.07,77031.06,974.38933000,1777445999999,75097495.69982960,89999,569.33671000,43873862.28417420,0
2026-04-29 07:00:00,77031.07,77182.91,77031.06,77053.64,931.98531000,1777449599999,71823640.81857720,67058,504.40951000,38871687.72633030,0
2026-04-29 08:00:00,77053.65,77148.79,76972.32,77046.32,539.09721000,1777453199999,41531536.22208760,65869,281.52211000,21690968.56293410,0
2026-04-29 09:00:00,77046.31,77800.0,76972.32,77642.0,835.54071000,1777456799999,64717488.37131810,128804,575.44855000,44561143.28274930,0
2026-04-29 10:00:00,77642.0,77904.93,77559.19,77619.61,790.81622000,1777460399999,61465699.09632530,130604,406.79978000,31621147.55394870,0
2026-04-29 11:00:00,77619.62,77694.61,77485.81,77590.03,531.75140000,1777463999999,41254142.85033300,93726,233.84690000,18142678.72100820,0
2026-04-29 12:00:00,77590.04,77596.39,76850.0,77143.68,1776.35149000,1777467599999,137220353.91221800,165165,607.73143000,46931585.22641490,0
2026-04-29 13:00:00,77143.68,77240.0,76425.62,76783.43,1000.69490000,1777471199999,76863480.27713530,244561,477.06330000,36632334.86111840,0
2026-04-29 14:00:00,76783.42,76927.69,76489.99,76570.0,1353.72071000,1777474799999,103831096.03206720,211273,948.07070000,72742146.99200600,0
2026-04-29 15:00:00,76570.0,76634.61,75705.32,75924.25,1132.75734000,1777478399999,86248554.82636300,263826,578.09727000,44032288.91800990,0
2026-04-29 16:00:00,75924.24,76125.47,75696.13,75803.54,1021.10079000,1777481999999,77472168.86284670,164211,588.50494000,44654803.08539470,0
2026-04-29 17:00:00,75803.55,76184.01,75803.55,76184.01,549.93434000,1777485599999,41776178.89898600,111894,317.62583000,24128418.96967100,0
2026-04-29 18:00:00,76184.0,76274.8,74937.52,75513.91,1926.88309000,1777489199999,145067038.66840050,294876,857.28274000,64538149.68690870,0
2026-04-29 19:00:00,75513.92,75591.83,75302.31,75563.86,464.57540000,1777492799999,35058390.29800080,119543,227.72940000,17185818.70900050,0
2026-04-29 20:00:00,75563.87,75857.32,75497.43,75676.79,575.31173000,1777496399999,43526306.70303500,129870,318.94690000,24131072.01870980,0
2026-04-29 21:00:00,75676.79,76088.9,75607.7,75933.93,363.06477000,1777499999999,27548477.73731350,80429,215.37606000,16345338.69417560,0
2026-04-29 22:00:00,75933.94,76004.14,75818.14,75927.38,272.33397000,1777503599999,20678748.53533500,70314,151.49269000,11503036.16194770,0
2026-04-29 23:00:00,75927.38,75990.06,75692.33,75780.0,279.49181000,1777507199999,21192118.18659930,65579,149.13903000,11307794.21624480,0
2026-04-30 00:00:00,75780.0,76344.61,75656.03,76248.74,562.71461000,1777510799999,42778314.13585030,119534,312.01421000,23730551.36674510,0
2026-04-30 01:00:00,76248.76,76473.26,76178.73,76232.8,331.53653000,1777514399999,25299016.09469490,107748,214.67548000,16382480.44352110,0
2026-04-30 02:00:00,76232.81,76351.04,75494.7,75704.74,537.06765000,1777517999999,40740052.10998570,188003,212.15252000,16098589.40956040,0
2026-04-30 03:00:00,75704.74,75994.26,75659.85,75928.1,182.12647000,1777521599999,13816312.28951810,86860,115.55223000,8766403.70114010,0
2026-04-30 04:00:00,75928.09,75963.92,75414.57,75497.0,426.96926000,1777525199999,32282647.64467920,122194,216.82938000,16394352.94009430,0
2026-04-30 05:00:00,75497.01,75750.0,75323.65,75600.09,491.70915000,1777528799999,37148606.21683420,104638,319.00229000,24094340.78582300,0
2026-04-30 06:00:00,75600.09,75867.9,75569.99,75753.53,372.15072000,1777532399999,28173419.36398040,83435,184.28657000,13952864.17208910,0
2026-04-30 07:00:00,75753.54,76179.91,75718.5,76161.67,516.75183000,1777535999999,39262218.40024700,103696,321.24522000,24409450.04602310,0
2026-04-30 08:00:00,76161.67,76208.92,76019.57,76058.17,350.94571000,1777539599999,26707017.31258240,72071,180.57613000,13742195.06252540,0
2026-04-30 09:00:00,76058.17,76339.38,76012.6,76097.19,445.01057000,1777543199999,33881176.99375370,87648,268.71939000,20461183.32304840,0
2026-04-30 10:00:00,76097.19,76163.52,75974.93,76028.66,365.18719000,1777546799999,27774328.21309320,73016,206.05154000,15670885.35623870,0
2026-04-30 11:00:00,76028.66,76244.36,75876.29,76059.43,550.88667000,1777550399999,41892901.53521590,88122,319.73637000,24316076.39126880,0
2026-04-30 12:00:00,76059.42,76511.22,76042.75,76308.48,1520.57994000,1777553999999,116079682.45650410,111086,749.80039000,57233899.54928500,0
2026-04-30 13:00:00,76308.48,76669.14,76116.2,76420.44,927.16622000,1777557599999,70830646.55867270,241267,591.13083000,45167404.47972810,0
2026-04-30 14:00:00,76420.45,76597.51,76093.81,76301.24,683.75312000,1777561199999,52215859.30395920,252622,356.00118000,27188225.38587210,0
2026-04-30 15:00:00,76301.25,76653.6,76163.16,76473.6,374.70038000,1777564799999,28632991.65866200,152110,155.24969000,11866018.94950750,0
2026-04-30 16:00:00,76473.6,76484.6,76228.27,76261.03,165.45041000,1777568399999,12636560.06356360,80730,72.43819000,5532224.47122190,0
2026-04-30 17:00:00,76261.04,76328.71,76111.0,76250.01,273.82279000,1777571999999,20864907.67411510,96503,145.95063000,11120561.31540460,0
2026-04-30 18:00:00,76250.0,76468.84,76204.4,76350.0,184.15567000,1777575599999,14059987.77951010,87566,96.09278000,7336447.41472430,0
2026-04-30 19:00:00,76350.0,76514.8,76308.33,76412.8,307.53776000,1777579199999,23510637.55225810,92951,165.02436000,12616810.15194200,0
2026-04-30 20:00:00,76412.8,76568.9,76318.31,76492.46,287.06721000,1777582799999,21952377.42025810,70550,129.26165000,9886047.91344080,0
2026-04-30 21:00:00,76492.45,76535.42,76240.78,76241.78,183.08169000,1777586399999,13985003.65844860,47338,81.37961000,6216290.36516220,0
2026-04-30 22:00:00,76241.77,76449.16,76206.02,76237.06,158.56535000,1777589999999,12103139.73301380,55111,76.28420000,5822246.72610150,0
2026-04-30 23:00:00,76237.07,76380.2,76217.96,76346.57,182.87917000,1777593599999,13956787.51975360,44681,95.73640000,7305833.48136490,0
2026-05-01 00:00:00,76346.58,76591.0,76320.42,76458.05,502.88844000,1777597199999,38456380.75162170,68098,290.29891000,22193191.59595090,0
2026-05-01 01:00:00,76458.06,76776.21,76449.5,76686.13,486.84554000,1777600799999,37299546.55561930,56395,185.30889000,14197189.89958940,0
2026-05-01 02:00:00,76686.12,76744.6,76533.74,76592.54,204.45438000,1777604399999,15668983.96517960,47534,104.63160000,8019059.88666460,0
2026-05-01 03:00:00,76592.54,77453.74,76555.06,77131.08,1056.19913000,1777607999999,81535203.77030370,160525,530.38330000,40917147.01670950,0
2026-05-01 04:00:00,77131.08,77206.38,76653.6,77042.44,995.75921000,1777611599999,76701960.69650700,82896,254.32905000,19600945.82620810,0
2026-05-01 05:00:00,77042.44,77184.96,77033.91,77165.98,283.75111000,1777615199999,21881559.07475050,47678,172.26458000,13284554.69277600,0
2026-05-01 06:00:00,77165.99,77179.53,76882.0,76993.48,439.15205000,1777618799999,33838972.17771530,76532,229.24357000,17662994.65403050,0
2026-05-01 07:00:00,76993.49,77140.36,76957.04,77130.54,633.73250000,1777622399999,48823881.48980300,76326,255.38352000,19674574.62927890,0
2026-05-01 08:00:00,77130.54,77500.0,77048.0,77377.47,697.73561000,1777625999999,53949516.06222700,79304,390.65756000,30198327.91565180,0
2026-05-01 09:00:00,77377.48,77391.99,77200.15,77268.55,355.16559000,1777629599999,27457228.84503140,44736,180.48591000,13952027.34715620,0
2026-05-01 10:00:00,77268.56,77433.72,77146.48,77304.34,330.99244000,1777633199999,25574894.53909830,49538,207.92526000,16066430.05007010,0
2026-05-01 11:00:00,77303.8,77600.0,77263.66,77463.98,584.37960000,1777636799999,45230880.13685930,86070,365.96527000,28323427.75270900,0
2026-05-01 12:00:00,77463.98,78170.2,77408.73,77896.01,1392.97654000,1777640399999,108487055.46186870,174978,772.25628000,60128120.66301710,0
2026-05-01 13:00:00,77896.01,78914.12,77896.0,78737.25,2354.33999000,1777643999999,184653368.79274720,259691,1209.83490000,94876162.84992570,0
2026-05-01 14:00:00,78737.26,78871.8,78051.86,78358.75,1970.70152000,1777647599999,154660069.15086530,204523,924.15659000,72544945.45286850,0
2026-05-01 15:00:00,78358.74,78735.92,78176.06,78445.89,1013.17746000,1777651199999,79504974.06095640,166414,436.97497000,34283575.16174520,0
2026-05-01 16:00:00,78445.88,78683.23,78167.53,78214.36,704.68666000,1777654799999,55222103.90011960,145416,308.41399000,24165052.67362010,0
2026-05-01 17:00:00,78214.36,78584.61,78131.02,78552.94,489.31938000,1777658399999,38317149.75282290,110372,289.23415000,22650895.60696940,0
2026-05-01 18:00:00,78552.93,78623.37,78375.53,78423.9,487.76487000,1777661999999,38294331.29391420,96469,261.23013000,20507967.98499310,0
2026-05-01 19:00:00,78423.91,78540.0,78313.16,78360.0,512.65483000,1777665599999,40193133.18175250,83198,246.20125000,19300984.61025750,0
2026-05-01 20:00:00,78360.01,78422.81,77752.0,77880.18,827.52759000,1777669199999,64613710.15713380,96235,257.15679000,20081186.73488360,0
2026-05-01 21:00:00,77880.18,78200.0,77857.97,78199.99,485.72824000,1777672799999,37918877.43102330,61822,253.70004000,19810078.66595420,0
2026-05-01 22:00:00,78200.0,78411.13,78144.7,78153.38,331.97786000,1777676399999,25994553.02354240,52866,133.86027000,10481984.50071870,0
2026-05-01 23:00:00,78153.37,78249.6,78043.28,78231.13,173.55448000,1777679999999,13559501.64810180,60842,63.08334000,4928751.63659940,0
2026-05-02 00:00:00,78231.13,78393.39,78166.48,78341.75,211.29374000,1777683599999,16542173.57367070,55791,124.29481000,9730806.40756910,0
2026-05-02 01:00:00,78341.75,78441.31,78294.19,78355.0,400.98852000,1777687199999,31413938.35153900,49585,212.31660000,16633463.64712960,0
2026-05-02 02:00:00,78355.0,78513.7,78260.95,78353.93,283.69022000,1777690799999,22231169.01629090,42871,99.38539000,7790008.08835790,0
2026-05-02 03:00:00,78353.93,78514.82,78237.25,78400.0,300.16391000,1777694399999,23530891.91086370,45743,147.82415000,11587551.66819360,0
2026-05-02 04:00:00,78399.99,78448.99,78123.53,78175.5,411.85061000,1777697999999,32238063.29784110,44379,194.99536000,15265233.82416090,0
2026-05-02 05:00:00,78175.5,78235.25,78040.0,78174.0,526.60294000,1777701599999,41153101.75112520,39232,218.74124000,17095943.32001140,0
2026-05-02 06:00:00,78174.0,78363.21,78148.24,78327.8,366.56450000,1777705199999,28671003.47614280,33235,202.06474000,15805270.14925430,0
2026-05-02 07:00:00,78327.8,78342.18,78207.2,78220.0,170.02066000,1777708799999,13309281.98447080,24648,106.26989000,8318643.84629150,0
2026-05-02 08:00:00,78220.0,78356.51,78165.3,78315.37,204.83037000,1777712399999,16036059.08965680,24831,128.56714000,10065412.66258210,0
2026-05-02 09:00:00,78315.36,78394.0,78220.0,78293.57,257.64077000,1777715999999,20177009.76790800,29926,151.92399000,11897104.85581480,0
2026-05-02 10:00:00,78293.57,78311.97,78225.22,78249.3,136.41815000,1777719599999,10676182.60320300,18765,71.74093000,5614507.92637120,0
2026-05-02 11:00:00,78249.31,78249.31,78094.43,78143.08,269.24301000,1777723199999,21044675.03756870,26917,125.55438000,9814003.22215970,0
2026-05-02 12:00:00,78143.09,78262.37,78108.41,78211.24,182.77682000,1777726799999,14290097.39124710,27343,119.17505000,9317384.97918450,0
2026-05-02 13:00:00,78211.24,78423.85,78211.24,78367.06,227.00487000,1777730399999,17781233.36486300,34447,173.31371000,13574862.53054850,0
2026-05-02 14:00:00,78367.06,78484.42,78309.84,78423.98,190.15931000,1777733999999,14909943.30361850,42297,132.56223000,10394275.64445100,0
2026-05-02 15:00:00,78423.98,78487.68,78365.96,78487.67,126.14054000,1777737599999,9891703.92475250,32871,63.11207000,4949312.98691210,0
2026-05-02 16:00:00,78487.67,78596.61,78430.07,78455.02,194.42514000,1777741199999,15265447.50289020,51734,102.08596000,8015442.89028010,0
2026-05-02 17:00:00,78455.02,78485.53,78368.24,78398.02,213.39843000,1777744799999,16737270.82532330,27902,107.92966000,8464757.40261000,0
2026-05-02 18:00:00,78398.03,78493.31,78310.54,78466.62,118.15969000,1777748399999,9263022.82677360,34867,50.56798000,3964377.95122570,0
2026-05-02 19:00:00,78466.63,78521.68,78440.11,78486.0,182.05466000,1777751999999,14284795.05864760,28004,90.57551000,7106259.12846710,0
2026-05-02 20:00:00,78486.23,78491.26,78418.32,78451.38,61.92886000,1777755599999,4858068.84851730,23025,18.04477000,1415430.54450310,0
2026-05-02 21:00:00,78451.37,79199.48,78439.51,78719.78,734.53837000,1777759199999,57942265.69334120,97532,455.72409000,35949086.70231880,0
2026-05-02 22:00:00,78719.78,78872.39,78610.46,78832.98,266.49012000,1777762799999,20976559.34248310,64442,154.36924000,12151161.13060190,0
2026-05-02 23:00:00,78832.98,78832.98,78631.9,78686.85,114.49221000,1777766399999,9014431.50667170,35756,45.90069000,3614190.16496710,0
2026-05-03 00:00:00,78686.84,78754.55,78490.61,78542.32,233.96416000,1777769999999,18389373.88555590,50475,90.23364000,7093904.10271550,0
2026-05-03 01:00:00,78542.33,78542.33,78152.25,78240.83,391.01401000,1777773599999,30616811.41440620,76400,115.72004000,9060071.88246820,0
2026-05-03 02:00:00,78240.84,78309.09,78108.75,78171.85,222.42918000,1777777199999,17390454.09155060,47632,100.62701000,7867886.34887840,0
2026-05-03 03:00:00,78171.86,78217.59,78109.94,78203.08,200.35590000,1777780799999,15657286.66285910,34358,84.56255000,6608931.61887160,0
2026-05-03 04:00:00,78203.07,78236.45,78120.0,78163.19,89.71363000,1777784399999,7013664.53114640,28765,46.86530000,3663786.23483230,0
2026-05-03 05:00:00,78163.19,78260.75,78163.17,78249.42,98.09285000,1777787999999,7673668.65262390,21368,42.29750000,3308883.55592310,0
2026-05-03 06:00:00,78249.41,78337.26,78084.08,78288.3,306.94233000,1777791599999,23993932.35759600,35888,100.40379000,7850739.90888150,0
2026-05-03 07:00:00,78288.3,78483.67,78288.29,78363.25,299.42086000,1777795199999,23478481.72082860,45006,219.14071000,17184570.05496340,0
2026-05-03 08:00:00,78363.24,78505.92,78363.24,78387.86,102.01693000,1777798799999,8002629.20224050,33227,58.11541000,4558852.91156070,0
2026-05-03 09:00:00,78387.87,78604.67,78354.53,78529.57,293.13210000,1777802399999,23007106.60546750,44612,201.36609000,15804042.89262210,0
2026-05-03 10:00:00,78529.57,78534.4,78406.97,78408.01,140.79481000,1777805999999,11045692.58321750,21933,87.72246000,6881926.60349900,0
2026-05-03 11:00:00,78408.01,78849.22,78380.0,78656.01,412.83130000,1777809599999,32463282.40600250,51272,297.93317000,23425078.93056530,0
2026-05-03 12:00:00,78656.01,78878.77,78656.0,78747.09,294.28187000,1777813199999,23180728.97929880,56563,165.97009000,13072909.70027510,0
2026-05-03 13:00:00,78747.09,78769.63,78586.99,78670.01,196.40341000,1777816799999,15454116.87497100,41759,91.70816000,7216858.27761710,0
2026-05-03 14:00:00,78670.01,78786.57,78608.7,78741.0,409.96615000,1777820399999,32265348.05525620,56576,94.53694000,7439986.32331140,0
2026-05-03 15:00:00,78741.0,78815.19,78633.4,78668.36,237.20487000,1777823999999,18675722.44414270,43092,95.12616000,7491943.64471250,0
2026-05-03 16:00:00,78668.36,78784.56,78600.0,78654.0,167.53902000,1777827599999,13181272.90936310,44250,64.18788000,5050763.99164320,0
2026-05-03 17:00:00,78654.01,78822.83,78558.65,78725.76,357.92550000,1777831199999,28153483.87706170,52110,107.05690000,8425824.70215490,0
2026-05-03 18:00:00,78725.76,78763.57,78631.61,78739.67,138.18974000,1777834799999,10875031.02619440,32709,61.76728000,4861293.87743950,0
2026-05-03 19:00:00,78739.68,78853.32,78676.67,78760.32,252.60944000,1777838399999,19887500.78181890,39278,74.94379000,5901871.78694580,0
2026-05-03 20:00:00,78760.32,79268.0,78732.04,78915.99,645.79790000,1777841999999,51036893.87052360,92281,369.28376000,29185874.63484500,0
2026-05-03 21:00:00,78915.99,79056.59,78650.0,78831.59,357.48617000,1777845599999,28193836.45489890,76810,136.60365000,10771413.53731190,0
2026-05-03 22:00:00,78831.6,79447.0,78831.6,79177.29,934.95879000,1777849199999,74026964.53738020,187344,455.51530000,36067901.28534870,0
2026-05-03 23:00:00,79177.29,79287.82,78484.42,78568.57,642.72198000,1777852799999,50631046.52722440,138766,303.22654000,23887975.36198880,0
2026-05-04 00:00:00,78568.58,78572.57,78288.88,78547.14,434.86007000,1777856399999,34109856.70746570,124823,219.30112000,17200649.91478250,0
2026-05-04 01:00:00,78547.15,79848.84,78412.49,79769.43,1366.42153000,1777859999999,108368475.57302710,210432,830.12969000,65842460.85625200,0
2026-05-04 02:00:00,79769.43,80420.9,79540.05,80173.3,2278.14954000,1777863599999,182211034.88155550,311169,1343.13127000,107441034.84489740,0
2026-05-04 03:00:00,80173.3,80458.0,79926.9,80316.31,1012.18218000,1777867199999,81160285.19932660,151705,551.15684000,44204478.15936790,0
2026-05-04 04:00:00,80316.3,80635.51,80233.04,80332.06,1362.02834000,1777870799999,109502414.36089390,175006,737.48830000,59302038.00013130,0
2026-05-04 05:00:00,80332.06,80395.96,79956.25,80027.26,746.81318000,1777874399999,59862060.43704110,88298,261.85719000,20982551.31241730,0
2026-05-04 06:00:00,80027.26,80048.64,79500.0,79877.9,1103.73906000,1777877999999,88095643.65715760,102725,476.09809000,37995510.31724970,0
2026-05-04 07:00:00,79877.91,79946.33,79672.0,79696.75,419.83178000,1777881599999,33510680.95072630,80159,156.96525000,12529816.34170310,0
2026-05-04 08:00:00,79696.75,79800.0,79602.32,79708.3,435.36516000,1777885199999,34704544.90906660,76411,235.69927000,18788562.68440460,0
2026-05-04 09:00:00,79708.3,79930.0,79647.87,79838.48,473.40316000,1777888799999,37777177.35040620,61177,307.60063000,24550059.00196970,0
2026-05-04 10:00:00,79838.49,79880.0,78202.0,78940.26,4380.72428000,1777892399999,344798749.47409650,410423,2298.90928000,180800300.35133900,0
2026-05-04 11:00:00,78940.27,79124.83,78708.87,78793.67,699.54546000,1777895999999,55214897.11882620,107580,379.34117000,29943086.83434740,0
2026-05-04 12:00:00,78793.67,79020.0,78718.55,78857.18,426.01688000,1777899599999,33611587.08533860,92728,208.36701000,16440696.74872460,0
2026-05-04 13:00:00,78857.18,79124.83,78581.74,78790.0,725.07004000,1777903199999,57190378.30700520,164745,391.20576000,30863050.81164610,0
2026-05-04 14:00:00,78790.01,80545.17,78500.0,80216.16,2308.42012000,1777906799999,183972559.46435120,315262,1316.90523000,104940462.64175560,0
2026-05-04 15:00:00,80216.15,80367.93,79320.28,80028.85,2458.63305000,1777910399999,196312434.64737970,353923,1167.06602000,93186443.06053080,0
2026-05-04 16:00:00,80028.85,80395.68,79619.33,80025.03,1492.78417000,1777913999999,119556511.30567630,266595,696.34302000,55763198.56035570,0
2026-05-04 17:00:00,80025.03,80776.99,80021.5,80390.81,1080.11249000,1777917599999,86879328.20482750,173544,559.27556000,44993418.69610570,0
2026-05-04 18:00:00,80390.8,80439.18,80035.32,80114.91,663.99913000,1777921199999,53291448.29819960,108346,237.15498000,19031985.07089430,0
2026-05-04 19:00:00,80114.91,80138.0,79900.0,80053.31,505.59924000,1777924799999,40453106.87117200,100222,256.42377000,20519659.28057330,0
2026-05-04 20:00:00,80053.31,80154.12,79901.0,79936.7,459.51864000,1777928399999,36758175.75896280,66701,165.01845000,13201267.73356190,0
2026-05-04 21:00:00,79936.7,80383.15,79936.7,80259.17,343.30642000,1777931999999,27534211.81000960,65327,203.09092000,16287205.74114080,0
2026-05-04 22:00:00,80259.18,80397.19,80042.84,80067.23,272.35375000,1777935599999,21855872.70622840,67690,120.80743000,9695412.67097040,0
2026-05-04 23:00:00,80067.22,80067.22,79744.91,79861.01,594.08368000,1777939199999,47443415.43269890,59613,232.30923000,18551512.24313410,0
2026-05-05 00:00:00,79861.01,80183.33,79808.72,80170.66,425.73287000,1777942799999,34055867.21813090,74650,267.32348000,21383055.79421220,0
2026-05-05 01:00:00,80170.66,80385.06,80080.76,80352.0,530.02962000,1777946399999,42532891.65882890,71006,247.68468000,19875184.89638780,0
2026-05-05 02:00:00,80351.99,80900.0,80300.0,80554.68,768.44478000,1777949999999,61954964.50992480,110825,439.02963000,35402380.75645240,0
2026-05-05 03:00:00,80554.69,81083.98,80457.93,80893.08,677.93372000,1777953599999,54818614.97244420,121587,423.91096000,34281212.97957930,0
2026-05-05 04:00:00,80893.08,80982.59,80725.0,80902.44,528.94138000,1777957199999,42768128.28869160,82146,229.31440000,18542714.84800150,0
2026-05-05 05:00:00,80902.44,81323.52,80830.06,80970.0,1011.38606000,1777960799999,81979177.44050090,127042,453.88921000,36795753.65964120,0
2026-05-05 06:00:00,80969.99,81016.42,80800.0,80976.0,389.83367000,1777964399999,31533232.41416210,70768,178.59746000,14445716.08872920,0
2026-05-05 07:00:00,80976.0,81136.59,80826.0,80855.59,1044.43230000,1777967999999,84592961.08966100,96499,441.04582000,35721522.98754780,0
2026-05-05 08:00:00,80855.59,80895.5,80723.2,80815.24,474.45790000,1777971599999,38350565.11195420,50838,240.10612000,19409114.59372470,0
2026-05-05 09:00:00,80815.24,80815.24,80527.76,80586.02,865.34761000,1777975199999,69783298.74940420,72120,326.93327000,26361863.37959520,0
2026-05-05 10:00:00,80586.02,80831.87,80530.82,80823.61,521.10422000,1777978799999,42067489.82492500,57062,303.01490000,24459329.48351630,0
2026-05-05 11:00:00,80823.61,81095.48,80780.0,81014.05,623.66253000,1777982399999,50474282.60859020,75313,325.24245000,26320253.20652170,0
2026-05-05 12:00:00,81014.05,81329.61,80932.54,81279.41,607.82057000,1777985999999,49355303.14287410,100289,326.05034000,26476068.18927930,0
2026-05-05 13:00:00,81279.4,81712.32,81196.0,81330.0,1771.41690000,1777989599999,144361352.94605540,229845,997.46093000,81294998.90176220,0
2026-05-05 14:00:00,81330.0,81500.0,80939.87,81336.59,1282.91373000,1777993199999,104201089.24709670,225570,664.35075000,53979488.16831600,0
2026-05-05 15:00:00,81336.59,81689.2,81235.0,81525.19,899.04049000,1777996799999,73311097.66464120,147452,551.08742000,44937787.30068310,0
2026-05-05 16:00:00,81525.19,81615.33,81050.04,81285.75,707.45267000,1778000399999,57489542.00427770,124974,236.27333000,19206666.13221070,0
2026-05-05 17:00:00,81285.75,81458.26,81185.02,81270.6,280.80669000,1778003999999,22835946.02459990,75241,142.53889000,11592764.46356310,0
2026-05-05 18:00:00,81270.61,81599.0,81270.61,81515.0,427.56223000,1778007599999,34840130.81458040,75961,240.75349000,19619764.94737970,0
2026-05-05 19:00:00,81515.0,81680.0,81407.58,81606.35,364.63717000,1778011199999,29746413.05663760,71879,209.61660000,17100913.86811780,0
2026-05-05 20:00:00,81606.35,81770.0,81510.13,81646.38,724.67261000,1778014799999,59174217.67863670,84797,426.32043000,34812715.68318020,0
2026-05-05 21:00:00,81646.39,81791.48,81305.27,81407.11,618.58873000,1778018399999,50465353.76446970,99536,344.94421000,28145892.21155450,0
2026-05-05 22:00:00,81407.11,81600.0,80817.72,81111.27,921.88572000,1778021999999,74829036.38646200,156448,385.52562000,31292476.53791200,0
2026-05-05 23:00:00,81111.27,81222.03,80790.0,80905.52,479.07578000,1778025599999,38798072.61338670,89082,227.13538000,18392149.82858630,0
2026-05-06 00:00:00,80905.53,81262.28,80731.14,81030.01,876.19915000,1778029199999,70968679.43861510,110959,636.67979000,51567109.22715900,0
2026-05-06 01:00:00,81030.0,81534.23,80996.0,81439.34,803.82574000,1778032799999,65366448.83337120,103569,580.57502000,47213605.07318160,0
2026-05-06 02:00:00,81439.34,81449.04,81047.01,81363.54,621.19491000,1778036399999,50466176.14107060,78385,349.43243000,28387965.25941980,0
2026-05-06 03:00:00,81363.54,81760.84,81358.17,81581.69,710.52364000,1778039999999,57939766.42393600,109321,415.85632000,33911043.22379350,0
2026-05-06 04:00:00,81581.7,81649.99,81270.0,81331.1,575.64130000,1778043599999,46902387.41138490,93124,259.61557000,21155394.80627650,0
2026-05-06 05:00:00,81331.1,81360.3,81060.0,81333.0,592.18650000,1778047199999,48102689.94548030,84618,300.16925000,24388687.58392130,0
2026-05-06 06:00:00,81333.0,81516.9,81211.34,81476.71,524.13540000,1778050799999,42655704.21496380,70575,248.97453000,20261295.13681340,0
2026-05-06 07:00:00,81476.71,81611.0,81307.81,81359.82,608.74333000,1778054399999,49588869.04418160,87612,245.58602000,20008180.20865100,0
2026-05-06 08:00:00,81359.82,81986.0,81328.68,81945.66,1353.41416000,1778057999999,110643623.97959440,156787,691.64025000,56552195.08141550,0
2026-05-06 09:00:00,81945.66,82060.0,81682.7,81997.0,1096.73350000,1778061599999,89833586.85477380,130505,606.07461000,49650203.42102550,0
2026-05-06 10:00:00,81997.0,82390.0,81953.25,82290.04,1302.85091000,1778065199999,107072448.78371400,140037,751.58567000,61769355.16962680,0
2026-05-06 11:00:00,82290.03,82850.0,82261.6,82522.89,1435.93329000,1778068799999,118605240.51472930,156288,835.21483000,68985039.50893010,0
2026-05-06 12:00:00,82522.88,82539.33,82164.61,82220.47,820.92810000,1778072399999,67597251.08798280,128547,379.28326000,31231484.76556480,0
2026-05-06 13:00:00,82220.47,82220.47,81600.0,81670.89,1247.90169000,1778075999999,102215660.26985480,256327,545.86266000,44720782.65646970,0
2026-05-06 14:00:00,81670.9,81980.72,81136.0,81526.73,1615.07708000,1778079599999,131688079.31757650,263483,730.71193000,59583706.87228260,0
2026-05-06 15:00:00,81526.74,81823.0,81316.28,81704.25,824.75333000,1778083199999,67297615.62146720,144650,409.78243000,33441480.07884500,0
2026-05-06 16:00:00,81704.25,81907.51,81431.16,81630.94,983.55485000,1778086799999,80356406.85739120,121435,624.45329000,51033688.31916110,0
2026-05-06 17:00:00,81630.94,81709.32,81394.0,81452.63,417.39237000,1778090399999,34026753.13154710,100728,203.79538000,16615720.47207230,0
2026-05-06 18:00:00,81452.63,81559.17,81271.06,81353.14,451.84587000,1778093999999,36787845.61100140,92193,207.03293000,16858874.57984800,0
2026-05-06 19:00:00,81353.15,81522.41,81200.0,81464.87,517.12437000,1778097599999,42074504.44113220,79252,299.73710000,24388619.60629530,0
2026-05-06 20:00:00,81464.86,81700.0,81302.35,81427.52,436.46876000,1778101199999,35571219.92422290,74219,233.71360000,19051812.79880580,0
2026-05-06 21:00:00,81427.52,81618.77,81294.64,81539.16,310.38464000,1778104799999,25293460.65430930,62102,131.77151000,10737321.02083630,0
2026-05-06 22:00:00,81539.16,81540.91,81240.0,81342.39,229.58883000,1778108399999,18678662.49362210,68585,88.99752000,7240044.53544360,0
2026-05-06 23:00:00,81342.39,81447.3,81000.0,81447.01,442.37224000,1778111999999,35917543.76532580,81406,200.14215000,16255464.82437500,0
2026-05-07 00:00:00,81447.01,81490.03,80980.0,81016.96,407.52958000,1778115599999,33092870.00253780,109604,196.48418000,15962940.85724320,0
2026-05-07 01:00:00,81016.96,81284.67,80830.23,81167.8,565.39571000,1778119199999,45845040.70950680,130591,262.81584000,21317708.69913650,0
2026-05-07 02:00:00,81167.79,81180.74,80883.54,81113.34,749.95215000,1778122799999,60723443.00322920,93990,398.09243000,32233788.26681630,0
2026-05-07 03:00:00,81113.35,81113.35,80834.61,80834.91,345.29566000,1778126399999,27957498.66756340,58782,100.25285000,8117102.84834750,0
2026-05-07 04:00:00,80834.92,80989.59,80725.09,80979.19,387.82747000,1778129999999,31368135.83755000,66132,205.06640000,16588380.94766940,0
2026-05-07 05:00:00,80979.19,81172.27,80974.06,81088.0,355.34634000,1778133599999,28812521.96065020,55988,221.61904000,17970634.70226380,0
2026-05-07 06:00:00,81088.0,81443.21,80874.41,81438.61,613.68575000,1778137199999,49811553.48203190,85859,353.70806000,28723889.96013080,0
2026-05-07 07:00:00,81438.62,81708.32,81390.3,81518.58,681.98013000,1778140799999,55623212.06960690,102529,366.76453000,29915879.69688500,0
2026-05-07 08:00:00,81518.57,81590.0,81194.74,81231.24,647.38206000,1778144399999,52689795.17204210,93066,256.87282000,20906340.14425960,0
2026-05-07 09:00:00,81231.25,81231.25,80852.33,80929.0,659.04219000,1778147999999,53392652.70466130,85501,329.20120000,26664133.80438160,0
2026-05-07 10:00:00,80929.0,80997.0,80572.4,80850.75,690.56353000,1778151599999,55803373.34728540,83111,361.24476000,29192443.59234800,0
2026-05-07 11:00:00,80850.76,81041.15,80786.5,80866.65,367.10915000,1778155199999,29707434.74106300,65573,174.23627000,14099527.85638180,0
2026-05-07 12:00:00,80866.65,81180.0,80846.87,81162.01,429.19223000,1778158799999,34783045.59708000,82974,271.44357000,21997729.86600230,0
2026-05-07 13:00:00,81162.0,81162.01,80260.98,80503.68,1211.56578000,1778162399999,97696809.66617840,210688,547.41530000,44138665.35889530,0
2026-05-07 14:00:00,80503.69,80685.7,80046.0,80171.38,1538.09475000,1778165999999,123596097.89968390,205689,637.46566000,51219323.63289190,0
2026-05-07 15:00:00,80171.37,80271.42,79699.52,79890.63,1647.81030000,1778169599999,131759796.57056090,200568,678.00516000,54213366.05417760,0
2026-05-07 16:00:00,79890.0,80020.0,79646.79,79801.08,1424.92395000,1778173199999,113717784.59307280,173107,627.24356000,50066286.14123390,0
2026-05-07 17:00:00,79801.08,80135.17,79500.0,80094.52,919.74045000,1778176799999,73395449.17527070,150300,458.56001000,36603117.58537850,0
2026-05-07 18:00:00,80094.52,80269.06,80004.4,80200.59,527.27769000,1778180399999,42268659.40420810,113138,226.38453000,18146874.84493080,0
2026-05-07 19:00:00,80200.6,80224.0,79934.3,80146.11,443.20216000,1778183999999,35497789.72065180,92695,199.14259000,15948166.18241650,0
2026-05-07 20:00:00,80146.77,80371.23,79859.51,79879.99,400.51449000,1778187599999,32088240.58001160,77187,188.88099000,15135215.26540170,0
2026-05-07 21:00:00,79880.0,79934.92,79660.0,79735.01,401.75461000,1778191199999,32064986.46657290,69328,174.13049000,13897860.30436660,0
2026-05-07 22:00:00,79735.0,79990.0,79582.95,79919.01,495.14556000,1778194799999,39517119.83387290,89161,259.28150000,20695301.32586450,0
2026-05-07 23:00:00,79919.0,80068.03,79871.98,80006.0,244.47169000,1778198399999,19553070.89744190,44768,130.83705000,10464080.80990770,0
2026-05-08 00:00:00,80006.0,80142.84,79729.72,79831.99,958.06006000,1778201999999,76636658.96208970,67626,559.85461000,44801546.15802500,0
2026-05-08 01:00:00,79831.98,79900.11,79612.63,79740.01,539.33838000,1778205599999,43021133.11240800,60400,259.42410000,20693153.56999060,0
2026-05-08 02:00:00,79740.01,79761.61,79316.99,79488.46,1066.54641000,1778209199999,84774005.19844730,121413,463.38946000,36837243.52148240,0
2026-05-08 03:00:00,79488.47,79666.66,79181.48,79578.85,529.79179000,1778212799999,42089636.50912530,95701,276.42972000,21964317.04837450,0
2026-05-08 04:00:00,79578.84,79748.0,79551.26,79655.23,317.73705000,1778216399999,25310842.85488980,54761,164.65991000,13117687.57859560,0
2026-05-08 05:00:00,79655.22,79778.95,79600.0,79600.01,307.79364000,1778219999999,24523168.03798270,45878,141.41529000,11266310.74414960,0
2026-05-08 06:00:00,79600.01,79654.0,79411.0,79525.76,792.09671000,1778223599999,62997807.80398200,79916,350.63683000,27884886.38992070,0
2026-05-08 07:00:00,79525.77,79727.0,79248.58,79682.4,992.93778000,1778227199999,78897553.21492940,117321,516.57722000,41058553.82654330,0
2026-05-08 08:00:00,79682.4,79987.27,79666.05,79886.01,628.59636000,1778230799999,50159551.06991930,63160,409.15639000,32648497.05863360,0
2026-05-08 09:00:00,79886.0,80061.17,79794.88,79872.72,481.81051000,1778234399999,38509342.92722900,57976,214.43244000,17138095.64582580,0
2026-05-08 10:00:00,79872.72,80278.92,79788.01,80212.56,650.80764000,1778237999999,52119317.99029740,85293,385.24547000,30850750.88610720,0
2026-05-08 11:00:00,80212.55,80340.94,80127.54,80231.22,586.98252000,1778241599999,47098999.45850000,83205,336.82887000,27026911.97447380,0
2026-05-08 12:00:00,80231.22,80500.0,79966.14,80025.82,831.54339000,1778245199999,66716136.14028440,108134,432.66708000,34721327.01356030,0
2026-05-08 13:00:00,80025.81,80095.99,79549.54,79647.8,1091.58342000,1778248799999,87038288.83122590,186990,516.21403000,41158258.91638410,0
2026-05-08 14:00:00,79647.81,80441.79,79647.8,80150.97,1005.37450000,1778252399999,80539283.67261260,232352,559.65414000,44825159.53022110,0
2026-05-08 15:00:00,80150.97,80200.0,79625.0,80142.14,812.90032000,1778255999999,64987977.31549140,169828,456.57279000,36504363.78297570,0
2026-05-08 16:00:00,80142.13,80182.18,79741.3,79802.34,665.76300000,1778259599999,53212392.22807630,116614,345.78588000,27636505.32556240,0
2026-05-08 17:00:00,79802.35,80261.87,79738.75,80060.0,1502.98426000,1778263199999,120404466.30777340,146947,911.61759000,73029401.58946980,0
2026-05-08 18:00:00,80060.0,80299.99,80059.99,80078.4,470.37331000,1778266799999,37726970.18424740,103432,219.33518000,17592204.76259540,0
2026-05-08 19:00:00,80078.39,80181.66,79954.54,80179.94,408.77976000,1778270399999,32730381.95302090,73140,183.44725000,14690626.60975370,0
2026-05-08 20:00:00,80180.0,80299.93,80089.76,80133.09,330.63666000,1778273999999,26520818.60441150,53789,183.03104000,14681448.42293910,0
2026-05-08 21:00:00,80133.08,80264.0,80116.32,80263.99,269.62208000,1778277599999,21622750.50099750,46676,144.24155000,11567808.28401850,0
2026-05-08 22:00:00,80264.0,80409.09,80238.42,80262.0,318.15524000,1778281199999,25555757.01636840,52351,170.58861000,13703395.38703000,0
2026-05-08 23:00:00,80262.0,80299.27,80111.02,80193.17,441.09530000,1778284799999,35372805.52295220,42469,127.18109000,10201582.16583180,0
2026-05-09 00:00:00,80193.18,80240.87,80129.85,80238.76,206.53644000,1778288399999,16561246.01202940,38749,106.31422000,8525158.40077210,0
2026-05-09 01:00:00,80238.75,80446.58,80217.46,80327.75,266.81337000,1778291999999,21435793.45956020,44427,175.29066000,14083198.16370510,0
2026-05-09 02:00:00,80327.75,80477.47,80327.75,80417.87,231.63268000,1778295599999,18626864.27594840,46355,133.74844000,10754998.87318720,0
2026-05-09 03:00:00,80417.88,80550.67,80307.76,80383.95,388.12699000,1778299199999,31214117.38353770,40049,202.59974000,16294587.69870040,0
2026-05-09 04:00:00,80383.96,80666.66,80373.55,80379.9,404.43634000,1778302799999,32558245.05024360,58360,226.70164000,18252200.76653290,0
2026-05-09 05:00:00,80379.9,80480.49,80343.0,80379.49,360.73513000,1778306399999,29001792.24059590,38150,177.55890000,14275775.09216960,0
2026-05-09 06:00:00,80379.5,80428.01,80201.6,80263.92,270.37474000,1778309999999,21710521.88055690,43777,138.35767000,11110357.76631150,0
2026-05-09 07:00:00,80263.93,80309.05,80135.0,80228.89,445.94164000,1778313599999,35772648.75108210,38220,210.23672000,16866843.19666920,0
2026-05-09 08:00:00,80228.88,80452.44,80220.0,80407.12,297.06841000,1778317199999,23882258.00850070,32167,174.53861000,14030278.42785500,0
2026-05-09 09:00:00,80407.12,80415.83,80214.0,80242.53,211.41081000,1778320799999,16972602.01511380,31591,98.00903000,7868270.87428990,0
2026-05-09 10:00:00,80242.54,80346.94,80166.26,80264.02,234.54075000,1778324399999,18818878.39853800,30009,118.85537000,9536414.09692560,0
2026-05-09 11:00:00,80264.01,80366.07,80256.95,80345.46,266.71827000,1778327999999,21423368.07865200,23343,172.75278000,13875178.83596950,0
2026-05-09 12:00:00,80345.47,80416.21,80274.03,80397.97,357.45715000,1778331599999,28722681.12267350,32144,245.65837000,19738723.19284000,0
2026-05-09 13:00:00,80397.97,80422.0,80318.7,80391.18,341.73909000,1778335199999,27466352.88196460,32401,220.35946000,17710951.36654580,0
2026-05-09 14:00:00,80391.18,80426.9,80254.71,80332.22,322.24573000,1778338799999,25883852.03123980,43576,175.29005000,14079640.52111770,0
2026-05-09 15:00:00,80332.23,80600.0,80234.0,80527.92,418.47876000,1778342399999,33656956.92513380,57952,261.99258000,21072147.26445580,0
2026-05-09 16:00:00,80527.92,80777.0,80487.4,80625.01,546.55445000,1778345999999,44070919.93475470,74885,294.62718000,23756489.39076720,0
2026-05-09 17:00:00,80625.0,80928.56,80625.0,80812.7,430.13867000,1778349599999,34753469.16540250,63613,214.07245000,17294645.62435550,0
2026-05-09 18:00:00,80812.69,81080.0,80787.39,80907.65,339.35386000,1778353199999,27467377.36789340,50106,206.38485000,16704650.59752920,0
2026-05-09 19:00:00,80907.66,80958.0,80776.99,80938.53,217.80867000,1778356799999,17614551.47147840,39052,103.01271000,8331788.60545210,0
2026-05-09 20:00:00,80938.53,80938.53,80744.98,80805.5,144.14004000,1778360399999,11648951.74638690,30610,52.99293000,4282457.42219490,0
2026-05-09 21:00:00,80805.51,80896.0,80744.98,80780.83,149.85415000,1778363999999,12108739.99185000,33300,57.15052000,4618159.03066100,0
2026-05-09 22:00:00,80780.83,80823.24,80670.01,80782.38,199.54802000,1778367599999,16114672.37330250,41222,116.54019000,9411548.49793910,0
2026-05-09 23:00:00,80782.38,80850.0,80621.88,80678.4,496.76761000,1778371199999,40109365.41998130,38315,149.68059000,12080076.61855890,0
2026-05-10 00:00:00,80678.41,80770.51,80610.64,80680.04,346.27712000,1778374799999,27938364.75709530,45375,173.73053000,14017391.47894300,0
2026-05-10 01:00:00,80680.03,80690.73,80572.77,80685.56,410.62072000,1778378399999,33105508.24261130,43216,210.65570000,16983738.90224970,0
2026-05-10 02:00:00,80685.55,80790.0,80611.0,80777.42,290.59888000,1778381999999,23451635.21679370,33816,156.10614000,12599906.08938280,0
2026-05-10 03:00:00,80777.42,80887.15,80709.59,80775.0,284.77121000,1778385599999,23007404.04888430,32583,148.75990000,12018844.70967530,0
2026-05-10 04:00:00,80774.99,80840.0,80722.78,80759.93,253.45188000,1778389199999,20473639.97558600,33078,133.49396000,10784627.22398450,0
2026-05-10 05:00:00,80759.93,80816.52,80682.0,80700.77,372.73913000,1778392799999,30101404.09200630,35968,170.23394000,13747989.56243790,0
2026-05-10 06:00:00,80700.76,80753.04,80658.97,80733.75,211.55020000,1778396399999,17073438.68409720,35863,105.63749000,8525620.49164600,0
2026-05-10 07:00:00,80733.75,80827.14,80720.1,80736.03,400.67517000,1778399999999,32362774.35034000,32285,230.74152000,18637934.32977370,0
2026-05-10 08:00:00,80736.03,80909.65,80715.33,80830.33,252.36808000,1778403599999,20396915.00558450,35473,145.09957000,11728683.41921890,0
2026-05-10 09:00:00,80830.34,80913.8,80756.53,80807.96,237.31778000,1778407199999,19181961.01733510,33556,113.55076000,9177620.35544910,0
2026-05-10 10:00:00,80807.95,80883.48,80691.0,80873.79,279.49023000,1778410799999,22578671.54169030,40473,135.90842000,10979220.51271300,0
2026-05-10 11:00:00,80873.8,80975.4,80750.0,80821.21,339.53296000,1778414399999,27455513.62882910,42009,187.17359000,15137653.00613530,0
2026-05-10 12:00:00,80821.21,80950.0,80784.2,80927.72,235.68491000,1778417999999,19065459.43875590,39859,115.06068000,9307463.01755610,0
2026-05-10 13:00:00,80927.71,81000.01,80865.44,80971.67,254.25083000,1778421599999,20582051.97127690,45884,126.30231000,10224740.05641780,0
2026-05-10 14:00:00,80971.66,80999.36,80816.22,80990.11,372.45860000,1778425199999,30145354.84455610,50898,184.80407000,14958018.80428380,0
2026-05-10 15:00:00,80990.11,81442.81,80936.0,81418.01,780.28503000,1778428799999,63335108.11053780,112364,461.56052000,37469591.80149990,0
2026-05-10 16:00:00,81418.01,81500.0,81200.0,81378.25,595.22707000,1778432399999,48432813.68047720,86414,302.54564000,24617555.75461730,0
2026-05-10 17:00:00,81378.25,81583.11,81220.0,81476.18,599.74468000,1778435999999,48816561.87394070,90133,362.00810000,29467086.82483340,0
2026-05-10 18:00:00,81476.18,81493.11,81231.14,81271.96,268.90805000,1778439599999,21879421.49644170,52194,113.41922000,9228321.39955930,0
2026-05-10 19:00:00,81271.96,81481.92,81148.0,81437.83,334.34752000,1778443199999,27205027.82648550,55929,187.71200000,15277948.88163100,0
2026-05-10 20:00:00,81437.83,81459.66,80279.77,80734.88,1021.73969000,1778446799999,82566209.44079140,188726,406.44396000,32849770.65404030,0
2026-05-10 21:00:00,80734.88,80944.44,80571.97,80720.47,691.73163000,1778450399999,55893676.47914320,119158,378.92038000,30619793.10125520,0
2026-05-10 22:00:00,80720.47,82171.96,80666.66,82044.49,1804.86462000,1778453999999,147314931.15192420,310109,1125.50849000,91851743.32779020,0
2026-05-10 23:00:00,82044.49,82479.32,82044.49,82210.07,1395.68283000,1778457599999,114859867.38829080,206245,720.51971000,59293927.81004300,0
2026-05-11 00:00:00,82210.07,82380.0,81280.0,81471.13,1294.00066000,1778461199999,105810972.44480100,209298,609.14020000,49827487.79772340,0
2026-05-11 01:00:00,81471.13,81744.85,81291.23,81501.72,495.92379000,1778464799999,40425195.09104950,141118,301.07378000,24541297.33640580,0
2026-05-11 02:00:00,81501.73,81572.4,81117.64,81169.08,491.97068000,1778468399999,39984280.48422640,120235,225.53058000,18327664.71095140,0
2026-05-11 03:00:00,81169.09,81188.97,80525.0,80736.01,857.95581000,1778471999999,69259137.03215850,144136,323.77803000,26131221.06464320,0
2026-05-11 04:00:00,80736.0,80879.12,80639.99,80824.61,378.47076000,1778475599999,30553280.49749160,65543,182.23515000,14715193.63047700,0
2026-05-11 05:00:00,80824.61,80981.8,80761.73,80832.33,423.68877000,1778479199999,34257094.75382480,57249,175.76638000,14212578.99001410,0
2026-05-11 06:00:00,80832.34,81049.51,80762.0,80822.86,296.00491000,1778482799999,23941029.95133420,59178,96.09492000,7773687.33885690,0
2026-05-11 07:00:00,80822.86,80840.3,80663.11,80740.4,496.93812000,1778486399999,40129617.38394530,62219,187.50471000,15142292.71707890,0
2026-05-11 08:00:00,80740.4,80863.42,80621.87,80767.97,463.92135000,1778489999999,37470322.13425010,67535,245.17124000,19804181.69730930,0
2026-05-11 09:00:00,80767.97,80997.63,80758.3,80966.57,330.83757000,1778493599999,26767184.08947260,52736,155.42614000,12575272.18107670,0
2026-05-11 10:00:00,80966.58,81200.0,80940.0,80940.0,488.26383000,1778497199999,39586282.88332700,84856,214.47815000,17389290.44948990,0
2026-05-11 11:00:00,80940.0,81196.95,80900.0,81196.94,356.37085000,1778500799999,28896558.08773110,66506,203.93318000,16535728.56285900,0
2026-05-11 12:00:00,81196.95,81356.46,81029.77,81054.65,485.89630000,1778504399999,39445901.87882310,106655,229.99217000,18673959.11958700,0
2026-05-11 13:00:00,81054.65,81332.29,80739.63,81072.0,767.39683000,1778507999999,62199096.18903490,180484,368.45322000,29872968.77845610,0
2026-05-11 14:00:00,81072.01,81252.72,80462.97,80953.38,767.64104000,1778511599999,62029026.94087490,207388,351.54572000,28414899.38434170,0
2026-05-11 15:00:00,80953.39,81458.0,80826.02,81445.9,647.30001000,1778515199999,52569627.72023750,155632,333.73943000,27108281.26478530,0
2026-05-11 16:00:00,81445.89,81910.35,81344.72,81575.85,1113.46844000,1778518799999,90990645.99994550,177209,542.31597000,44316450.60365370,0
2026-05-11 17:00:00,81575.84,82071.77,81369.42,81941.09,565.28919000,1778522399999,46241223.33361600,130148,305.81772000,25019883.93257030,0
2026-05-11 18:00:00,81941.09,82137.26,81836.15,81858.96,536.09834000,1778525999999,43957377.77582870,122807,272.30038000,22328838.23173110,0
2026-05-11 19:00:00,81858.97,82091.11,81739.09,81961.99,458.60970000,1778529599999,37583434.92646520,99644,269.40848000,22079528.30674890,0
2026-05-11 20:00:00,81961.99,82078.91,81758.5,81821.02,322.40099000,1778533199999,26415221.32734860,80962,149.79591000,12273711.25779930,0
2026-05-11 21:00:00,81821.03,81906.35,81600.0,81821.18,268.82965000,1778536799999,21974056.15950740,71491,110.48953000,9031062.56262130,0
2026-05-11 22:00:00,81821.18,81969.99,81729.99,81833.92,366.43361000,1778540399999,29984455.34749190,65303,159.00347000,13010273.71671490,0
2026-05-11 23:00:00,81833.92,81833.92,81596.31,81745.65,278.04936000,1778543999999,22722648.44296980,48064,119.37903000,9755165.86050850,0
2026-05-12 00:00:00,81745.66,81788.0,81478.75,81545.2,419.66559000,1778547599999,34237174.14544030,80560,186.90450000,15247191.23232740,0
2026-05-12 01:00:00,81545.2,81615.67,80714.28,81199.18,866.00547000,1778551199999,70232184.66975160,171646,353.47113000,28669785.80957480,0
2026-05-12 02:00:00,81199.18,81332.29,81087.63,81249.93,386.77691000,1778554799999,31406837.78541110,75315,197.65791000,16052703.53548080,0
2026-05-12 03:00:00,81249.93,81294.42,81024.41,81058.8,187.87319000,1778558399999,15248041.34971080,60524,83.92670000,6811571.39529780,0
2026-05-12 04:00:00,81058.79,81303.99,81000.0,81240.01,398.28206000,1778561999999,32329942.98909340,57096,216.44555000,17572554.35261470,0
2026-05-12 05:00:00,81240.01,81305.24,81181.56,81224.03,329.93857000,1778565599999,26808069.46741660,54329,122.72438000,9972184.74675030,0
2026-05-12 06:00:00,81224.04,81300.0,81010.01,81022.44,448.36294000,1778569199999,36392772.16748360,63088,177.76663000,14431197.35285890,0
2026-05-12 07:00:00,81022.44,81137.27,80800.77,80865.4,603.31882000,1778572799999,48850496.94999290,94155,311.65295000,25235476.20218380,0
2026-05-12 08:00:00,80865.4,80964.13,80760.53,80843.31,478.61372000,1778576399999,38709434.58778540,71518,284.26296000,22991421.72560000,0
2026-05-12 09:00:00,80843.3,80963.35,80720.0,80837.15,506.71585000,1778579999999,40964908.75164190,75137,296.60545000,23981460.01057300,0
2026-05-12 10:00:00,80837.15,80848.27,80601.27,80666.37,487.71377000,1778583599999,39370519.03443230,71502,232.10931000,18738023.67495450,0
2026-05-12 11:00:00,80666.38,80785.38,80496.57,80784.87,500.02112000,1778587199999,40317804.13443140,76762,270.91562000,21848346.29473690,0
2026-05-12 12:00:00,80784.86,80999.0,80619.19,80881.26,585.87948000,1778590799999,47353845.28663380,130158,316.47156000,25579664.33547190,0
2026-05-12 13:00:00,80881.25,80928.26,80397.07,80466.91,795.94705000,1778594399999,64237911.81223570,174593,356.30691000,28760568.63764340,0
2026-05-12 14:00:00,80466.91,80888.01,80397.88,80540.0,865.59094000,1778597999999,69783490.23070860,215218,450.10736000,36291308.72958790,0
2026-05-12 15:00:00,80540.0,80676.78,80188.65,80336.01,958.32005000,1778601599999,77034621.13657570,190809,340.77844000,27399924.65778590,0
2026-05-12 16:00:00,80336.01,80435.99,79843.59,80000.01,1473.45450000,1778605199999,118151504.77119140,170555,450.73529000,36142564.36119150,0
2026-05-12 17:00:00,80000.01,80593.06,79951.05,80527.69,486.64257000,1778608799999,39093638.21858610,122455,292.17523000,23466930.46432740,0
2026-05-12 18:00:00,80527.69,80763.81,80430.0,80679.12,367.35810000,1778612399999,29601094.38256390,89346,183.69261000,14802531.57558630,0
2026-05-12 19:00:00,80679.11,80874.42,80679.11,80834.64,346.22158000,1778615999999,27967842.02923840,71477,167.84197000,13558721.93078130,0
2026-05-12 20:00:00,80835.3,80896.25,80642.85,80696.87,292.49967000,1778619599999,23632767.92200200,60010,161.48753000,13050279.12918260,0
2026-05-12 21:00:00,80696.87,80738.0,80497.0,80587.44,202.53849000,1778623199999,16328208.41816010,56092,103.97119000,8381793.99240190,0
2026-05-12 22:00:00,80587.45,80791.94,80587.45,80656.43,151.10909000,1778626799999,12191877.75383170,58382,68.03065000,5488485.04100690,0
2026-05-12 23:00:00,80656.44,80714.0,80439.91,80504.47,247.40723000,1778630399999,19935179.44635830,54410,90.16202000,7265150.89888090,0
2026-05-13 00:00:00,80504.47,80768.95,80412.15,80718.0,230.81443000,1778633999999,18606486.07878890,91105,117.30563000,9457393.63308950,0
2026-05-13 01:00:00,80718.0,81195.69,80683.12,81006.0,633.76198000,1778637599999,51363104.92151020,121813,366.14063000,29668968.49483460,0
2026-05-13 02:00:00,81005.99,81281.66,80934.69,81050.0,333.93602000,1778641199999,27073363.99354710,69413,152.40773000,12357481.51790000,0
2026-05-13 03:00:00,81050.0,81299.99,80976.27,81249.99,377.40594000,1778644799999,30613275.67898920,51901,230.85099000,18724373.98762670,0
2026-05-13 04:00:00,81249.99,81281.07,81124.87,81231.96,253.70329000,1778648399999,20602047.11027830,48875,141.02626000,11452737.21625620,0
2026-05-13 05:00:00,81231.96,81247.22,80999.99,81019.99,266.87053000,1778651999999,21644839.47345140,42837,90.22959000,7318863.54019670,0
2026-05-13 06:00:00,81020.0,81160.36,80972.94,80980.05,499.16530000,1778655599999,40461583.09915230,54498,175.15169000,14199285.10631310,0
2026-05-13 07:00:00,80980.06,81049.01,80889.12,81026.92,476.02435000,1778659199999,38536754.08019060,52484,226.17505000,18312551.66998270,0
2026-05-13 08:00:00,81026.92,81200.0,80943.63,81196.57,372.92514000,1778662799999,30238042.97810810,68614,212.84302000,17258055.48579730,0
2026-05-13 09:00:00,81196.57,81324.64,81137.77,81291.38,435.50222000,1778666399999,35384048.85497180,64102,216.45964000,17587852.98431690,0
2026-05-13 10:00:00,81291.37,81298.5,80809.01,80809.01,364.76288000,1778669999999,29553001.60485040,71918,152.29299000,12335280.97751360,0
2026-05-13 11:00:00,80809.01,80843.87,80494.98,80501.22,668.09274000,1778673599999,53867443.49563810,101546,301.40355000,24302140.75399680,0
2026-05-13 12:00:00,80501.22,80592.65,79852.0,80202.78,1194.36751000,1778677199999,95781621.70309890,196730,556.80148000,44656397.15863660,0
2026-05-13 13:00:00,80202.78,80345.45,79576.47,79656.01,1205.27854000,1778680799999,96298956.62068030,214865,570.37969000,45578644.51516870,0
2026-05-13 14:00:00,79656.01,79898.0,79481.56,79756.01,942.38578000,1778684399999,75108253.87398650,172164,449.47225000,35832881.63627450,0
2026-05-13 15:00:00,79756.02,79856.08,78807.22,78827.21,1731.43058000,1778687999999,137204913.07834800,220114,658.77297000,52221171.44742610,0
2026-05-13 16:00:00,78827.21,79222.22,78754.65,79108.39,1522.11383000,1778691599999,120176827.81772890,181918,681.84664000,53844554.09473870,0
2026-05-13 17:00:00,79108.39,79556.36,79100.0,79514.97,611.40519000,1778695199999,48490117.92745800,92102,326.28250000,25875651.61064900,0
2026-05-13 18:00:00,79514.97,79800.0,79514.97,79598.15,747.58594000,1778698799999,59574410.79721670,103014,453.40822000,36134070.49817780,0
2026-05-13 19:00:00,79598.15,79646.29,79400.0,79642.41,463.49581000,1778702399999,36860911.52759440,78120,261.75375000,20818894.80565010,0
2026-05-13 20:00:00,79642.41,79760.0,79622.7,79698.95,225.22286000,1778705999999,17946408.17738080,49988,147.33768000,11740073.19666290,0
2026-05-13 21:00:00,79698.95,79705.73,79340.39,79398.54,418.00056000,1778709599999,33219202.34305050,67406,222.81955000,17707559.59101950,0
2026-05-13 22:00:00,79398.54,79470.0,79228.0,79428.46,338.28664000,1778713199999,26845331.78856200,71621,183.22455000,14540676.22287620,0
2026-05-13 23:00:00,79428.46,79499.01,79233.83,79313.61,497.51837000,1778716799999,39478895.84424220,63422,267.25577000,21204436.68909080,0
2026-05-14 00:00:00,79313.61,79681.73,79308.0,79580.0,443.66772000,1778720399999,35278540.13955450,80912,308.86743000,24558123.86383280,0
2026-05-14 01:00:00,79580.0,79681.73,79409.42,79604.6,369.48629000,1778723999999,29403676.34589540,78900,205.05917000,16318599.62957610,0
2026-05-14 02:00:00,79604.61,79676.11,79222.22,79370.24,684.03959000,1778727599999,54437936.64904680,84024,301.00902000,23957064.59357220,0
2026-05-14 03:00:00,79370.24,79460.0,78922.0,79044.85,712.36112000,1778731199999,56419945.64679150,153490,310.16831000,24574333.34566040,0
2026-05-14 04:00:00,79044.86,79474.41,78982.06,79451.63,437.35487000,1778734799999,34678525.50343080,74853,288.30964000,22862608.22976880,0
2026-05-14 05:00:00,79451.62,79998.0,79359.49,79809.16,850.16622000,1778738399999,67714774.15263290,103063,458.09043000,36496834.49443380,0
2026-05-14 06:00:00,79809.15,79953.35,79769.12,79804.71,301.13354000,1778741999999,24047929.71522090,63253,139.96864000,11178614.21366170,0
2026-05-14 07:00:00,79804.72,79937.59,79702.05,79745.98,480.32483000,1778745599999,38349620.35784260,67783,221.98095000,17726166.94860090,0
2026-05-14 08:00:00,79745.99,79936.98,79644.44,79821.56,652.77033000,1778749199999,52099204.88849060,84347,354.31996000,28280644.32333930,0
2026-05-14 09:00:00,79821.55,79905.99,79569.81,79635.52,445.75367000,1778752799999,35535609.50077790,62776,197.11447000,15715209.42519610,0
2026-05-14 10:00:00,79635.53,79756.98,79409.42,79570.01,384.95969000,1778756399999,30645095.91613740,73315,182.66127000,14542942.37999840,0
2026-05-14 11:00:00,79570.01,79600.0,79234.0,79258.27,362.97846000,1778759999999,28814110.07068890,68466,162.93794000,12933488.57663320,0
2026-05-14 12:00:00,79258.27,79775.02,79230.31,79767.11,526.41242000,1778763599999,41855480.87173990,89322,330.25699000,26259805.66163820,0
2026-05-14 13:00:00,79767.1,80059.71,79670.88,79701.73,1000.54213000,1778767199999,79926514.08094760,205407,522.53807000,41747296.47055540,0
2026-05-14 14:00:00,79701.73,81020.0,79561.52,80964.85,1882.78042000,1778770799999,151434781.95098000,307144,1058.12283000,85070029.10253160,0
2026-05-14 15:00:00,80964.84,81332.23,80816.08,81301.23,2292.36231000,1778774399999,185816971.15888320,266567,1356.32872000,109973609.45460630,0
2026-05-14 16:00:00,81301.22,81904.44,81080.25,81888.4,2732.81932000,1778777999999,222638527.84652340,351316,1740.19287000,141794163.66079440,0
2026-05-14 17:00:00,81888.4,82048.13,81271.0,81668.48,1967.47911000,1778781599999,160760567.53468290,295375,1097.22886000,89701149.14411620,0
2026-05-14 18:00:00,81668.49,81949.15,81440.38,81581.99,1012.79720000,1778785199999,82758482.42534240,163151,568.52333000,46465979.44338090,0
2026-05-14 19:00:00,81582.0,81718.73,81330.12,81419.74,566.84044000,1778788799999,46191505.04958100,137675,286.00897000,23307091.68377490,0
2026-05-14 20:00:00,81419.75,81590.19,81166.22,81412.04,471.62836000,1778792399999,38371322.50304130,104948,259.67907000,21132304.67811670,0
2026-05-14 21:00:00,81412.05,81526.08,81268.38,81396.61,292.07185000,1778795999999,23777295.92055380,68678,150.92421000,12286370.59498400,0
2026-05-14 22:00:00,81396.61,81559.71,81335.48,81456.0,322.84736000,1778799599999,26301613.77478780,55802,114.97412000,9365040.06280540,0
2026-05-14 23:00:00,81456.0,81456.0,81059.93,81089.99,534.29082000,1778803199999,43398443.01522350,60479,134.94248000,10957989.85311660,0
2026-05-15 00:00:00,81090.0,81664.45,81068.52,81518.67,578.54980000,1778806799999,47115389.13110640,134018,307.53591000,25041511.74215170,0
2026-05-15 01:00:00,81518.66,81612.73,81106.2,81131.01,538.82284000,1778810399999,43884485.12466930,149647,273.66942000,22293404.78168510,0
2026-05-15 02:00:00,81131.0,81350.0,80750.0,81299.14,829.40160000,1778813999999,67209227.27636390,181523,470.67179000,38152205.26145030,0
2026-05-15 03:00:00,81299.14,81340.81,80930.82,81059.15,506.95135000,1778817599999,41122151.74382530,108329,229.07498000,18588088.88058440,0
2026-05-15 04:00:00,81059.15,81100.0,80709.09,80724.71,367.57246000,1778821199999,29752838.18925090,80398,109.34756000,8850253.11727730,0
2026-05-15 05:00:00,80724.71,80882.45,80314.0,80360.01,1029.21412000,1778824799999,82885459.98800310,165592,434.44650000,34985494.08304240,0
2026-05-15 06:00:00,80360.01,80644.5,80314.01,80580.0,815.53271000,1778828399999,65637509.17148840,112700,423.67993000,34108052.71444830,0
2026-05-15 07:00:00,80580.0,81003.37,80559.88,80814.88,878.78211000,1778831999999,71005396.83509700,107092,567.19828000,45825645.57892470,0
2026-05-15 08:00:00,80814.88,80822.95,80415.84,80638.0,538.63644000,1778835599999,43432901.00636370,101514,279.25397000,22521292.41300530,0
2026-05-15 09:00:00,80638.0,80670.51,80369.0,80489.8,471.66166000,1778839199999,37968205.08641080,85279,221.75740000,17854190.86321890,0
2026-05-15 10:00:00,80489.81,80776.33,80407.6,80716.23,444.96934000,1778842799999,35855602.61393030,87809,256.37664000,20655589.01760030,0
2026-05-15 11:00:00,80716.22,80750.56,80590.08,80628.53,250.99223000,1778846399999,20242200.14105310,58288,120.79326000,9741449.03337400,0
2026-05-15 12:00:00,80628.52,80635.44,80340.83,80385.11,535.00082000,1778849999999,43054726.54652310,93043,278.72922000,22430282.78401250,0
2026-05-15 13:00:00,80385.1,80385.11,78698.69,78758.59,3101.88518000,1778853599999,246415084.79944640,455882,1467.66914000,116635572.33729490,0
2026-05-15 14:00:00,78758.59,79353.32,78659.0,79150.37,1965.21031000,1778857199999,155356231.37242610,384645,866.88211000,68547766.30425440,0
2026-05-15 15:00:00,79150.36,79369.36,79013.81,79150.27,606.47310000,1778860799999,48024718.94865100,179829,275.78657000,21840147.91517930,0
2026-05-15 16:00:00,79150.26,79382.3,79131.01,79294.31,514.78679000,1778864399999,40791705.43137920,135622,219.36441000,17382763.73564450,0
2026-05-15 17:00:00,79294.31,79504.83,79224.0,79460.0,478.80422000,1778867999999,38002781.47938830,106352,204.16642000,16205016.33840690,0
2026-05-15 18:00:00,79460.0,79561.94,79170.47,79284.0,544.01093000,1778871599999,43159787.23867190,126000,185.31158000,14701059.88581260,0
2026-05-15 19:00:00,79284.01,79290.0,79051.0,79146.5,421.75884000,1778875199999,33377816.31297920,103925,165.11343000,13067095.32820430,0
2026-05-15 20:00:00,79146.5,79217.07,79000.0,79123.12,224.44355000,1778878799999,17758327.64206030,66660,85.01700000,6726784.37910460,0
2026-05-15 21:00:00,79123.13,79200.0,78911.42,78973.5,682.32127000,1778882399999,53983152.88032350,71661,347.44044000,27490866.64870910,0
2026-05-15 22:00:00,78973.5,79145.44,78973.49,79107.38,347.86808000,1778885999999,27507980.64075040,46035,178.75550000,14134932.89006060,0
2026-05-15 23:00:00,79107.38,79161.86,79077.96,79113.21,677.62104000,1778889599999,53608994.76870660,42271,365.13699000,28886567.88254950,0
2026-05-16 00:00:00,79113.2,79227.77,79075.09,79111.92,314.01240000,1778893199999,24859118.06519990,40385,161.21693000,12762625.40427200,0
2026-05-16 01:00:00,79111.92,79186.05,79010.0,79168.0,357.20294000,1778896799999,28255996.45006580,53095,176.51261000,13963898.25080620,0
2026-05-16 02:00:00,79168.0,79211.77,79080.1,79155.54,208.30505000,1778900399999,16486370.54603790,45575,98.92205000,7829455.84197620,0
2026-05-16 03:00:00,79155.55,79187.71,79059.77,79083.18,368.66241000,1778903999999,29180664.81686980,33837,172.68640000,13668503.66213720,0
2026-05-16 04:00:00,79083.19,79129.71,78860.0,79035.26,321.76822000,1778907599999,25426625.13868110,54989,131.83967000,10420369.02751360,0
2026-05-16 05:00:00,79035.25,79039.49,78933.63,79027.37,183.05543000,1778911199999,14462418.95123170,37192,96.68237000,7638233.84587150,0
2026-05-16 06:00:00,79027.36,79047.94,78459.87,78648.0,632.26156000,1778914799999,49776098.89924970,96343,217.69857000,17141832.85540810,0
2026-05-16 07:00:00,78648.0,78651.63,78066.0,78369.77,1267.74437000,1778918399999,99339534.99622540,179779,592.63271000,46448788.81500930,0
2026-05-16 08:00:00,78369.78,78530.52,78334.21,78426.56,379.04319000,1778921999999,29727192.57455000,59519,208.15603000,16325325.70430670,0
2026-05-16 09:00:00,78426.55,78440.81,77906.1,78083.48,1104.43110000,1778925599999,86256129.29243530,166456,420.34905000,32830404.03705060,0
2026-05-16 10:00:00,78083.47,78101.43,77640.0,77960.0,1759.70594000,1778929199999,137039456.34986610,178080,584.92361000,45549245.49739700,0
2026-05-16 11:00:00,77959.99,78193.88,77959.99,78081.71,602.91980000,1778932799999,47085567.64653810,61191,291.30287000,22752187.40088670,0
2026-05-16 12:00:00,78080.46,78133.38,77918.62,78007.23,791.53177000,1778936399999,61774657.24182700,62131,460.43254000,35933759.84377190,0
2026-05-16 13:00:00,78007.24,78014.6,77833.4,78014.6,830.86287000,1778939999999,64749332.51018380,67260,509.26978000,39687979.20581340,0
2026-05-16 14:00:00,78014.6,78346.0,77895.2,78130.55,729.04785000,1778943599999,56907723.61580080,88253,453.32500000,35382383.52488810,0
2026-05-16 15:00:00,78130.55,78285.0,78078.22,78238.67,332.91477000,1778947199999,26026836.29980080,59644,182.57287000,14273685.43187060,0
2026-05-16 16:00:00,78238.68,78364.65,78119.72,78205.96,328.10255000,1778950799999,25669848.23057830,66610,164.75854000,12891883.99814070,0
2026-05-16 17:00:00,78205.96,78320.41,78199.0,78201.5,350.20669000,1778954399999,27411424.16994790,43734,165.01435000,12916677.51165800,0
2026-05-16 18:00:00,78201.5,78327.75,78142.99,78229.81,310.63405000,1778957999999,24296351.07666880,39812,124.66861000,9752240.90222540,0
2026-05-16 19:00:00,78229.82,78314.69,78204.22,78259.66,271.10252000,1778961599999,21220623.14179960,32869,208.78715000,16343315.76990200,0
2026-05-16 20:00:00,78259.67,78318.94,78201.42,78261.0,194.34290000,1778965199999,15210842.10219510,30038,105.80844000,8281563.19198680,0
2026-05-16 21:00:00,78261.0,78308.33,78206.85,78265.73,237.27188000,1778968799999,18570616.59246260,32471,146.28791000,11449939.81941360,0
2026-05-16 22:00:00,78265.73,78279.28,78171.02,78186.25,128.79242000,1778972399999,10074259.82198310,33453,55.50916000,4342067.33125400,0
2026-05-16 23:00:00,78186.25,78267.46,78125.32,78148.05,128.93924000,1778975999999,10082968.12865240,34945,46.95416000,3671822.56178850,0
2026-05-17 00:00:00,78148.05,78243.19,77812.0,77945.85,311.59646000,1778979599999,24321558.31524550,60228,86.68868000,6769328.78982130,0
2026-05-17 01:00:00,77945.85,78114.0,77721.19,77725.71,516.53667000,1778983199999,40235542.06336420,104058,198.21900000,15441295.27519360,0
2026-05-17 02:00:00,77725.72,77938.0,77725.71,77895.51,256.64293000,1778986799999,19984815.57566370,56785,150.41380000,11711736.47666280,0
2026-05-17 03:00:00,77895.5,78079.3,77888.0,78028.88,200.15322000,1778990399999,15611466.42682150,38416,103.06620000,8038870.80782950,0
2026-05-17 04:00:00,78028.88,78203.93,78003.35,78158.09,375.99093000,1778993999999,29377929.49226030,40924,219.59695000,17157906.23433830,0
2026-05-17 05:00:00,78158.08,78323.96,78102.42,78121.41,258.98839000,1778997599999,20250830.30154240,35295,126.91898000,9925663.32310530,0
2026-05-17 06:00:00,78121.41,78204.01,78017.0,78104.8,136.86954000,1779001199999,10690320.40471920,30420,62.43902000,4877140.52732370,0
2026-05-17 07:00:00,78104.79,78208.69,78053.79,78180.01,180.24659000,1779004799999,14083802.60604800,33257,95.26164000,7443690.74741200,0
2026-05-17 08:00:00,78180.0,78200.91,78033.01,78089.8,117.37418000,1779008399999,9167507.31843550,30308,46.91302000,3663982.27092390,0
2026-05-17 09:00:00,78089.8,78293.97,78073.52,78249.33,196.43485000,1779011999999,15350723.65258970,33341,109.98337000,8595502.90874210,0
2026-05-17 10:00:00,78249.33,78599.99,78249.03,78465.99,564.92985000,1779015599999,44316620.94762850,89164,328.99301000,25805948.08956420,0
2026-05-17 11:00:00,78465.99,78473.82,78289.0,78415.99,257.44450000,1779019199999,20181943.01135380,56126,109.91821000,8616100.45307790,0
2026-05-17 12:00:00,78415.99,78550.0,78333.8,78364.83,254.43689000,1779022799999,19956514.21267100,48851,124.40752000,9758239.01327930,0
2026-05-17 13:00:00,78364.83,78364.83,78173.15,78202.91,260.27625000,1779026399999,20369850.87525170,52075,68.48755000,5359817.62723100,0
2026-05-17 14:00:00,78202.91,78217.33,77850.0,78051.51,397.56893000,1779029999999,31022076.64991710,87291,140.53134000,10964774.48790910,0
2026-05-17 15:00:00,78051.51,78119.42,77920.76,78051.41,203.63392000,1779033599999,15890313.23778390,53234,94.65518000,7386459.83645670,0
2026-05-17 16:00:00,78051.42,78193.66,78025.23,78034.36,142.87987000,1779037199999,11159950.69675520,43198,71.71267000,5601363.26921530,0
2026-05-17 17:00:00,78034.37,78092.44,77856.69,78089.98,296.43890000,1779040799999,23114462.32202280,65457,164.77445000,12849445.83681910,0
2026-05-17 18:00:00,78089.99,78271.59,78014.33,78268.05,172.43416000,1779044399999,13477316.93317850,53543,87.02962000,6803676.67650220,0
2026-05-17 19:00:00,78268.04,78468.46,78209.96,78415.3,225.32283000,1779047999999,17646961.58761190,50245,127.98812000,10024592.41515870,0
2026-05-17 20:00:00,78415.29,78435.32,78248.8,78277.36,205.39109000,1779051599999,16083638.99962390,39153,94.80878000,7423967.03591810,0
2026-05-17 21:00:00,78277.36,78485.36,78243.5,78405.72,293.90051000,1779055199999,23036658.94777140,42847,163.17311000,12790426.66118870,0
2026-05-17 22:00:00,78405.72,78414.16,77830.0,77997.24,585.78673000,1779058799999,45721027.02337930,137547,209.96609000,16389074.98839090,0
2026-05-17 23:00:00,77997.24,78008.18,76735.16,77457.67,2031.42401000,1779062399999,157009650.04321300,288670,911.92139000,70459883.15665730,0
2026-05-18 00:00:00,77457.67,77477.99,76916.6,77209.95,1062.83033000,1779065999999,81984258.93217950,265358,475.20276000,36657424.41832170,0
2026-05-18 01:00:00,77209.95,77291.54,76744.95,77109.22,771.47833000,1779069599999,59378288.43375420,213677,412.04721000,31717082.09914430,0
2026-05-18 02:00:00,77109.21,77222.03,76707.61,76835.41,544.67309000,1779073199999,41930139.71896930,110571,293.61678000,22602236.10528590,0
2026-05-18 03:00:00,76835.41,77030.42,76817.14,76924.65,509.02980000,1779076799999,39158676.16769580,92865,278.52922000,21426402.39589900,0
2026-05-18 04:00:00,76924.66,77069.77,76772.01,77038.49,354.48166000,1779080399999,27275549.40447020,72035,191.37122000,14727070.21671280,0
2026-05-18 05:00:00,77038.49,77080.93,76884.33,76931.4,586.83852000,1779083999999,45173542.24946910,79600,324.11647000,24948432.54018690,0
2026-05-18 06:00:00,76931.4,76967.8,76583.33,76912.52,621.71728000,1779087599999,47743453.91733380,113678,282.75453000,21715237.71241230,0
2026-05-18 07:00:00,76912.53,77089.29,76771.53,77073.69,1139.62980000,1779091199999,87747781.75597230,112705,536.01526000,41263992.05777900,0
2026-05-18 08:00:00,77073.69,77181.88,76890.34,77040.42,562.21651000,1779094799999,43300512.87109530,92598,303.83254000,23402755.82584990,0
2026-05-18 09:00:00,77040.43,77048.14,76877.17,76933.16,365.74952000,1779098399999,28143295.44204340,64042,151.30073000,11643492.60388990,0
2026-05-18 10:00:00,76933.17,76957.35,76716.99,76764.74,432.20236000,1779101999999,33204222.88937960,67906,186.53046000,14328839.62631330,0
2026-05-18 11:00:00,76764.75,77403.48,76668.58,77285.83,692.38548000,1779105599999,53361231.23739580,122789,360.56299000,27792879.89385980,0
2026-05-18 12:00:00,77285.83,77800.0,77275.96,77639.98,980.76582000,1779109199999,76026432.29334480,185228,533.49887000,41359867.66596400,0
2026-05-18 13:00:00,77639.99,77639.99,76695.31,76937.7,1116.56330000,1779112799999,86075888.84828910,265756,437.40687000,33710901.56111160,0
2026-05-18 14:00:00,76937.7,76954.25,76230.02,76393.65,2158.59337000,1779116399999,165251866.22921010,343255,857.43415000,65654698.16730990,0
2026-05-18 15:00:00,76393.66,76485.29,76051.0,76409.46,1960.17489000,1779119999999,149428008.11439020,299046,874.54442000,66663995.79423530,0
2026-05-18 16:00:00,76409.46,76665.68,76218.0,76410.01,1252.93830000,1779123599999,95789833.03672020,217847,505.97620000,38680168.70857540,0
2026-05-18 17:00:00,76410.0,76757.21,76366.13,76706.39,450.87486000,1779127199999,34549035.30462080,129138,196.38421000,15047528.95105830,0
2026-05-18 18:00:00,76706.38,76706.38,76144.24,76252.5,779.57136000,1779130799999,59534820.05262750,148893,454.16077000,34686248.10537490,0
2026-05-18 19:00:00,76252.01,76995.0,76235.0,76928.0,812.47229000,1779134399999,62305567.62023200,223272,486.27553000,37276451.53217150,0
2026-05-18 20:00:00,76928.0,77182.14,76874.73,76909.92,463.85785000,1779137999999,35724366.48395920,102387,202.50412000,15596516.49243650,0
2026-05-18 21:00:00,76909.92,77174.23,76800.0,77103.05,491.73560000,1779141599999,37855530.14643390,84645,227.91808000,17546774.66026430,0
2026-05-18 22:00:00,77103.04,77222.79,76937.19,77078.22,359.68174000,1779145199999,27725957.95766240,73858,185.35804000,14289648.91550730,0
2026-05-18 23:00:00,77078.22,77160.79,76948.8,77001.87,275.05472000,1779148799999,21193772.78472270,48179,159.11648000,12260342.27565240,0
2026-05-19 00:00:00,77001.88,77414.62,76955.99,77140.87,556.43712000,1779152399999,42925866.09353820,102605,344.95546000,26604210.72820150,0
2026-05-19 01:00:00,77140.86,77156.2,76667.0,76667.01,769.46148000,1779155999999,59127312.02860290,128318,303.92085000,23353831.68114380,0
2026-05-19 02:00:00,76667.01,76997.33,76487.83,76617.47,469.02583000,1779159599999,35997292.23160500,116810,210.08414000,16130185.15856750,0
2026-05-19 03:00:00,76617.46,76867.23,76586.11,76787.11,211.83571000,1779163199999,16261601.36687820,62060,99.34792000,7627097.23843720,0
2026-05-19 04:00:00,76787.1,76943.75,76700.0,76927.25,239.72033000,1779166799999,18419385.47459370,67084,132.46103000,10178332.26344480,0
2026-05-19 05:00:00,76927.25,77000.0,76644.98,76911.24,392.43215000,1779170399999,30153671.88265310,83908,157.29162000,12087887.03447590,0
2026-05-19 06:00:00,76911.25,77108.68,76886.13,77029.4,386.11356000,1779173999999,29731962.80246730,74613,171.96171000,13241494.90545350,0
2026-05-19 07:00:00,77029.41,77278.57,76974.72,77233.69,490.19350000,1779177599999,37830146.43889530,86744,259.20278000,20004907.85715470,0
2026-05-19 08:00:00,77233.68,77317.02,76972.96,77048.71,465.92336000,1779181199999,35946317.54277350,89801,251.20695000,19382481.89133680,0
2026-05-19 09:00:00,77048.72,77074.05,76709.29,76818.8,385.08727000,1779184799999,29596553.27096640,95544,172.47266000,13256763.73000480,0
2026-05-19 10:00:00,76818.8,77103.97,76704.0,77041.87,464.38738000,1779188399999,35701773.28351630,98724,227.15575000,17464820.48100060,0
2026-05-19 11:00:00,77041.87,77076.53,76633.83,76714.62,430.29111000,1779191999999,33085384.45055040,69612,231.57556000,17806085.78855980,0
2026-05-19 12:00:00,76714.61,76982.89,76650.06,76940.21,257.11004000,1779195599999,19759037.98553200,64711,115.83114000,8903056.65130320,0
2026-05-19 13:00:00,76940.2,77048.72,76596.0,76872.75,906.63403000,1779199199999,69648421.12729350,212900,494.46075000,37989841.95383400,0
2026-05-19 14:00:00,76872.74,77023.75,76144.71,76392.43,1426.24149000,1779202799999,109089303.96104860,268808,634.01335000,48494785.15932360,0
2026-05-19 15:00:00,76392.43,76675.76,76337.97,76521.23,773.78391000,1779206399999,59211709.06967400,140521,476.91492000,36494378.48064690,0
2026-05-19 16:00:00,76521.24,76911.0,76407.72,76894.59,568.91388000,1779209999999,43609768.25321680,105964,360.63289000,27652896.26599330,0
2026-05-19 17:00:00,76894.59,77015.41,76759.39,76856.76,442.15826000,1779213599999,34008306.12430810,98700,259.05764000,19928962.04897970,0
2026-05-19 18:00:00,76856.76,76947.2,76744.8,76803.28,282.19478000,1779217199999,21685275.91364330,71312,150.44356000,11560636.89405060,0
2026-05-19 19:00:00,76803.28,77065.8,76765.14,76818.74,341.73224000,1779220799999,26278650.71626410,84920,188.60457000,14505183.47356020,0
2026-05-19 20:00:00,76818.73,77040.24,76818.73,77022.23,147.68289000,1779224399999,11363387.79187350,37733,89.77739000,6907421.38902520,0
2026-05-19 21:00:00,77022.22,77040.83,76973.76,76982.34,185.29058000,1779227999999,14269813.84831260,35717,93.43414000,7195573.22314980,0
2026-05-19 22:00:00,76982.34,76982.34,76642.95,76712.21,233.07768000,1779231599999,17893953.40009100,69659,118.88713000,9125005.89792940,0
2026-05-19 23:00:00,76712.22,76980.07,76670.52,76834.36,199.13120000,1779235199999,15309483.24950570,48353,137.08057000,10539265.86649080,0
2026-05-20 00:00:00,76834.36,76896.5,76516.74,76788.83,236.25061000,1779238799999,18118602.81615910,103108,102.54502000,7864555.65240440,0
2026-05-20 01:00:00,76788.83,76922.46,76536.59,76820.98,358.53384000,1779242399999,27514665.93390740,121947,171.19192000,13140203.04089650,0
2026-05-20 02:00:00,76820.98,76909.62,76600.0,76690.42,293.25018000,1779245999999,22511689.90069300,83504,128.20272000,9842565.98424930,0
2026-05-20 03:00:00,76690.42,76829.61,76604.99,76723.54,673.76637000,1779249599999,51659442.77513860,67489,253.77988000,19455639.78337200,0
2026-05-20 04:00:00,76723.55,76836.82,76692.0,76780.37,365.31048000,1779253199999,28048299.07348740,50216,155.62498000,11948982.38344020,0
2026-05-20 05:00:00,76780.37,77320.0,76780.37,77196.99,973.23466000,1779256799999,75087108.91033830,114814,555.77315000,42874885.84549010,0
2026-05-20 06:00:00,77196.99,77422.0,77179.93,77414.11,528.12463000,1779260399999,40817906.11445230,76182,314.55706000,24315879.33103270,0
2026-05-20 07:00:00,77414.1,77472.21,77241.13,77282.64,351.42212000,1779263999999,27184942.79282220,63384,161.95813000,12529208.95713680,0
2026-05-20 08:00:00,77282.65,77635.52,77210.33,77458.04,548.89961000,1779267599999,42504194.91419340,71184,307.89743000,23845512.53303870,0
2026-05-20 09:00:00,77458.05,77543.59,77365.94,77485.13,360.90275000,1779271199999,27957195.30324650,54458,181.69976000,14074319.19867070,0
2026-05-20 10:00:00,77485.14,77663.0,77485.14,77517.45,409.79863000,1779274799999,31795958.85061290,52231,259.88715000,20163945.05787110,0
2026-05-20 11:00:00,77517.46,77569.1,77328.2,77382.49,362.81092000,1779278399999,28105656.86073250,45332,110.14628000,8532314.59647880,0
2026-05-20 12:00:00,77382.5,77748.05,77365.52,77617.26,377.41047000,1779281999999,29273615.61165880,53326,211.16976000,16383647.20873410,0
2026-05-20 13:00:00,77617.26,77650.62,76968.05,77204.61,682.21238000,1779285599999,52686387.51948600,206393,309.93025000,23937851.19651260,0
2026-05-20 14:00:00,77204.61,77574.29,76891.61,77446.08,1202.39421000,1779289199999,92958070.68464970,309680,601.84619000,46520194.16017130,0
2026-05-20 15:00:00,77446.01,77853.04,77300.0,77455.46,777.75101000,1779292799999,60346333.25022210,202374,393.98232000,30574353.58599550,0
2026-05-20 16:00:00,77455.45,77557.0,77018.38,77338.6,407.46410000,1779296399999,31482383.30791700,161576,210.70082000,16280207.84162650,0
2026-05-20 17:00:00,77338.6,77713.66,77230.86,77568.95,501.34929000,1779299999999,38869474.85289560,121665,280.77779000,21767867.05805390,0
2026-05-20 18:00:00,77568.95,77634.52,77398.63,77415.09,414.50917000,1779303599999,32135060.87722900,89589,242.15059000,18773976.29361590,0
2026-05-20 19:00:00,77415.09,77709.68,77350.71,77667.49,388.96569000,1779307199999,30152795.83721890,92314,248.08915000,19229652.47448610,0
2026-05-20 20:00:00,77667.49,77760.0,77476.19,77720.01,357.71030000,1779310799999,27778637.65001130,98182,146.73444000,11395584.53433850,0
2026-05-20 21:00:00,77720.01,77766.6,77500.0,77500.01,158.00627000,1779314399999,12268334.72029660,55549,55.98954000,4347547.74398120,0
2026-05-20 22:00:00,77500.01,77504.69,77226.61,77504.69,367.95652000,1779317999999,28478431.35611510,92956,118.89914000,9202716.63005260,0
2026-05-20 23:00:00,77504.69,77559.34,77386.93,77552.23,198.22886000,1779321599999,15356081.55815140,50301,82.62895000,6400389.13966010,0
2026-05-21 00:00:00,77552.24,78071.42,77525.0,77967.09,547.83434000,1779325199999,42610920.53236080,102859,353.13807000,27466718.46481150,0
2026-05-21 01:00:00,77967.09,78173.15,77800.0,77863.85,453.71737000,1779328799999,35367923.43792550,108406,222.92078000,17379782.71716470,0
2026-05-21 02:00:00,77863.85,78100.0,77820.1,77955.78,820.79860000,1779332399999,64030303.25465670,66846,436.54366000,34056391.93669270,0
2026-05-21 03:00:00,77955.78,78098.85,77908.0,78078.72,441.60659000,1779335999999,34440855.61463640,45148,230.83355000,18003281.40810180,0
2026-05-21 04:00:00,78078.72,78180.01,77965.36,78035.8,365.79347000,1779339599999,28546313.53687020,51539,148.32572000,11576606.46066360,0
2026-05-21 05:00:00,78035.8,78147.07,77714.94,77828.0,390.37362000,1779343199999,30415346.78841260,65341,149.29679000,11634058.97609130,0
2026-05-21 06:00:00,77828.0,77873.15,77533.45,77622.14,317.41875000,1779346799999,24665483.26710310,71236,132.31551000,10284101.33401270,0
2026-05-21 07:00:00,77622.14,77901.06,77521.0,77889.01,380.50650000,1779350399999,29547564.59872940,85483,206.65668000,16054306.60511710,0
2026-05-21 08:00:00,77889.01,78200.0,77885.53,77924.63,493.47370000,1779353999999,38501104.85566470,111254,201.21688000,15702701.40143160,0
2026-05-21 09:00:00,77924.63,77977.53,77633.02,77633.02,277.92731000,1779357599999,21617293.96408020,57878,116.12849000,9030023.45742760,0
2026-05-21 10:00:00,77633.03,77678.01,77190.09,77198.08,783.43483000,1779361199999,60627925.51773280,149767,446.38045000,34547274.06275970,0
2026-05-21 11:00:00,77198.09,77372.0,77147.15,77189.1,380.03818000,1779364799999,29363239.59481070,79292,212.26750000,16401307.18278710,0
2026-05-21 12:00:00,77189.1,77363.32,77080.72,77278.53,382.67307000,1779368399999,29551697.54364560,94328,222.37985000,17174548.33827640,0
2026-05-21 13:00:00,77278.52,77358.05,76719.47,77122.68,862.17497000,1779371999999,66431826.98976850,216089,374.27190000,28844093.23055550,0
2026-05-21 14:00:00,77122.67,77240.82,76788.8,76984.61,697.95187000,1779375599999,53761580.70142960,192835,357.59674000,27548149.95784490,0
2026-05-21 15:00:00,76984.61,77402.12,76900.0,77259.46,411.10449000,1779379199999,31718178.61833630,132970,215.58394000,16633610.54772440,0
2026-05-21 16:00:00,77259.45,77344.01,77008.75,77207.93,404.33559000,1779382799999,31204124.73010880,113607,203.99260000,15742771.41643640,0
2026-05-21 17:00:00,77207.92,78098.16,77181.83,77869.38,1291.96294000,1779386399999,100383117.74114160,235690,771.09049000,59889469.78208380,0
2026-05-21 18:00:00,77869.38,77922.01,77230.0,77387.74,559.91554000,1779389999999,43441777.94975510,168985,196.94101000,15280707.49819390,0
2026-05-21 19:00:00,77387.74,77802.51,77365.97,77690.56,437.10444000,1779393599999,33913185.57647840,110132,272.91991000,21177896.18530710,0
2026-05-21 20:00:00,77690.56,77804.75,77647.75,77705.81,144.76199000,1779397199999,11250921.14725640,53651,73.74742000,5732153.87701850,0
2026-05-21 21:00:00,77705.8,77813.35,77645.4,77672.29,182.97007000,1779400799999,14226389.07945800,51377,91.16190000,7088810.77457370,0
2026-05-21 22:00:00,77672.3,77750.61,77555.33,77628.0,130.38276000,1779404399999,10125328.82715980,55511,47.30992000,3673801.60200590,0
2026-05-21 23:00:00,77628.01,77745.39,77534.43,77615.52,159.99742000,1779407999999,12426293.36022800,52922,81.98878000,6368177.92417130,0
2026-05-22 00:00:00,77615.52,77628.38,77369.49,77373.57,228.62269000,1779411599999,17715270.98788100,88734,85.19027000,6601669.36514900,0
2026-05-22 01:00:00,77373.57,77673.5,77327.28,77616.0,252.86608000,1779415199999,19592030.92858080,69421,139.81763000,10833044.49662650,0
2026-05-22 02:00:00,77616.0,77728.01,77593.16,77673.36,244.81122000,1779418799999,19013172.16050430,55697,117.70620000,9141658.84804750,0
2026-05-22 03:00:00,77673.37,77817.8,77673.36,77779.98,158.00162000,1779422399999,12286557.48175510,48184,84.45662000,6567383.86745680,0
2026-05-22 04:00:00,77779.98,77900.0,77637.99,77655.42,475.76681000,1779425999999,37001731.30140860,58370,281.35576000,21887070.81252240,0
2026-05-22 05:00:00,77655.43,77726.0,77454.56,77489.0,344.31720000,1779429599999,26722034.00641390,61432,119.70890000,9291546.68419590,0
2026-05-22 06:00:00,77489.0,77525.85,77370.4,77423.41,542.83384000,1779433199999,42047633.66559380,84906,292.27219000,22639179.04264800,0
2026-05-22 07:00:00,77423.41,77543.38,77288.77,77408.06,393.92568000,1779436799999,30502166.90407770,78796,213.25639000,16517906.10384700,0
2026-05-22 08:00:00,77408.07,77535.0,77216.0,77267.38,509.65577000,1779440399999,39442035.70429070,105792,239.69050000,18554944.62974590,0
2026-05-22 09:00:00,77267.39,77360.0,77200.0,77307.11,276.32946000,1779443999999,21353007.16532260,56476,173.94273000,13440924.50165380,0
2026-05-22 10:00:00,77307.12,77363.01,77261.73,77312.0,275.01820000,1779447599999,21262180.45964520,42585,136.61938000,10561799.23676350,0
2026-05-22 11:00:00,77311.99,77430.55,77184.45,77428.84,375.53110000,1779451199999,29032400.23728270,62992,251.40755000,19435807.23766370,0
2026-05-22 12:00:00,77428.83,77584.94,77395.45,77533.9,317.41573000,1779454799999,24594567.70968720,73499,151.79825000,11761754.15159730,0
2026-05-22 13:00:00,77533.91,77547.56,77130.99,77290.01,419.18989000,1779458399999,32406247.84708760,133811,194.88458000,15066413.42954560,0
2026-05-22 14:00:00,77290.0,77290.0,76751.0,76774.23,1004.66190000,1779461999999,77286080.37145620,171924,447.42729000,34407230.69515500,0
2026-05-22 15:00:00,76774.23,77030.64,76570.0,76790.59,872.56913000,1779465599999,66990590.74762560,158966,420.22400000,32273429.67871520,0
2026-05-22 16:00:00,76790.6,77006.69,76767.0,76950.68,481.05047000,1779469199999,37001034.50273440,105741,287.68155000,22131057.99695560,0
2026-05-22 17:00:00,76950.67,77093.72,76750.0,76750.0,322.37426000,1779472799999,24801355.79073310,107245,143.47121000,11040318.28615370,0
2026-05-22 18:00:00,76750.01,76898.0,76101.0,76537.47,809.74159000,1779476399999,61954775.15896570,160785,249.29479000,19077099.06401380,0
2026-05-22 19:00:00,76537.47,76590.68,75668.76,75860.44,1201.88912000,1779479999999,91305184.26795730,268583,475.37691000,36108006.65085980,0
2026-05-22 20:00:00,75860.44,76080.95,75826.0,75984.47,415.32736000,1779483599999,31539812.83255060,112130,186.72555000,14179343.23842350,0
2026-05-22 21:00:00,75984.47,76087.85,75926.2,75978.83,349.85112000,1779487199999,26598067.16446510,68264,136.26912000,10360040.25871200,0
2026-05-22 22:00:00,75978.83,75978.84,75558.28,75737.52,473.52886000,1779490799999,35872946.97346450,91382,150.72194000,11417292.35025300,0
2026-05-22 23:00:00,75737.53,75881.18,75359.18,75539.5,527.08224000,1779494399999,39879576.54097580,105068,225.69145000,17079733.98274440,0
2026-05-23 00:00:00,75539.5,75635.59,75220.0,75352.64,828.38332000,1779497999999,62464463.48647200,177801,357.56037000,26967898.70621920,0
2026-05-23 01:00:00,75352.64,75500.0,75350.0,75489.84,466.00374000,1779501599999,35157142.94958210,116362,252.42038000,19042624.44303340,0
2026-05-23 02:00:00,75489.83,75581.27,75417.56,75572.07,334.42834000,1779505199999,25248800.73790060,48698,157.56808000,11895365.18772270,0
2026-05-23 03:00:00,75572.07,75664.62,75563.33,75635.22,267.29386000,1779508799999,20211456.20741870,36530,105.93994000,8010518.61759510,0
2026-05-23 04:00:00,75635.22,75650.63,75507.01,75539.77,198.60310000,1779512399999,15007666.26880250,34869,98.47847000,7441386.50866930,0
2026-05-23 05:00:00,75539.77,75562.4,75469.89,75482.68,267.20559000,1779515999999,20175629.72475090,40164,128.90536000,9733776.04809770,0
2026-05-23 06:00:00,75482.68,75501.09,75394.54,75398.33,189.47214000,1779519599999,14297067.30731730,36351,79.07915000,5967330.80685320,0
2026-05-23 07:00:00,75398.33,75443.44,74289.6,74609.36,2035.70931000,1779523199999,152363030.68906900,180109,803.67350000,60103060.05910150,0
2026-05-23 08:00:00,74609.37,74746.67,74303.56,74684.3,963.94720000,1779526799999,71870536.65286600,116134,485.45985000,36209746.78260410,0
2026-05-23 09:00:00,74684.29,74752.45,74624.5,74656.91,431.50710000,1779530399999,32228434.66593440,44794,207.13071000,15471009.49986010,0
2026-05-23 10:00:00,74656.91,74797.01,74656.91,74705.0,625.72233000,1779533999999,46774169.90579830,37440,279.92771000,20925234.30191360,0
2026-05-23 11:00:00,74705.0,74873.55,74704.99,74789.99,487.91960000,1779537599999,36495428.11553550,30312,302.73681000,22643759.81699920,0
2026-05-23 12:00:00,74789.99,74798.41,74660.05,74753.93,570.81814000,1779541199999,42660461.50873350,35012,350.32289000,26181741.24407390,0
2026-05-23 13:00:00,74753.94,75262.86,74753.93,75213.9,815.89889000,1779544799999,61224194.76147830,98426,481.78924000,36152593.52327380,0
2026-05-23 14:00:00,75213.9,75726.3,75108.15,75537.72,922.06012000,1779548399999,69513902.42317350,90365,566.48891000,42722140.20192170,0
2026-05-23 15:00:00,75537.73,75676.0,75405.4,75520.0,634.72295000,1779551999999,47950918.20327510,72255,335.03305000,25309259.38227710,0
2026-05-23 16:00:00,75519.99,75638.62,75415.17,75444.7,411.95204000,1779555599999,31104643.30327830,62849,192.31059000,14521193.37241410,0
2026-05-23 17:00:00,75444.71,75522.0,75371.72,75488.18,566.20129000,1779559199999,42728055.09621790,55939,344.69323000,26011909.57100860,0
2026-05-23 18:00:00,75488.17,75986.24,75472.04,75845.82,429.21806000,1779562799999,32535525.17402780,107879,229.50191000,17392755.74181850,0
2026-05-23 19:00:00,75845.82,76012.22,75780.9,75983.45,364.90120000,1779566399999,27696028.19603170,68801,211.90402000,16086596.04876940,0
2026-05-23 20:00:00,75983.45,77300.0,75953.94,77287.58,1242.58285000,1779569999999,95193275.45702450,239289,747.38264000,57256364.46081940,0
2026-05-23 21:00:00,77286.08,77404.18,76538.04,76804.99,1147.59506000,1779573599999,88281100.94274880,197120,534.38330000,41113562.90154770,0
2026-05-23 22:00:00,76805.0,76885.0,76396.06,76584.45,464.30329000,1779577199999,35571274.64247040,93641,243.19468000,18635971.98640710,0
2026-05-23 23:00:00,76584.45,76822.0,76538.36,76752.01,420.43862000,1779580799999,32243399.35390890,82396,242.70240000,18611072.47729790,0
2026-05-24 00:00:00,76752.0,76930.65,76629.02,76835.16,392.54327000,1779584399999,30137977.12697400,73690,252.45866000,19385289.88457640,0
2026-05-24 01:00:00,76835.16,76921.45,76754.53,76890.04,225.24128000,1779587999999,17310673.96481300,46201,129.04034000,9917398.66652570,0
2026-05-24 02:00:00,76890.04,76968.04,76704.32,76830.0,185.87406000,1779591599999,14283020.43429340,43212,83.13555000,6389419.32287250,0
2026-05-24 03:00:00,76830.01,77011.62,76738.5,76750.0,248.04543000,1779595199999,19061261.55345410,49639,73.99829000,5689146.80507350,0
2026-05-24 04:00:00,76750.01,76858.26,76730.0,76786.5,163.64327000,1779598799999,12566833.90336320,33663,88.15580000,6770017.47364450,0
2026-05-24 05:00:00,76786.5,76861.78,76651.59,76822.23,202.16815000,1779602399999,15512314.40195230,33881,56.74557000,4354867.05912990,0
2026-05-24 06:00:00,76822.23,77065.94,76716.02,76987.58,257.89170000,1779605999999,19821680.90370710,47296,132.81732000,10210305.09716710,0
2026-05-24 07:00:00,76987.58,77014.24,76786.2,76799.99,193.96514000,1779609599999,14913431.18891590,41262,107.51384000,8267250.82555890,0
2026-05-24 08:00:00,76799.99,76861.77,76734.42,76830.69,226.94949000,1779613199999,17430374.93935040,30043,109.93250000,8443294.24013110,0
2026-05-24 09:00:00,76830.69,77046.67,76821.86,77020.53,369.92973000,1779616799999,28466383.47853980,36666,243.16538000,18712299.60892850,0
2026-05-24 10:00:00,77020.54,77543.15,76927.04,77190.74,863.69953000,1779620399999,66715841.05616830,93970,504.83569000,38991988.69542360,0
2026-05-24 11:00:00,77190.73,77356.62,77190.73,77320.06,285.66801000,1779623999999,22077847.47064770,59458,150.41707000,11625159.72012280,0
2026-05-24 12:00:00,77320.06,77325.72,77044.73,77118.73,271.94108000,1779627599999,20972213.20314940,50132,113.08417000,8719829.38216770,0
2026-05-24 13:00:00,77118.72,77127.54,76688.89,76802.23,474.39799000,1779631199999,36495191.54850990,81337,206.07599000,15852821.35844180,0
2026-05-24 14:00:00,76802.23,76840.01,76195.36,76465.16,837.87651000,1779634799999,64078526.49073590,150450,424.15382000,32442947.02501530,0
2026-05-24 15:00:00,76465.15,76539.38,76362.78,76371.59,398.04105000,1779638399999,30429160.23992240,47070,248.76700000,19018794.76993980,0
2026-05-24 16:00:00,76371.59,76734.3,76371.59,76671.7,359.46109000,1779641999999,27528411.88738590,72220,233.90843000,17912704.63343720,0
2026-05-24 17:00:00,76671.69,76799.99,76566.15,76693.34,249.31214000,1779645599999,19115928.06098800,57462,125.09102000,9592240.04218220,0
2026-05-24 18:00:00,76693.34,76788.01,76596.0,76665.73,148.14196000,1779649199999,11359895.54804240,45813,81.54077000,6252786.01151310,0
2026-05-24 19:00:00,76665.72,76783.51,76611.17,76773.34,125.12918000,1779652799999,9597582.49825790,46271,82.33516000,6315257.77711830,0
2026-05-24 20:00:00,76773.33,76796.18,76596.37,76668.4,560.38206000,1779656399999,42973785.79020340,71190,389.32292000,29855610.09466780,0
2026-05-24 21:00:00,76668.41,76748.12,76108.0,76151.14,497.80071000,1779659999999,38002280.07371800,117979,174.19927000,13301410.12557910,0
2026-05-24 22:00:00,76151.14,77012.01,76132.0,76803.99,543.11534000,1779663599999,41677622.99936990,175332,302.90660000,23239288.37799910,0
2026-05-24 23:00:00,76803.99,77225.97,76803.99,77064.96,316.78339000,1779667199999,24397278.84885370,108732,199.53160000,15367955.29097820,0
2026-05-25 00:00:00,77064.96,77288.0,77064.95,77153.01,281.30951000,1779670799999,21709300.76817270,103947,149.16674000,11511615.28262120,0
2026-05-25 01:00:00,77153.01,77245.67,76914.25,76945.27,574.42489000,1779674399999,44304603.62391980,131420,262.50093000,20250929.32287310,0
2026-05-25 02:00:00,76945.28,77485.0,76945.28,77108.77,313.96478000,1779677999999,24248128.76405660,101687,158.20371000,12220173.40836970,0
2026-05-25 03:00:00,77108.77,77169.88,77002.3,77026.67,198.70522000,1779681599999,15316604.57506670,62424,76.34912000,5885207.14917110,0
2026-05-25 04:00:00,77026.68,77450.0,76990.78,77391.07,251.77406000,1779685199999,19441205.89978290,45353,151.39646000,11693346.43355210,0
2026-05-25 05:00:00,77391.07,77498.0,77324.0,77407.0,306.77798000,1779688799999,23748457.54653580,48800,163.78295000,12679257.95827060,0
2026-05-25 06:00:00,77406.99,77650.0,77222.22,77419.87,413.85927000,1779692399999,32046227.05462340,93661,228.55048000,17700787.00332750,0
2026-05-25 07:00:00,77419.87,77520.0,77184.62,77401.12,376.11814000,1779695999999,29086230.17465750,84141,182.98098000,14152043.05971220,0
2026-05-25 08:00:00,77401.11,77469.64,77280.32,77456.94,352.62980000,1779699599999,27276317.63817010,49698,209.21520000,16183107.85169090,0
2026-05-25 09:00:00,77456.94,77699.97,77425.17,77604.56,369.10396000,1779703199999,28628495.66115140,79075,168.90236000,13100476.29494930,0
2026-05-25 10:00:00,77604.56,77681.37,77490.37,77545.65,283.53522000,1779706799999,21994955.34963330,49843,141.80039000,10998992.94172070,0
2026-05-25 11:00:00,77545.65,77545.65,77333.33,77357.5,209.17805000,1779710399999,16200216.29849660,46631,69.89493000,5413099.85259680,0
2026-05-25 12:00:00,77357.5,77440.46,77286.5,77367.98,261.28583000,1779713999999,20213346.79379770,69269,135.34729000,10470792.44452350,0
2026-05-25 13:00:00,77367.98,77450.0,77286.5,77341.05,199.52985000,1779717599999,15432746.39434300,57006,102.56399000,7932842.88390710,0
2026-05-25 14:00:00,77341.05,77773.69,77304.84,77714.0,603.07815000,1779721199999,46790940.54341470,107006,282.13864000,21886358.77075570,0
2026-05-25 15:00:00,77713.99,77905.52,77557.0,77628.82,499.50313000,1779724799999,38814819.11558280,103031,237.96754000,18496697.42590750,0
2026-05-25 16:00:00,77628.82,77807.29,77508.88,77735.69,342.64397000,1779728399999,26600598.52117520,69324,166.06781000,12893118.50761920,0
2026-05-25 17:00:00,77735.69,77804.48,77550.39,77564.01,278.21782000,1779731999999,21607914.99838020,63509,102.79255000,7982283.67981040,0
2026-05-25 18:00:00,77564.0,77658.01,77543.38,77543.39,204.76460000,1779735599999,15890748.61441690,51100,131.15853000,10178737.06330320,0
2026-05-25 19:00:00,77543.39,77543.39,77343.61,77441.86,295.53937000,1779739199999,22886763.51543850,78449,146.82811000,11369065.99570180,0
2026-05-25 20:00:00,77441.85,77500.0,77220.0,77273.06,314.11527000,1779742799999,24297770.69769090,75971,111.32208000,8612982.56564420,0
2026-05-25 21:00:00,77273.06,77396.08,77273.05,77367.03,183.92616000,1779746399999,14222410.01999120,60991,94.20682000,7284223.02434690,0
2026-05-25 22:00:00,77367.03,77449.94,77019.82,77116.21,395.72227000,1779749999999,30543975.98819670,94070,98.24940000,7589794.14919610,0
2026-05-25 23:00:00,77116.21,77367.44,77072.36,77322.01,162.61467000,1779753599999,12565226.44090270,52103,72.99453000,5640362.63783870,0
2026-05-26 00:00:00,77322.01,77345.0,76575.49,76792.71,686.17714000,1779757199999,52818594.70457040,132488,251.77349000,19377305.27655040,0
2026-05-26 01:00:00,76792.24,76888.01,76590.9,76756.98,342.05131000,1779760799999,26245737.17582530,112352,179.40563000,13766014.79242770,0
2026-05-26 02:00:00,76756.98,76810.0,76512.98,76660.0,721.43857000,1779764399999,55335740.02354690,84127,341.55828000,26197545.90840610,0
2026-05-26 03:00:00,76660.0,76705.71,76475.59,76664.01,396.14567000,1779767999999,30337932.94302530,66530,186.97798000,14322990.03311270,0
2026-05-26 04:00:00,76664.0,76817.28,76606.79,76749.5,392.59093000,1779771599999,30107455.66650590,48961,252.41996000,19355980.46388720,0
2026-05-26 05:00:00,76749.51,76989.23,76704.8,76930.01,556.04320000,1779775199999,42739801.19887360,65633,287.34679000,22087552.17119010,0
2026-05-26 06:00:00,76930.0,77059.74,76775.0,76908.01,658.30833000,1779778799999,50621372.92483000,127846,337.37823000,25945607.32217220,0
2026-05-26 07:00:00,76908.0,76924.55,76603.73,76730.84,436.26184000,1779782399999,33456074.56343890,80765,224.59818000,17221190.88651150,0
2026-05-26 08:00:00,76730.84,76852.01,76693.21,76726.37,246.06951000,1779785999999,18892457.07503620,70967,132.87218000,10201213.14469450,0
2026-05-26 09:00:00,76726.37,76804.0,76649.79,76672.19,350.52370000,1779789599999,26885747.69932710,71994,220.00391000,16874396.93600930,0
2026-05-26 10:00:00,76672.2,77621.75,76586.94,77430.0,897.13516000,1779793199999,69289194.76421360,208510,556.20351000,42947587.52730310,0
2026-05-26 11:00:00,77430.0,77516.93,77174.94,77183.55,403.26795000,1779796799999,31179316.79269310,85873,184.15582000,14241086.49883850,0
2026-05-26 12:00:00,77183.56,77232.52,76877.94,77132.5,402.68245000,1779800399999,31024159.27024110,102481,178.84284000,13778909.31363270,0
2026-05-26 13:00:00,77132.51,77464.01,76691.88,77231.56,659.96680000,1779803999999,50841357.02111850,197068,326.98416000,25194691.50338590,0
2026-05-26 14:00:00,77231.56,78080.0,76724.63,76908.01,2020.17697000,1779807599999,156378447.37250920,397733,1018.44180000,78859214.27524410,0
2026-05-26 15:00:00,76908.01,77012.0,76272.63,76518.1,1751.25838000,1779811199999,134005578.24959190,316708,769.03231000,58870665.60276880,0
2026-05-26 16:00:00,76518.1,76710.01,76209.58,76558.0,2070.02098000,1779814799999,158222896.82989570,239275,642.89775000,49156519.65608490,0
2026-05-26 17:00:00,76558.0,76649.91,75850.0,75935.08,1190.65802000,1779818399999,90615285.33579080,288068,533.17945000,40569292.78621830,0
2026-05-26 18:00:00,75935.09,76273.66,75779.3,75840.55,846.30902000,1779821999999,64334857.97937010,180058,327.20152000,24872544.44972760,0
2026-05-26 19:00:00,75840.55,76104.49,75805.23,76052.0,581.71052000,1779825599999,44176285.10118070,153381,252.37467000,19165794.45640680,0
2026-05-26 20:00:00,76052.0,76180.0,75982.64,76106.86,324.41575000,1779829199999,24683796.15403860,82812,161.05617000,12255089.01790630,0
2026-05-26 21:00:00,76106.86,76117.31,75850.0,75890.0,275.58323000,1779832799999,20936982.38911980,68700,97.47107000,7406199.65234540,0
2026-05-26 22:00:00,75890.0,75998.94,75677.97,75749.02,428.12169000,1779836399999,32450839.02579240,107093,209.51102000,15880463.62975940,0
2026-05-26 23:00:00,75749.02,75986.45,75749.02,75930.01,316.55917000,1779839999999,24029407.43705660,71322,195.35378000,14828289.57213160,0
2026-05-27 00:00:00,75930.01,76089.7,75872.71,76085.01,780.41682000,1779843599999,59286107.30306090,87492,432.78749000,32882691.31674330,0
2026-05-27 01:00:00,76085.0,76104.02,75824.0,75877.44,573.72878000,1779847199999,43553582.94700070,82231,327.26657000,24841016.76449920,0
2026-05-27 02:00:00,75877.44,75890.59,75682.99,75879.0,437.25803000,1779850799999,33143292.30148320,91572,207.21495000,15706558.07434480,0
2026-05-27 03:00:00,75879.01,75966.91,75607.62,75683.0,612.84746000,1779854399999,46454498.02834230,89511,284.19376000,21548108.79441020,0
2026-05-27 04:00:00,75683.0,75706.77,75310.9,75579.01,817.05359000,1779857999999,61705737.46326800,132676,317.46151000,23975048.12630470,0
2026-05-27 05:00:00,75579.01,75739.36,75579.0,75697.99,490.56114000,1779861599999,37117585.13968770,89802,225.07919000,17028423.90278290,0
2026-05-27 06:00:00,75697.99,75900.0,75690.01,75838.65,482.86494000,1779865199999,36588629.30084780,86170,281.36767000,21320591.45772690,0
2026-05-27 07:00:00,75838.65,75980.0,75764.0,75977.17,433.92885000,1779868799999,32931018.01012990,81501,275.71002000,20926389.84669030,0
2026-05-27 08:00:00,75977.16,76071.41,75843.02,75873.24,308.77238000,1779872399999,23454360.46417970,81839,130.78947000,9935125.45777960,0
2026-05-27 09:00:00,75873.25,75978.01,75710.76,75912.6,294.26595000,1779875999999,22321356.48519510,75837,192.33657000,14591254.19108980,0
2026-05-27 10:00:00,75912.61,76043.94,75880.0,75909.82,372.61961000,1779879599999,28294614.26271010,91806,264.72864000,20101662.67137740,0
2026-05-27 11:00:00,75909.82,76029.24,75754.1,75769.18,316.01081000,1779883199999,23985666.65169400,81269,128.07442000,9722516.97612170,0
2026-05-27 12:00:00,75769.18,76174.15,75575.75,75688.0,621.24106000,1779886799999,47106698.37806670,176734,293.69501000,22275989.43149430,0
2026-05-27 13:00:00,75688.01,75760.0,74866.18,75073.4,2200.23684000,1779890399999,165248012.51263860,384667,790.71442000,59388569.72907610,0
2026-05-27 14:00:00,75073.4,75274.11,74758.33,75031.92,1567.20208000,1779893999999,117556878.20892950,283717,620.68417000,46567274.58827430,0
2026-05-27 15:00:00,75031.92,75502.29,74983.77,75326.01,797.52340000,1779897599999,60013079.97239120,196665,450.28994000,33886924.83485530,0
2026-05-27 16:00:00,75326.02,75408.01,75000.0,75304.01,632.49097000,1779901199999,47539855.07239980,169946,319.82269000,24034574.85581050,0
2026-05-27 17:00:00,75304.01,75344.01,74685.58,74860.42,1103.99219000,1779904799999,82780559.06751290,213261,376.21527000,28212120.49393990,0
2026-05-27 18:00:00,74860.42,75032.01,74663.45,75026.67,549.25309000,1779908399999,41133341.33150580,158217,316.36577000,23695755.09117130,0
2026-05-27 19:00:00,75026.67,75105.17,74952.36,75066.08,879.80197000,1779911999999,66015341.90025930,119564,446.31920000,33492419.63870260,0
2026-05-27 20:00:00,75066.09,75415.81,75056.25,75274.58,389.41476000,1779915599999,29311153.52560390,85203,229.07597000,17243485.65261210,0
2026-05-27 21:00:00,75274.58,75274.58,74341.76,74473.01,653.21971000,1779919199999,48792566.23736900,196168,252.09266000,18835135.50335070,0
2026-05-27 22:00:00,74473.01,74775.5,74260.91,74418.13,624.64107000,1779922799999,46542669.08580590,179560,305.65186000,22776664.75546990,0
2026-05-27 23:00:00,74418.12,74572.0,74243.99,74449.3,938.42933000,1779926399999,69803659.25874230,131660,522.88070000,38892553.19747130,0
2026-05-28 00:00:00,74449.31,74580.0,74366.89,74570.66,476.29695000,1779929999999,35482620.06706330,149905,276.28362000,20583406.36736410,0
2026-05-28 01:00:00,74570.67,74590.77,74156.0,74344.08,653.98384000,1779933599999,48627823.54487950,240503,363.13131000,27007337.88538630,0
2026-05-28 02:00:00,74344.07,74400.0,74127.57,74287.42,717.91596000,1779937199999,53334871.27500280,160530,456.67229000,33929897.72078700,0
2026-05-28 03:00:00,74287.43,74380.39,73060.59,73258.01,3879.74728000,1779940799999,285009337.88869230,407020,1948.44809000,143045208.42458050,0
2026-05-28 04:00:00,73258.0,73260.01,72728.85,73181.95,1588.42564000,1779944399999,116008172.85397370,239372,749.68505000,54767453.11267340,0
2026-05-28 05:00:00,73181.95,73181.95,72908.67,72990.87,850.50171000,1779947999999,62093990.02235760,132474,459.33964000,33534790.73454580,0
2026-05-28 06:00:00,72990.87,73213.11,72761.11,73202.7,1248.76931000,1779951599999,91163266.92137390,123405,577.62613000,42166617.60424950,0
2026-05-28 07:00:00,73202.71,73512.14,73158.0,73498.0,1111.91354000,1779955199999,81523469.17435150,118348,611.57119000,44843659.42474390,0
2026-05-28 08:00:00,73498.0,73500.0,73193.13,73325.88,567.79073000,1779958799999,41635830.41465940,94211,285.50880000,20936158.44256190,0
2026-05-28 09:00:00,73325.88,73560.0,73261.6,73541.24,547.18862000,1779962399999,40188554.97362590,77791,348.52497000,25600067.24304800,0
2026-05-28 10:00:00,73541.25,73616.0,73349.91,73400.01,495.53335000,1779965999999,36408821.46889150,95978,302.39908000,22215504.06558850,0
2026-05-28 11:00:00,73400.01,73532.01,73319.36,73505.66,383.87102000,1779969599999,28181444.00034670,111564,166.74883000,12242593.03797030,0
2026-05-28 12:00:00,73505.65,73580.75,73245.56,73518.01,454.53291000,1779973199999,33382866.48960550,124740,256.35299000,18829481.90631100,0
2026-05-28 13:00:00,73518.01,73574.6,72771.64,73022.02,1277.58759000,1779976799999,93312474.42234920,249841,666.37698000,48673449.19460550,0
2026-05-28 14:00:00,73022.01,73573.21,72582.82,73033.06,2189.62010000,1779980399999,159826203.32866710,443474,1217.89392000,88919496.34238630,0
2026-05-28 15:00:00,73033.06,73180.01,72700.0,72928.73,710.64433000,1779983999999,51829355.48009550,206962,392.47452000,28626636.57280800,0
2026-05-28 16:00:00,72928.73,73440.67,72741.4,73440.67,821.59668000,1779987599999,60120839.39064480,191923,471.31148000,34481333.44238570,0
2026-05-28 17:00:00,73440.66,73734.72,73316.31,73554.82,737.45631000,1779991199999,54198343.56735950,134207,397.80979000,29239861.84773880,0
2026-05-28 18:00:00,73554.81,73749.69,73514.57,73652.88,517.48323000,1779994799999,38105533.50111000,107540,291.20784000,21443781.17272980,0
2026-05-28 19:00:00,73652.87,73652.88,73381.81,73419.32,447.75042000,1779998399999,32902357.48990020,86751,189.56336000,13929372.11498470,0
2026-05-28 20:00:00,73419.31,73721.45,73241.48,73579.99,441.85746000,1780001999999,32486156.32508770,88448,250.48020000,18414355.65329490,0
2026-05-28 21:00:00,73580.0,73926.22,73560.45,73817.31,386.07817000,1780005599999,28475897.91517010,83825,216.55194000,15971314.11991440,0
2026-05-28 22:00:00,73817.31,73949.22,73448.55,73464.8,445.66881000,1780009199999,32828057.88527200,77340,194.04566000,14292126.38844550,0
2026-05-28 23:00:00,73464.8,73714.9,73464.79,73617.51,321.80630000,1780012799999,23682237.10679490,53561,195.37039000,14376639.23212940,0
2026-05-29 00:00:00,73617.52,73854.77,73617.51,73716.37,592.13944000,1780016399999,43670133.40635630,94346,342.85715000,25286046.94086740,0
2026-05-29 01:00:00,73716.37,73868.33,73463.52,73586.83,543.44041000,1780019999999,40021646.48520560,95772,259.14046000,19088114.87798190,0
2026-05-29 02:00:00,73586.83,73646.68,73189.11,73225.06,716.13416000,1780023599999,52637237.87554710,100736,309.48022000,22754032.27267740,0
2026-05-29 03:00:00,73225.07,73456.63,73225.07,73301.52,271.59006000,1780027199999,19922074.69208320,71567,168.56226000,12363724.76804960,0
2026-05-29 04:00:00,73301.53,73508.97,73210.21,73507.69,462.74907000,1780030799999,33960538.66844180,75976,327.12773000,24010197.72549170,0
2026-05-29 05:00:00,73507.68,73719.39,73500.0,73706.0,814.30980000,1780034399999,59921822.56003430,82360,488.00304000,35911049.33537130,0
2026-05-29 06:00:00,73706.0,73939.19,73641.05,73786.32,283.07172000,1780037999999,20878403.01661900,74046,162.40898000,11978492.63817220,0
2026-05-29 07:00:00,73786.32,73830.01,73373.37,73528.56,1081.67640000,1780041599999,79586103.43301460,105107,548.81986000,40376275.50548260,0
2026-05-29 08:00:00,73528.55,73835.58,73524.0,73653.4,690.03943000,1780045199999,50891009.43048490,82509,480.05835000,35404310.33166360,0
2026-05-29 09:00:00,73653.4,73902.85,73649.58,73744.96,506.90617000,1780048799999,37409568.37873490,63415,313.17133000,23114097.01274530,0
2026-05-29 10:00:00,73744.96,73749.53,73588.13,73634.64,583.75086000,1780052399999,43004831.00566000,62750,396.25097000,29192124.53100270,0
2026-05-29 11:00:00,73634.64,73700.41,73341.85,73487.98,417.09649000,1780055999999,30669946.60858700,79696,234.83801000,17267968.41427570,0
2026-05-29 12:00:00,73487.98,73487.98,73202.0,73295.73,419.42757000,1780059599999,30756042.09486370,94880,215.76060000,15821060.93201370,0
2026-05-29 13:00:00,73295.73,73346.04,72900.46,73135.7,883.40251000,1780063199999,64597124.45586180,189672,418.29268000,30588015.53797560,0
2026-05-29 14:00:00,73135.7,73198.17,72512.49,73096.85,1512.76179000,1780066799999,110198605.66059500,335446,753.35583000,54894524.62428730,0
2026-05-29 15:00:00,73096.84,74200.0,73008.98,73808.26,1809.34020000,1780070399999,133394128.64909680,335006,1098.08922000,80944624.98836820,0
2026-05-29 16:00:00,73808.25,74124.73,73565.73,74056.5,1160.72957000,1780073999999,85794031.93901600,185207,741.02452000,54776664.72884620,0
2026-05-29 17:00:00,74056.49,74514.1,73925.33,73980.94,2917.46541000,1780077599999,216626235.39561290,196435,2042.31248000,151671490.02030830,0
2026-05-29 18:00:00,73980.94,74065.29,73187.25,73374.52,1065.50146000,1780081199999,78456616.42170450,172683,404.63273000,29808042.65218620,0
2026-05-29 19:00:00,73374.51,73727.95,73239.36,73520.28,453.16949000,1780084799999,33296942.84181120,122626,269.96523000,19835876.96787260,0
2026-05-29 20:00:00,73520.29,73760.0,73514.0,73673.61,155.12213000,1780088399999,11427106.10028870,76134,83.54454000,6154361.09391460,0
2026-05-29 21:00:00,73673.62,73844.0,73408.8,73409.27,412.83689000,1780091999999,30393613.24073760,92336,195.73494000,14413114.31550120,0
2026-05-29 22:00:00,73409.27,73571.81,73379.79,73483.52,662.84770000,1780095599999,48682037.68624030,56671,286.21434000,21018546.05787860,0
2026-05-29 23:00:00,73483.51,73510.0,73320.0,73460.78,271.23268000,1780099199999,19910692.85982980,51942,128.72665000,9449133.61710310,0
2026-05-30 00:00:00,73460.78,73579.82,73408.62,73498.8,545.20652000,1780102799999,40080939.15849040,53939,277.09721000,20371276.79126890,0
2026-05-30 01:00:00,73498.8,73663.08,73472.8,73657.9,386.87772000,1780106399999,28472784.19126100,54707,227.37877000,16731551.22359850,0
2026-05-30 02:00:00,73657.9,73786.7,73613.85,73786.69,268.52358000,1780109999999,19791058.24186780,39971,153.73767000,11331309.70643660,0
2026-05-30 03:00:00,73786.7,73796.43,73524.01,73524.01,339.03494000,1780113599999,24978981.35748080,45929,137.51694000,10134583.24688160,0
2026-05-30 04:00:00,73524.01,73575.0,73216.0,73402.84,466.81865000,1780117199999,34238688.76238000,94475,157.58190000,11560760.01280440,0
2026-05-30 05:00:00,73402.85,73635.0,73346.85,73604.99,464.14797000,1780120799999,34135520.42525910,63465,341.92876000,25148052.64310880,0
2026-05-30 06:00:00,73604.99,73709.91,73530.0,73584.99,331.33867000,1780124399999,24388814.01993940,52807,218.06365000,16051706.51044410,0
2026-05-30 07:00:00,73584.99,73588.2,73486.0,73548.6,225.56478000,1780127999999,16589074.91860800,34343,113.96609000,8381756.29147000,0
2026-05-30 08:00:00,73548.6,73567.59,73500.02,73530.07,274.14087000,1780131599999,20157080.88719080,24108,148.05247000,10885896.32432230,0
2026-05-30 09:00:00,73530.07,73615.47,73503.07,73615.46,201.26346000,1780135199999,14803606.22868030,27005,118.26441000,8698338.47845540,0
2026-05-30 10:00:00,73615.46,73680.75,73592.57,73655.85,283.97060000,1780138799999,20911314.96761120,40401,144.07687000,10609564.85225730,0
2026-05-30 11:00:00,73655.85,73655.86,73564.62,73602.02,317.10370000,1780142399999,23340005.41741200,30422,170.48162000,12547656.30868190,0
2026-05-30 12:00:00,73602.01,73717.07,73594.4,73698.18,369.23500000,1780145999999,27198613.89235900,34417,223.10501000,16433837.05120560,0
2026-05-30 13:00:00,73698.17,73837.06,73676.1,73829.31,249.39427000,1780149599999,18395240.44206530,45263,155.90350000,11499318.76382020,0
2026-05-30 14:00:00,73829.31,74100.0,73820.91,73929.11,565.07041000,1780153199999,41803345.96297810,98831,346.46085000,25628235.44448070,0
2026-05-30 15:00:00,73929.11,74042.88,73836.7,73930.14,301.39896000,1780156799999,22279013.78849010,59078,156.16439000,11543657.60469140,0
2026-05-30 16:00:00,73930.13,73985.84,73880.1,73934.99,193.46997000,1780160399999,14304758.72946270,48001,116.08057000,8582965.30016580,0
2026-05-30 17:00:00,73935.0,74047.26,73811.3,74020.07,308.74992000,1780163999999,22834704.45904120,53446,195.35323000,14450900.30429320,0
2026-05-30 18:00:00,74020.06,74143.76,73945.0,74043.38,188.56655000,1780167599999,13961944.37153200,44503,109.18539000,8085186.28561250,0
2026-05-30 19:00:00,74043.39,74072.0,73971.3,74016.65,145.42131000,1780171199999,10765230.89886950,36656,71.73648000,5310440.03939750,0
2026-05-30 20:00:00,74016.64,74016.65,73926.68,73979.84,104.99480000,1780174799999,7765434.53063130,24779,52.24251000,3863923.67221480,0
2026-05-30 21:00:00,73979.85,74054.0,73929.07,73981.99,224.47070000,1780178399999,16607182.02636930,33777,99.42236000,7355452.04777250,0
2026-05-30 22:00:00,73981.99,73982.0,73796.01,73883.3,391.66756000,1780181999999,28938229.94558150,45614,192.63787000,14230731.01755580,0
2026-05-30 23:00:00,73883.3,73995.98,73781.3,73884.38,368.97818000,1780185599999,27247818.48795990,38469,191.67235000,14154973.34636650,0
2026-05-31 00:00:00,73884.38,74041.72,73858.56,74038.2,241.35407000,1780189199999,17845467.77322370,45440,127.12431000,9400414.28064280,0
2026-05-31 01:00:00,74038.2,74275.66,74028.64,74058.01,363.47802000,1780192799999,26952225.66763680,65240,203.90516000,15119636.72179220,0
2026-05-31 02:00:00,74058.01,74243.94,73890.49,74090.84,304.85670000,1780196399999,22571739.05017620,84535,170.76510000,12644171.15649110,0
2026-05-31 03:00:00,74090.84,74226.78,74074.05,74150.64,189.87382000,1780199999999,14081126.10154630,49318,92.66718000,6872456.22008770,0
2026-05-31 04:00:00,74150.64,74221.33,74109.0,74178.4,194.38913000,1780203599999,14417125.68852440,39128,93.82362000,6958922.69482590,0
2026-05-31 05:00:00,74178.41,74207.2,74055.16,74055.98,231.70947000,1780207199999,17177475.83229820,34708,110.27204000,8174545.24400220,0
2026-05-31 06:00:00,74055.99,74109.39,73985.34,74054.87,141.21825000,1780210799999,10455281.40727230,29223,54.68498000,4049096.29515650,0
2026-05-31 07:00:00,74054.86,74054.87,73836.0,73871.24,302.07421000,1780214399999,22325378.57311050,46646,121.37874000,8970926.07338480,0
2026-05-31 08:00:00,73871.25,73980.0,73850.05,73937.61,348.32905000,1780217999999,25745592.85384530,47904,147.50107000,10902119.72784960,0
2026-05-31 09:00:00,73937.62,74024.0,73813.44,73841.79,323.04158000,1780221599999,23881941.23401250,47207,112.03225000,8284574.17471610,0
2026-05-31 10:00:00,73841.79,73900.0,73699.2,73900.0,400.29833000,1780225199999,29542952.10420100,48223,171.11557000,12632172.97073050,0
2026-05-31 11:00:00,73900.0,73972.0,73899.99,73937.79,178.92390000,1780228799999,13228478.19885270,30621,87.30586000,6454869.10791390,0
2026-05-31 12:00:00,73937.63,73995.88,73874.0,73920.0,222.22652000,1780232399999,16429107.80313390,39129,99.25140000,7338244.67899830,0
2026-05-31 13:00:00,73920.0,74023.99,73807.43,73872.8,178.44734000,1780235999999,13190095.93026550,38610,68.32553000,5050748.70126080,0
2026-05-31 14:00:00,73872.8,73872.8,73483.05,73602.17,681.72491000,1780239599999,50218468.77098450,127619,302.52344000,22284681.96294520,0
2026-05-31 15:00:00,73602.18,73775.79,73588.8,73655.21,266.93299000,1780243199999,19665463.33124550,48254,115.64171000,8521096.14660620,0
2026-05-31 16:00:00,73655.2,73730.0,73400.0,73526.14,319.75425000,1780246799999,23516463.12960310,77953,120.37092000,8854197.37766360,0
2026-05-31 17:00:00,73526.15,73734.0,73466.67,73709.44,195.46974000,1780250399999,14391326.28833690,38175,121.06938000,8915331.19800790,0
2026-05-31 18:00:00,73709.43,73713.34,73585.49,73603.69,214.37074000,1780253999999,15787385.32029770,39736,110.48708000,8137137.55717140,0
2026-05-31 19:00:00,73603.68,73649.93,73456.48,73563.42,255.80848000,1780257599999,18814203.65808300,44699,152.82907000,11241365.16072970,0
2026-05-31 20:00:00,73563.41,73760.0,73563.41,73739.66,381.56410000,1780261199999,28106017.25940460,46998,247.93090000,18261167.05486420,0
2026-05-31 21:00:00,73739.67,73924.0,73626.67,73892.52,391.01047000,1780264799999,28838999.41473790,82920,232.88775000,17174763.87024570,0
2026-05-31 22:00:00,73892.52,73997.56,73686.0,73944.62,284.29172000,1780268399999,21010656.59729940,100294,164.47721000,12156684.54058930,0
2026-05-31 23:00:00,73944.62,74198.0,73500.0,73674.39,375.30928000,1780271999999,27714560.60110530,110857,179.10216000,13230429.16983380,0
2026-06-01 00:00:00,73674.39,74092.0,73654.06,73885.0,366.48970000,1780275599999,27071405.35227590,136828,214.40608000,15836590.18297040,0
2026-06-01 01:00:00,73885.01,73916.01,73278.02,73292.92,464.54265000,1780279199999,34171272.17484200,141536,157.38626000,11578398.44660200,0
2026-06-01 02:00:00,73292.92,73892.52,73222.0,73790.0,506.50025000,1780282799999,37247035.06121000,128800,288.42765000,21202943.49489740,0
2026-06-01 03:00:00,73789.99,74019.58,73735.47,73769.06,460.44243000,1780286399999,34013358.41612110,110103,197.93430000,14621368.65538960,0
2026-06-01 04:00:00,73769.06,73841.37,73348.74,73536.01,335.64727000,1780289999999,24690326.86705070,97271,183.06877000,13468323.45911250,0
2026-06-01 05:00:00,73536.01,73541.48,73328.32,73350.0,404.19791000,1780293599999,29687644.70437460,70898,203.39291000,14939459.03639640,0
2026-06-01 06:00:00,73349.99,73368.0,72950.01,73135.74,740.28999000,1780297199999,54162702.51914770,165991,256.74292000,18784373.00909350,0
2026-06-01 07:00:00,73135.75,73203.85,72704.0,72818.0,833.64063000,1780300799999,60811124.28854910,185784,357.33604000,26064699.49744730,0
2026-06-01 08:00:00,72818.0,72921.38,72610.03,72902.65,751.49608000,1780304399999,54688632.58659950,130363,344.44381000,25070606.18378820,0
2026-06-01 09:00:00,72902.64,73095.64,72600.0,72880.0,2061.21620000,1780307999999,150219144.87784000,131001,568.33871000,41445474.93679610,0
2026-06-01 10:00:00,72880.0,72900.73,72592.27,72748.88,482.48740000,1780311599999,35096971.42490710,105176,242.21395000,17619537.25163890,0
2026-06-01 11:00:00,72748.88,72768.11,72290.0,72479.99,769.61036000,1780315199999,55818087.22927770,128431,319.91563000,23210200.84722770,0
2026-06-01 12:00:00,72480.0,72610.0,71902.98,72221.73,1854.73885000,1780318799999,133847701.44136090,294052,934.63593000,67449689.12084170,0
2026-06-01 13:00:00,72221.74,72243.52,71389.88,71711.89,3036.53496000,1780322399999,217980751.36904810,500251,1396.24723000,100246993.42372580,0
2026-06-01 14:00:00,71711.89,71887.6,71363.43,71567.91,2060.71568000,1780325999999,147531675.07949090,391587,963.25080000,68967181.17047920,0
2026-06-01 15:00:00,71567.91,71677.55,71066.33,71129.62,1656.46415000,1780329599999,118107380.72059080,322554,881.77925000,62873475.64664290,0
2026-06-01 16:00:00,71129.62,71599.95,70686.68,71564.01,2820.57409000,1780333199999,200594260.01164990,291004,1635.38276000,116328622.94578940,0
2026-06-01 17:00:00,71564.01,71800.73,71469.64,71646.01,999.45739000,1780336799999,71588619.30027680,177311,659.28045000,47224256.80087860,0
2026-06-01 18:00:00,71646.0,71687.28,71382.0,71498.64,667.35668000,1780340399999,47725748.60081270,128380,390.78262000,27945680.18363690,0
2026-06-01 19:00:00,71498.64,71666.0,71386.0,71595.24,432.84579000,1780343999999,30960422.96155000,118336,244.31077000,17476085.87817470,0
2026-06-01 20:00:00,71595.24,71690.0,71419.64,71446.0,273.27230000,1780347599999,19561039.04806280,76533,127.60007000,9135318.30760890,0
2026-06-01 21:00:00,71445.99,71449.98,70941.95,71038.01,573.85796000,1780351199999,40832830.04478170,135860,211.62443000,15058629.52240800,0
2026-06-01 22:00:00,71038.01,71460.0,70840.9,71408.0,770.63523000,1780354799999,54832683.62373530,146370,505.42707000,35963361.33802970,0
2026-06-01 23:00:00,71407.99,71583.29,71225.29,71408.9,598.07789000,1780358399999,42717520.97932230,123353,316.37555000,22597902.77723160,0
2026-06-02 00:00:00,71408.9,71408.9,71100.0,71289.23,677.70318000,1780361999999,48290521.58829080,138047,312.27163000,22250693.48399660,0
2026-06-02 01:00:00,71289.24,71372.0,70607.57,70652.47,1034.85247000,1780365599999,73544439.10923310,181337,372.05887000,26455583.42533500,0
2026-06-02 02:00:00,70652.47,70880.63,70111.0,70846.49,1320.14440000,1780369199999,93038742.00402090,293161,607.81142000,42854153.34285590,0
2026-06-02 03:00:00,70846.48,71041.04,70806.0,70953.69,492.94753000,1780372799999,34976376.54796780,128447,267.17387000,18957336.44440730,0
2026-06-02 04:00:00,70953.7,71048.0,70713.54,70810.0,489.36754000,1780376399999,34699502.54250130,128104,225.20556000,15971193.89748940,0
2026-06-02 05:00:00,70810.0,70847.66,70267.79,70268.96,832.11781000,1780379999999,58700936.70629790,190479,337.33120000,23804830.04505530,0
2026-06-02 06:00:00,70268.97,70442.0,69958.49,70106.31,1507.14949000,1780383599999,105777563.27293690,207385,716.09584000,50286020.71074320,0
2026-06-02 07:00:00,70106.31,70275.86,69733.0,70118.42,1388.79813000,1780387199999,97246150.71671100,228069,720.27097000,50456307.23734010,0
2026-06-02 08:00:00,70118.42,70172.0,69705.3,69821.99,944.64990000,1780390799999,66060436.69948100,183520,358.86020000,25103470.92422170,0
2026-06-02 09:00:00,69822.0,69849.0,69324.65,69426.01,1499.21853000,1780394399999,104249429.91323710,238137,652.61985000,45377344.99852230,0
2026-06-02 10:00:00,69426.01,69756.0,69336.98,69652.19,904.86792000,1780397999999,62935960.00194360,171383,529.40233000,36822998.40623330,0
2026-06-02 11:00:00,69652.18,69659.47,69397.83,69461.72,417.59402000,1780401599999,29029398.11447730,117474,209.83734000,14586545.99909940,0
2026-06-02 12:00:00,69461.73,69548.13,68989.61,69010.42,1382.26152000,1780405199999,95697775.62945730,228331,567.21275000,39270606.06165550,0
2026-06-02 13:00:00,69010.41,69180.0,68757.03,68811.91,1762.82906000,1780408799999,121564899.03849910,335259,892.24812000,61537536.71079470,0
2026-06-02 14:00:00,68809.93,68836.0,67617.85,68019.3,3845.79627000,1780412399999,262216636.17359630,566846,1780.21368000,121397635.91824840,0
2026-06-02 15:00:00,68019.3,68094.6,67076.0,67304.28,2543.79469000,1780415999999,171706105.63756620,466661,1130.70487000,76313147.89105980,0
2026-06-02 16:00:00,67304.29,68146.3,67228.45,67413.44,1789.92962000,1780419599999,121267557.32085520,349789,905.81839000,61388383.66926490,0
2026-06-02 17:00:00,67413.44,67837.53,67378.0,67492.34,905.89150000,1780423199999,61194529.83828170,241358,543.91020000,36739790.31755730,0
2026-06-02 18:00:00,67492.34,67661.7,67124.2,67341.99,926.14597000,1780426799999,62413180.66343920,217090,466.20243000,31422201.18400350,0
2026-06-02 19:00:00,67341.99,67498.0,66432.0,67315.14,2333.17121000,1780430399999,156173990.08890560,336468,1008.48076000,67585495.02425020,0
2026-06-02 20:00:00,67315.14,67689.65,66911.2,67587.77,1637.61606000,1780433999999,110197139.94067860,300495,1024.84275000,68972793.96362020,0
2026-06-02 21:00:00,67587.78,67923.24,67412.0,67566.01,765.53933000,1780437599999,51820125.86196510,206967,351.19712000,23775320.07663210,0
2026-06-02 22:00:00,67566.01,67566.01,66244.02,66385.2,1856.41667000,1780441199999,124178434.00582420,413780,846.48509000,56620163.60643680,0
2026-06-02 23:00:00,66385.2,66868.62,66193.0,66760.83,1599.39304000,1780444799999,106368746.56696080,382090,849.23626000,56492928.50690960,0
2026-06-03 00:00:00,66760.84,67204.15,66654.0,66938.01,1238.50805000,1780448399999,82902530.97143820,290155,647.17649000,43326980.40054540,0
2026-06-03 01:00:00,66938.01,67050.0,66472.65,66920.0,973.29949000,1780451999999,64973245.61210010,217198,545.84661000,36423347.78214400,0
2026-06-03 02:00:00,66920.0,66920.01,66586.17,66620.01,773.38787000,1780455599999,51659618.77823720,173133,409.77353000,27380976.78669160,0
2026-06-03 03:00:00,66620.0,66653.67,65426.34,65849.9,2891.72624000,1780459199999,190738588.55879710,395531,1062.50301000,70110405.58298150,0
2026-06-03 04:00:00,65849.9,66623.44,65834.0,66465.98,1263.85794000,1780462799999,83884380.68260570,267896,754.42951000,50065381.25136200,0
2026-06-03 05:00:00,66465.99,67398.28,66465.99,67330.01,1773.95829000,1780466399999,118941770.99273100,323804,1035.96972000,69446637.32833030,0
2026-06-03 06:00:00,67330.0,67516.0,66962.95,66983.27,1658.04956000,1780469999999,111530428.28841410,237693,796.47083000,53582770.01788170,0
2026-06-03 07:00:00,66983.27,67334.4,66872.01,67220.03,1003.46306000,1780473599999,67424615.64090380,165029,677.82512000,45546833.43239600,0
2026-06-03 08:00:00,67220.03,67264.34,66974.0,67028.0,1273.47385000,1780477199999,85463961.18035120,199455,743.31210000,49888405.77326790,0
2026-06-03 09:00:00,67028.01,67322.0,66656.48,67075.17,1438.06157000,1780480799999,96299912.37154190,225394,735.93365000,49279710.57818610,0
2026-06-03 10:00:00,67075.18,67476.69,67068.51,67294.52,639.46259000,1780484399999,43025500.98629620,192758,339.92138000,22872036.67926820,0
2026-06-03 11:00:00,67294.51,67366.82,67056.58,67067.37,489.69833000,1780487999999,32917335.45347640,119472,239.77905000,16119224.36564740,0
2026-06-03 12:00:00,67067.37,67163.82,66782.65,67078.72,856.74966000,1780491599999,57392812.79122550,221072,457.41773000,30643752.20497250,0
2026-06-03 13:00:00,67078.72,67244.62,66635.0,66906.01,1223.17247000,1780495199999,81864754.81043160,405468,561.81410000,37613016.39557070,0
2026-06-03 14:00:00,66906.0,66990.66,66643.96,66864.95,936.44379000,1780498799999,62556173.71992790,369189,442.26451000,29547629.46965090,0
2026-06-03 15:00:00,66864.95,66898.0,66076.0,66076.01,1521.34921000,1780502399999,101047974.75278950,394917,723.10751000,48030833.54625960,0
2026-06-03 16:00:00,66076.01,66373.18,65555.0,66061.83,1633.14277000,1780505999999,107644105.40826090,414723,776.94128000,51220543.02147030,0
2026-06-03 17:00:00,66061.83,66189.8,65704.8,65964.08,810.29365000,1780509599999,53425313.12571780,262687,363.06006000,23936764.29124720,0
2026-06-03 18:00:00,65964.08,66161.24,65744.01,66036.57,600.59221000,1780513199999,39617185.24372140,194078,289.17756000,19079352.05991910,0
2026-06-03 19:00:00,66036.56,66054.0,65251.0,65462.0,1198.70968000,1780516799999,78715853.56029460,238378,494.76260000,32514786.71231330,0
2026-06-03 20:00:00,65461.99,65614.74,64766.0,65007.27,1892.05101000,1780520399999,123226597.73116170,321737,578.18396000,37679326.44323330,0
2026-06-03 21:00:00,65007.27,65860.0,64960.87,65768.88,1254.10382000,1780523999999,82204737.19101110,290913,727.18782000,47676161.24717490,0
2026-06-03 22:00:00,65768.89,65841.23,64778.15,64912.98,974.52056000,1780527599999,63543702.27033440,383759,418.19109000,27266581.40966410,0
2026-06-03 23:00:00,64912.97,64979.99,64092.49,64142.75,1820.23083000,1780531199999,117348881.77117450,371919,746.24650000,48116140.76718820,0
2026-06-04 00:00:00,64142.75,64428.0,63000.0,63344.97,3512.79677000,1780534799999,223539486.90795940,657007,1365.37559000,86900502.78372740,0
2026-06-04 01:00:00,63344.98,63500.0,62100.01,62178.1,4759.04130000,1780538399999,298672788.99917390,774415,1912.70203000,120109494.65531110,0
2026-06-04 02:00:00,62178.1,63622.7,61383.56,63231.99,6283.29826000,1780541999999,393116900.09913970,644675,2506.31700000,156881008.54772690,0
2026-06-04 03:00:00,63232.0,64540.3,63218.48,64363.49,2402.09774000,1780545599999,153935920.35311260,334828,1332.30721000,85360342.12499680,0
2026-06-04 04:00:00,64363.49,64764.32,64265.73,64399.99,1421.62502000,1780549199999,91700026.17797370,245338,650.48720000,41963718.10993640,0
2026-06-04 05:00:00,64399.99,64400.0,63648.01,63955.47,1272.84935000,1780552799999,81463803.94398600,308518,536.90938000,34365486.10080520,0
2026-06-04 06:00:00,63955.48,64481.22,63892.0,64027.99,802.33437000,1780556399999,51526089.21219480,220866,392.49172000,25212099.77484480,0
2026-06-04 07:00:00,64027.99,64062.81,63492.89,63603.15,1503.87893000,1780559999999,95901942.41149310,261823,811.60247000,51773337.70852240,0
2026-06-04 08:00:00,63603.15,63904.63,63245.9,63629.99,1570.23316000,1780563599999,99743799.45858650,389108,784.43787000,49839756.20873790,0
2026-06-04 09:00:00,63629.99,63644.0,62703.33,63266.0,2329.32820000,1780567199999,146798441.32886540,483870,998.51119000,62919094.55356410,0
2026-06-04 10:00:00,63266.01,63276.0,62301.21,62420.0,3046.35677000,1780570799999,190882975.38080690,469476,1437.67041000,90040552.66211610,0
2026-06-04 11:00:00,62420.01,62833.82,62205.0,62545.99,1649.57305000,1780574399999,103042591.48385420,356501,961.46961000,60073207.58648470,0
2026-06-04 12:00:00,62546.0,63966.48,62392.0,63766.82,1740.31399000,1780577999999,110086882.33796700,474573,957.63903000,60592586.54730120,0
2026-06-04 13:00:00,63766.82,64244.0,63068.41,64230.0,2087.69891000,1780581599999,133110222.12784410,579230,1100.83131000,70222061.37615220,0
2026-06-04 14:00:00,64230.0,64494.92,63785.33,63958.97,1314.77170000,1780585199999,84348964.01491790,452636,575.20709000,36908972.93111910,0
2026-06-04 15:00:00,63958.97,64404.0,63691.7,63896.17,1043.20477000,1780588799999,66779419.71537060,325242,551.46761000,35304580.40018050,0
2026-06-04 16:00:00,63896.16,63920.0,63456.0,63563.51,778.58090000,1780592399999,49600682.16752660,273524,404.54113000,25773740.14783300,0
2026-06-04 17:00:00,63563.51,63722.0,62944.91,63540.97,1048.08269000,1780595999999,66347416.37761400,309779,554.19647000,35099478.33143520,0
2026-06-04 18:00:00,63540.96,64110.28,63149.76,63819.62,1198.01807000,1780599599999,76376267.53093660,316109,652.31916000,41592490.08813910,0
2026-06-04 19:00:00,63819.62,64163.93,63544.0,63629.38,699.04403000,1780603199999,44618234.65949890,255891,326.24893000,20832140.29131960,0
2026-06-04 20:00:00,63629.38,63653.2,63182.84,63638.4,753.64631000,1780606799999,47801676.68911360,219302,287.96904000,18268440.90779290,0
2026-06-04 21:00:00,63638.4,63876.0,63106.04,63286.21,982.36997000,1780610399999,62443470.61121180,220331,352.61124000,22403307.28469560,0
2026-06-04 22:00:00,63286.21,63772.0,63194.0,63735.43,816.54763000,1780613999999,51772911.35604550,310645,404.79047000,25676178.48573140,0
2026-06-04 23:00:00,63735.42,63918.0,63376.0,63885.99,561.48382000,1780617599999,35738820.14419040,174289,314.72188000,20029287.41835600,0
2026-06-05 00:00:00,63885.99,63978.0,63396.57,63426.72,799.55012000,1780621199999,50959950.81590220,262504,409.45563000,26099362.56243320,0
2026-06-05 01:00:00,63426.73,63566.0,63052.0,63374.67,974.10885000,1780624799999,61665732.65057290,309168,429.66515000,27202821.24726410,0
2026-06-05 02:00:00,63374.67,63436.0,62588.77,62617.72,1167.70132000,1780628399999,73459108.15920930,339982,476.47886000,29966616.68092930,0
2026-06-05 03:00:00,62617.72,62888.0,62339.0,62730.0,1221.63780000,1780631999999,76451218.51527580,314333,552.24813000,34578953.24420430,0
2026-06-05 04:00:00,62730.0,63646.0,62487.24,63615.23,1133.49083000,1780635599999,71447182.06205540,311672,631.18575000,39817058.23435160,0
2026-06-05 05:00:00,63615.22,63688.0,62278.0,62329.35,1503.31179000,1780639199999,94791318.91841540,371814,639.65113000,40394726.25776100,0
2026-06-05 06:00:00,62329.36,62634.53,61126.01,61946.57,5277.47749000,1780642799999,326445236.07337460,937737,2221.98790000,137493358.37709840,0
2026-06-05 07:00:00,61946.57,63116.0,61378.38,63115.99,2819.14343000,1780646399999,175692660.01139540,649312,1544.35945000,96319558.99054100,0
2026-06-05 08:00:00,63115.99,63120.98,62288.88,62454.64,1381.33567000,1780649999999,86630721.73657420,301884,722.36505000,45305172.44794760,0
2026-06-05 09:00:00,62454.64,63259.9,62442.0,62860.09,970.25310000,1780653599999,61037380.26106200,314276,525.68255000,33077257.89003230,0
2026-06-05 10:00:00,62860.09,62931.81,62375.0,62536.87,753.84533000,1780657199999,47205164.11119010,226776,353.62080000,22145942.37016830,0
2026-06-05 11:00:00,62536.87,62644.48,61964.98,61964.99,1191.72996000,1780660799999,74237726.04785410,299452,498.60284000,31058367.12847560,0
2026-06-05 12:00:00,61964.99,62457.86,61620.47,61959.73,1931.26312000,1780664399999,119791043.19202030,479356,843.12463000,52310825.19897580,0
2026-06-05 13:00:00,61959.72,62326.0,60732.35,60732.36,3644.72891000,1780667999999,224509227.64249090,643094,1472.08818000,90864574.47268070,0
2026-06-05 14:00:00,60732.36,61227.98,60334.97,60868.97,4753.25938000,1780671599999,288847723.24928670,888916,1978.64111000,120277796.36638350,0
2026-06-05 15:00:00,60868.98,61126.0,60000.0,60438.01,4471.76201000,1780675199999,270181441.86648240,668473,1614.73604000,97714520.16046210,0
2026-06-05 16:00:00,60438.0,61547.24,59786.0,61394.39,5595.70288000,1780678799999,339070326.42463160,860286,2629.03788000,159518899.59388340,0
2026-06-05 17:00:00,61394.38,61508.85,60660.0,60813.99,1735.74281000,1780682399999,105839280.61398770,449980,808.77401000,49308739.71249290,0
2026-06-05 18:00:00,60814.0,60950.0,59141.0,59395.99,3853.37743000,1780685999999,230774891.75864800,650178,1610.93877000,96562253.86384910,0
2026-06-05 19:00:00,59396.0,60459.41,59130.91,60300.24,2562.76919000,1780689599999,152963862.68007270,720293,1233.61478000,73644126.68136050,0
2026-06-05 20:00:00,60300.24,61787.01,59940.01,61620.01,2519.32621000,1780693199999,153695098.68825110,535708,1375.41885000,83922486.21294890,0
2026-06-05 21:00:00,61620.01,62000.0,61444.2,61670.38,1754.60125000,1780696799999,108375209.99554070,345414,890.47586000,55008994.83394740,0
2026-06-05 22:00:00,61670.38,61966.0,61207.82,61584.49,1799.61028000,1780700399999,110905267.43115940,446398,894.50739000,55137421.47353610,0
2026-06-05 23:00:00,61584.49,61776.0,60518.0,61056.47,1211.55891000,1780703999999,74044977.59787510,331850,522.85701000,31952237.46827310,0
2026-06-06 00:00:00,61056.47,61530.05,61045.01,61273.29,769.28059000,1780707599999,47157764.60741380,262884,413.16170000,25328561.36606120,0
2026-06-06 01:00:00,61273.29,61380.0,60954.36,61058.95,701.07746000,1780711199999,42876204.40234130,201383,333.57056000,20398792.27858050,0
2026-06-06 02:00:00,61058.95,61176.0,60678.0,60951.64,778.33004000,1780714799999,47425204.58748680,249099,360.22038000,21952129.72064100,0
2026-06-06 03:00:00,60951.63,60966.86,60520.0,60687.04,696.39105000,1780718399999,42303050.07317680,259886,344.21253000,20912028.08258080,0
2026-06-06 04:00:00,60687.05,60866.0,59500.0,60101.27,2161.93035000,1780721999999,129778892.47126420,559699,941.84277000,56525579.32245730,0
2026-06-06 05:00:00,60101.28,61062.0,59621.22,60942.38,2141.23088000,1780725599999,129571417.79387750,489862,1272.48955000,77021257.77476920,0
2026-06-06 06:00:00,60942.37,61276.95,60681.0,60786.96,2095.10137000,1780729199999,127888304.30455680,355492,675.36328000,41229186.84567630,0
2026-06-06 07:00:00,60786.96,61229.17,60733.14,61004.95,664.31126000,1780732799999,40517501.26289790,162044,349.88929000,21342144.18302020,0
2026-06-06 08:00:00,61004.95,61500.0,60884.0,61264.0,724.69988000,1780736399999,44393604.96271660,195050,426.94840000,26157292.12887320,0
2026-06-06 09:00:00,61264.0,61322.0,60875.55,60981.24,580.05282000,1780739999999,35469763.88744550,186268,249.27770000,15244758.83580910,0
2026-06-06 10:00:00,60981.24,60981.24,60198.0,60593.0,1404.76206000,1780743599999,85037480.63702630,282578,538.03433000,32554485.37768990,0
2026-06-06 11:00:00,60593.0,60968.0,60552.95,60802.91,764.04290000,1780747199999,46432391.54154900,153771,433.42074000,26342079.76043840,0
2026-06-06 12:00:00,60802.9,61185.26,60641.2,61030.63,669.86406000,1780750799999,40816040.70617990,182548,344.99195000,21025251.62454460,0
2026-06-06 13:00:00,61030.63,61100.0,60701.41,60801.2,565.41708000,1780754399999,34418355.05503830,164634,282.92573000,17224058.58219800,0
2026-06-06 14:00:00,60801.2,61016.0,60768.0,60791.05,409.85585000,1780757999999,24967186.05391720,161753,228.29059000,13908073.46292480,0
2026-06-06 15:00:00,60791.06,60929.2,60396.0,60784.0,646.35820000,1780761599999,39215430.45731350,208625,318.63928000,19336486.37879530,0
2026-06-06 16:00:00,60784.01,60971.24,60466.56,60774.0,524.00441000,1780765199999,31822003.09244980,156734,260.51031000,15823347.90255190,0
2026-06-06 17:00:00,60774.0,60844.0,60501.0,60576.2,599.85374000,1780768799999,36390952.70586900,131616,293.30339000,17800883.06329460,0
2026-06-06 18:00:00,60576.19,60754.74,60393.96,60637.21,975.00187000,1780772399999,59028921.94874500,152989,334.49018000,20259397.17989990,0
2026-06-06 19:00:00,60637.2,60786.0,60536.0,60600.01,348.13504000,1780775999999,21117755.82947920,93283,191.15090000,11595650.00169020,0
2026-06-06 20:00:00,60600.0,60756.0,60522.0,60711.69,328.01265000,1780779599999,19892131.61025740,93344,174.10774000,10558323.95502310,0
2026-06-06 21:00:00,60711.69,61000.0,60707.93,60751.21,311.33205000,1780783199999,18946663.73019660,81069,170.23082000,10359467.17323410,0
2026-06-06 22:00:00,60751.22,60818.0,60429.09,60543.53,374.15284000,1780786799999,22678856.74108320,129075,161.66544000,9800128.81603090,0
2026-06-06 23:00:00,60543.52,60942.75,60543.52,60884.62,562.39032000,1780790399999,34180080.00595190,87188,374.82165000,22781822.07431140,0
2026-06-07 00:00:00,60884.62,60987.99,60746.0,60782.01,680.45460000,1780793999999,41398475.68949410,116879,291.52737000,17733843.86762350,0
2026-06-07 01:00:00,60782.0,61664.13,60758.0,61479.75,1285.56920000,1780797599999,78921951.65595300,273041,759.48380000,46612346.41731770,0
2026-06-07 02:00:00,61479.75,61568.0,61184.0,61506.74,523.36778000,1780801199999,32126534.23758310,166180,270.66217000,16619103.52836200,0
2026-06-07 03:00:00,61506.73,61778.33,61416.1,61701.07,469.79753000,1780804799999,28938754.62001760,153448,252.96630000,15583272.37965300,0
2026-06-07 04:00:00,61701.06,61907.07,61482.46,61890.92,486.27163000,1780808399999,30005048.55955700,139984,262.21454000,16182343.23185910,0
2026-06-07 05:00:00,61890.92,62159.0,61647.0,61748.1,1139.66042000,1780811999999,70486387.65680810,212941,553.83096000,34256500.75532240,0
2026-06-07 06:00:00,61748.11,62272.0,61619.4,62101.0,1749.12210000,1780815599999,108477634.80722260,241732,760.26211000,47131570.45800610,0
2026-06-07 07:00:00,62101.01,62416.26,61983.46,62404.73,1528.14980000,1780819199999,95053999.14580060,145369,876.45284000,54515463.32209130,0
2026-06-07 08:00:00,62404.72,62960.0,62259.37,62855.01,2005.84536000,1780822799999,125515982.74081500,239847,1362.85685000,85258401.17061490,0
2026-06-07 09:00:00,62855.0,62900.0,62374.63,62530.0,1248.75300000,1780826399999,78244437.25224110,183125,629.18438000,39440216.64342600,0
2026-06-07 10:00:00,62530.0,62570.31,62298.39,62370.52,674.16526000,1780829999999,42079981.75609120,161858,329.82054000,20586642.53760300,0
2026-06-07 11:00:00,62370.53,62754.45,62359.44,62621.96,794.29873000,1780833599999,49719903.32954360,140528,350.54439000,21931503.04992940,0
2026-06-07 12:00:00,62621.97,62643.97,61577.12,61900.67,1957.06740000,1780837199999,121327041.84962930,369382,714.25220000,44267042.97132280,0
2026-06-07 13:00:00,61900.66,61907.64,61649.12,61700.13,1146.18923000,1780840799999,70781943.08631060,191481,427.15167000,26378886.44609660,0
2026-06-07 14:00:00,61700.14,62312.67,61696.98,61905.49,923.54392000,1780844399999,57242663.23765730,209392,416.47785000,25815601.58863150,0
2026-06-07 15:00:00,61905.49,62219.92,61674.51,62093.99,527.33835000,1780847999999,32663590.98650870,177488,296.69553000,18380722.67433030,0
2026-06-07 16:00:00,62093.99,62332.0,61966.0,62083.64,482.96030000,1780851599999,30014811.55165670,165862,242.30617000,15064238.84479390,0
2026-06-07 17:00:00,62083.64,62330.0,62046.62,62160.01,573.97699000,1780855199999,35729596.44383000,138264,249.37115000,15522068.96770580,0
2026-06-07 18:00:00,62160.01,62296.0,62022.0,62030.14,373.61361000,1780858799999,23232241.91889260,84383,105.73879000,6574940.25764150,0
2026-06-07 19:00:00,62030.15,62036.78,61184.0,61328.0,1046.65633000,1780862399999,64344720.42819120,239211,441.33055000,27124097.12318590,0
2026-06-07 20:00:00,61327.99,61962.47,61217.17,61878.01,569.10903000,1780865999999,35058253.40456120,145351,257.05025000,15851227.59815530,0
2026-06-07 21:00:00,61878.0,62017.71,61652.01,61778.41,374.19369000,1780869599999,23121476.28770540,116992,188.98632000,11678292.81432290,0
2026-06-07 22:00:00,61778.42,64234.68,61728.11,62865.87,4892.75492000,1780873199999,308953779.24991600,514549,3375.27829000,213110973.78560700,0
2026-06-07 23:00:00,62865.87,63444.11,62803.42,63332.01,1159.24525000,1780876799999,73211562.91772200,225174,741.86565000,46871417.14287350,0
2026-06-08 00:00:00,63332.01,63863.06,63138.37,63631.42,1255.61981000,1780880399999,79789265.46824410,290444,759.00472000,48262465.01370340,0
2026-06-08 01:00:00,63631.43,63643.99,62720.86,63211.41,1129.10442000,1780883999999,71231509.04406870,337355,499.69636000,31530783.46821670,0
2026-06-08 02:00:00,63211.41,63260.0,62918.0,63129.93,502.88284000,1780887599999,31716610.86737220,178720,244.58529000,15426923.35974340,0
2026-06-08 03:00:00,63129.94,63458.0,62978.36,63130.12,427.85473000,1780891199999,27038633.75963400,144708,206.98744000,13082434.73741120,0
2026-06-08 04:00:00,63130.12,63171.1,62657.07,62684.61,553.63898000,1780894799999,34807091.32065330,168596,215.72755000,13564721.00208720,0
2026-06-08 05:00:00,62684.61,62825.27,62408.0,62764.0,674.10723000,1780898399999,42212859.32664010,205058,329.96929000,20666660.27452520,0
2026-06-08 06:00:00,62763.99,63144.0,62734.0,62988.03,629.53051000,1780901999999,39651240.87756100,179806,314.70554000,19819743.97566290,0
2026-06-08 07:00:00,62988.58,63350.0,62812.0,63283.99,976.90780000,1780905599999,61684537.63033220,193066,486.11500000,30710324.08455080,0
2026-06-08 08:00:00,63284.0,63284.0,62992.01,63132.83,490.75057000,1780909199999,30981265.20672740,161200,234.43168000,14799971.36619730,0
2026-06-08 09:00:00,63132.84,63577.86,63128.47,63502.0,706.93226000,1780912799999,44805736.13642690,177936,340.83879000,21607143.63247520,0
2026-06-08 10:00:00,63501.99,63568.19,63096.88,63172.3,982.67290000,1780916399999,62183375.73229610,155339,470.34676000,29776624.44587870,0
2026-06-08 11:00:00,63172.3,63873.08,63058.0,63479.61,1572.11873000,1780919999999,99898294.13578590,235680,884.78118000,56229038.60582800,0
2026-06-08 12:00:00,63479.62,63933.18,62718.3,63872.0,2589.09295000,1780923599999,163972599.76269110,363466,1224.27536000,77611857.24801990,0
2026-06-08 13:00:00,63872.0,63943.56,63362.1,63758.0,1304.57724000,1780927199999,83076885.84225980,350706,619.28824000,39439122.66279120,0
2026-06-08 14:00:00,63758.0,64077.57,63560.68,63964.08,1937.84618000,1780930799999,123755240.61848230,310171,946.82105000,60491759.79457530,0
2026-06-08 15:00:00,63964.07,64200.0,63711.0,63774.48,2295.29096000,1780934399999,146907022.14517960,292588,1157.15367000,74099244.38361210,0
2026-06-08 16:00:00,63774.48,64046.86,63472.0,63532.01,873.93622000,1780937999999,55729307.94013650,175875,387.66477000,24725834.05149090,0
2026-06-08 17:00:00,63532.01,63646.0,63268.01,63550.0,1044.76064000,1780941599999,66243142.63506130,185947,575.91353000,36516082.55723920,0
2026-06-08 18:00:00,63549.99,63690.0,63339.98,63466.83,414.77155000,1780945199999,26350288.68937330,132101,204.74532000,13009510.68189020,0
2026-06-08 19:00:00,63466.83,63596.0,63356.0,63372.01,379.67287000,1780948799999,24098909.06998790,129151,191.12184000,12130837.89019400,0
2026-06-08 20:00:00,63372.01,63485.49,63160.31,63485.49,793.95609000,1780952399999,50242774.07929680,108790,278.99432000,17662938.36418520,0
2026-06-08 21:00:00,63485.49,63850.0,63483.41,63728.96,413.19539000,1780955999999,26325604.47749750,111960,206.17534000,13132410.62099110,0
2026-06-08 22:00:00,63728.96,63728.96,63210.0,63440.01,571.04903000,1780959599999,36194432.83211430,141899,235.27762000,14909599.26054650,0
2026-06-08 23:00:00,63440.0,63594.0,62978.66,63085.99,533.11634000,1780963199999,33666659.15339800,157002,213.37540000,13478470.58356680,0
2026-06-09 00:00:00,63086.0,63184.0,62423.07,62562.0,1868.43384000,1780966799999,117156447.49665340,276045,833.11767000,52218801.46303740,0
2026-06-09 01:00:00,62562.0,62879.1,62546.62,62764.01,752.22836000,1780970399999,47191273.80541470,173486,438.85023000,27528244.23373770,0
2026-06-09 02:00:00,62764.0,62874.0,62544.11,62868.0,357.79841000,1780973999999,22443215.21867210,138521,193.90029000,12163637.53754140,0
2026-06-09 03:00:00,62867.99,62979.94,62702.0,62875.17,780.82683000,1780977599999,49074911.63212470,112714,542.04041000,34065556.35825410,0
2026-06-09 04:00:00,62875.18,63424.0,62748.0,63242.36,1115.32376000,1780981199999,70366227.24388960,177848,647.60882000,40860499.48985900,0
2026-06-09 05:00:00,63242.36,63526.01,63120.24,63338.68,946.88593000,1780984799999,59996385.98612730,161525,328.67179000,20822752.91397230,0
2026-06-09 06:00:00,63338.69,63506.0,63230.0,63300.0,975.96129000,1780988399999,61841472.68150000,108048,515.97252000,32693942.51416110,0
2026-06-09 07:00:00,63300.0,63443.6,63012.0,63198.44,669.83742000,1780991999999,42331579.16106760,104007,299.18423000,18907388.55574290,0
2026-06-09 08:00:00,63198.44,63208.86,62769.52,62849.75,844.01531000,1780995599999,53102853.41445290,128341,289.55080000,18215571.47800890,0
2026-06-09 09:00:00,62849.75,62944.43,62590.0,62715.37,709.25840000,1780999199999,44513971.46494490,116227,301.26548000,18911573.85028420,0
2026-06-09 10:00:00,62715.37,62835.37,62596.0,62786.01,503.06926000,1781002799999,31552774.81577470,113049,275.81226000,17299478.89059240,0
2026-06-09 11:00:00,62786.0,62818.0,62498.75,62711.12,472.29218000,1781006399999,29572623.30846170,107433,219.99848000,13778171.06109170,0
2026-06-09 12:00:00,62711.12,62895.18,62421.24,62645.15,693.60370000,1781009999999,43439962.08439470,144435,333.54435000,20900026.89385410,0
2026-06-09 13:00:00,62645.14,62738.0,62140.0,62273.61,1172.01624000,1781013599999,73117403.68778600,280196,509.12594000,31762085.63248190,0
2026-06-09 14:00:00,62273.62,62395.01,61148.07,61541.95,2741.42922000,1781017199999,169097432.02479950,524581,1159.85666000,71498615.47122250,0
2026-06-09 15:00:00,61541.95,61706.86,61037.0,61131.84,1576.39840000,1781020799999,96762954.76833580,311324,791.57124000,48602574.68801630,0
2026-06-09 16:00:00,61131.85,61484.67,60780.0,61390.51,2117.17514000,1781024399999,129319860.74570940,422755,971.22265000,59365414.59603150,0
2026-06-09 17:00:00,61390.51,61889.0,61390.51,61692.01,925.52892000,1781027999999,57085314.94475140,231711,559.26568000,34496587.91633420,0
2026-06-09 18:00:00,61692.01,61964.0,61602.0,61792.01,528.51144000,1781031599999,32643431.87588190,155907,242.69543000,14990256.28381050,0
2026-06-09 19:00:00,61792.0,62103.39,61722.0,62098.09,436.30940000,1781035199999,27004993.97944590,152652,243.43318000,15069383.49729460,0
2026-06-09 20:00:00,62098.09,62272.0,61954.39,62160.0,406.81988000,1781038799999,25259333.29093020,104463,199.41073000,12382960.02179650,0
2026-06-09 21:00:00,62159.99,62176.86,61698.0,61761.2,425.20913000,1781042399999,26330479.88124830,98020,175.72806000,10879600.97761130,0
2026-06-09 22:00:00,61761.21,61976.0,61666.66,61717.5,276.69194000,1781045999999,17102001.20629190,100574,136.62748000,8444947.15311050,0
2026-06-09 23:00:00,61717.5,61878.0,61556.0,61730.0,340.59519000,1781049599999,21015144.44368180,103470,148.78206000,9179268.06777980,0
2026-06-10 00:00:00,61730.0,61930.0,61440.0,61923.16,538.26750000,1781053199999,33215082.14371900,149535,234.18032000,14457750.80993380,0
2026-06-10 01:00:00,61923.16,61974.7,61590.0,61714.0,336.41204000,1781056799999,20788130.51202780,167866,149.90835000,9263128.20101110,0
2026-06-10 02:00:00,61714.0,61837.67,61235.29,61302.36,512.06602000,1781060399999,31468001.78130570,160933,196.27605000,12060617.77916490,0
2026-06-10 03:00:00,61302.37,61594.0,61286.0,61549.64,334.76343000,1781063999999,20574410.40021960,113873,165.37528000,10163608.03647590,0
2026-06-10 04:00:00,61549.64,61560.0,61182.65,61295.99,306.03442000,1781067599999,18773363.32985020,109000,118.38706000,7262803.12648400,0
2026-06-10 05:00:00,61296.0,61400.01,61080.0,61361.17,464.90737000,1781071199999,28464020.39269060,129241,235.17319000,14400400.69357000,0
2026-06-10 06:00:00,61361.17,61521.99,61145.5,61472.89,511.66925000,1781074799999,31403231.05065150,113954,275.38462000,16901614.03391320,0
2026-06-10 07:00:00,61472.89,61813.34,61440.0,61687.56,937.80783000,1781078399999,57843726.85810630,128325,461.00194000,28434874.13513700,0
2026-06-10 08:00:00,61687.56,61736.0,61168.0,61261.55,739.92297000,1781081999999,45489944.69605050,164382,297.24574000,18271859.91251510,0
2026-06-10 09:00:00,61261.56,61421.46,60755.0,61334.94,906.84186000,1781085599999,55419840.12065660,205181,354.71783000,21686363.57162990,0
2026-06-10 10:00:00,61334.95,61456.0,61151.4,61386.09,340.43647000,1781089199999,20868132.90346200,133306,193.08992000,11838266.62304310,0
2026-06-10 11:00:00,61386.09,61430.0,60867.19,61034.04,826.04256000,1781092799999,50445689.43705630,232732,325.85963000,19901485.93718780,0
2026-06-10 12:00:00,61034.04,61950.0,60960.0,61564.01,1340.16125000,1781096399999,82412266.10518370,289641,812.24756000,49950691.16189850,0
2026-06-10 13:00:00,61564.0,62446.0,61444.87,62146.42,1199.64944000,1781099999999,74339559.23938420,343786,626.08061000,38805129.33499190,0
2026-06-10 14:00:00,62146.43,62258.01,61814.79,62195.99,902.47236000,1781103599999,55954641.41617100,320240,418.97212000,25978629.79513350,0
2026-06-10 15:00:00,62195.99,62857.99,61852.0,62639.23,1341.51604000,1781107199999,83645759.24891360,381602,653.07530000,40728977.34205700,0
2026-06-10 16:00:00,62639.23,62646.0,61930.0,62219.33,748.11357000,1781110799999,46596753.59545470,280990,353.61796000,22022233.45102440,0
2026-06-10 17:00:00,62219.33,62360.0,61654.54,61969.99,885.28682000,1781114399999,54829915.75218470,264392,365.40790000,22634550.78629850,0
2026-06-10 18:00:00,61969.99,62162.9,61588.8,61882.0,641.17730000,1781117999999,39656137.94776270,198788,402.72882000,24903143.16758380,0
2026-06-10 19:00:00,61881.99,62062.98,61673.79,61942.44,400.79146000,1781121599999,24803678.85876540,155878,234.95488000,14543812.02177420,0
2026-06-10 20:00:00,61942.45,61949.21,61688.0,61805.51,307.34434000,1781125199999,19004068.59021800,122105,130.05567000,8041473.98763450,0
2026-06-10 21:00:00,61805.5,61805.51,61179.19,61356.18,571.34637000,1781128799999,35143383.01214350,169289,243.09349000,14952295.67382560,0
2026-06-10 22:00:00,61356.18,61574.0,61104.24,61381.46,578.03926000,1781132399999,35447831.34759450,192828,304.30725000,18665248.56737240,0
2026-06-10 23:00:00,61381.46,61604.0,61166.0,61510.99,327.64659000,1781135999999,20123314.84980260,127819,163.45342000,10039697.29261740,0
2026-06-11 00:00:00,61510.99,61974.7,61510.99,61812.0,597.44488000,1781139599999,36921271.55627590,162608,295.83726000,18281800.28617020,0
2026-06-11 01:00:00,61812.0,62378.0,61812.0,62206.01,839.43174000,1781143199999,52129027.58058120,155164,560.73093000,34798720.74327730,0
2026-06-11 02:00:00,62206.01,62304.0,61944.19,62148.0,429.18601000,1781146799999,26667696.31367170,123437,238.13812000,14799266.63641630,0
2026-06-11 03:00:00,62148.01,62848.0,62012.0,62689.48,986.08995000,1781150399999,61599150.34048200,168588,614.10526000,38363233.46531050,0
2026-06-11 04:00:00,62689.47,62854.0,62546.34,62726.86,589.32674000,1781153999999,36935231.08459890,138831,295.65525000,18528470.21507460,0
2026-06-11 05:00:00,62726.85,62726.86,62556.84,62610.0,295.46093000,1781157599999,18508352.93769340,96146,118.49387000,7422840.81477240,0
2026-06-11 06:00:00,62610.0,62997.53,62544.89,62772.0,1198.75098000,1781161199999,75354270.10480250,135123,465.21382000,29248040.86374710,0
2026-06-11 07:00:00,62772.01,62842.92,62612.01,62719.39,399.47563000,1781164799999,25049312.08879920,81303,151.64831000,9509259.75454340,0
2026-06-11 08:00:00,62719.39,63050.0,62719.38,62957.99,546.92925000,1781168399999,34412021.54908920,82404,346.23669000,21786637.46775380,0
2026-06-11 09:00:00,62958.0,62989.97,62790.0,62927.49,401.22464000,1781171999999,25231415.39811540,79248,222.39297000,13988046.30849140,0
2026-06-11 10:00:00,62927.49,63214.97,62789.62,63148.0,666.36315000,1781175599999,41978178.59428180,110926,393.07636000,24772208.65802280,0
2026-06-11 11:00:00,63148.0,63257.21,63040.01,63108.0,563.58106000,1781179199999,35591976.88709940,109845,316.34779000,19979166.61690960,0
2026-06-11 12:00:00,63108.01,63190.0,62500.0,63010.01,1835.01045000,1781182799999,115322800.46516790,267581,803.45646000,50501780.50668270,0
2026-06-11 13:00:00,63010.0,63239.43,62677.84,63077.57,1087.23984000,1781186399999,68446359.43527480,237108,539.23554000,33948509.68168280,0
2026-06-11 14:00:00,63077.71,63100.0,62732.6,62734.02,782.87001000,1781189999999,49249103.47294040,223011,304.00682000,19129876.26988380,0
2026-06-11 15:00:00,62734.02,62887.88,62518.1,62749.44,633.18968000,1781193599999,39708661.96756520,183221,298.41847000,18720728.16639240,0
2026-06-11 16:00:00,62749.44,62842.0,62548.79,62582.45,564.46406000,1781197199999,35386530.01326410,125881,289.75171000,18165942.41841130,0
2026-06-11 17:00:00,62582.45,63655.83,62348.0,63644.19,1821.97042000,1781200799999,114966411.45966820,304656,1049.64133000,66260929.62551810,0
2026-06-11 18:00:00,63644.18,63788.0,63324.35,63461.12,793.20489000,1781204399999,50385378.70626640,187481,435.79560000,27692671.76893290,0
2026-06-11 19:00:00,63461.12,63933.02,63390.0,63605.68,946.18552000,1781207999999,60241615.89150600,174753,473.47118000,30144785.92290990,0
2026-06-11 20:00:00,63605.69,63663.4,63270.0,63393.67,556.54606000,1781211599999,35315529.06729500,85690,272.01755000,17264539.80545290,0
2026-06-11 21:00:00,63393.67,63599.99,63393.66,63519.99,269.29173000,1781215199999,17101060.53009030,69296,146.46574000,9301543.05205790,0
2026-06-11 22:00:00,63519.99,63670.0,63462.0,63500.01,226.24918000,1781218799999,14383836.86780970,72346,125.73844000,7995061.23315620,0
2026-06-11 23:00:00,63500.0,63700.0,63362.0,63625.99,351.45962000,1781222399999,22326674.12154660,72156,219.61819000,13954988.27705280,0
2026-06-12 00:00:00,63626.0,63810.01,63520.86,63648.8,1229.60050000,1781225999999,78296999.58506110,105139,897.43828000,57148922.63150290,0
2026-06-12 01:00:00,63648.8,63648.8,63301.53,63426.2,745.50942000,1781229599999,47273243.91899040,97368,414.80921000,26299419.90896740,0
2026-06-12 02:00:00,63426.21,63779.11,63426.2,63624.07,398.45121000,1781233199999,25343229.01211000,82101,210.81098000,13408821.99170770,0
2026-06-12 03:00:00,63624.07,63649.99,63357.7,63524.82,280.54894000,1781236799999,17813977.57854970,66411,120.05678000,7619973.33477340,0
2026-06-12 04:00:00,63524.81,63863.98,63426.48,63700.0,742.01132000,1781240399999,47276455.94255350,83403,417.39617000,26592439.69344490,0
2026-06-12 05:00:00,63700.0,63721.31,63310.0,63358.2,603.70673000,1781243999999,38294345.99577320,96962,285.49951000,18105307.97242510,0
2026-06-12 06:00:00,63358.2,63411.5,62829.81,62980.45,1027.41759000,1781247599999,64764243.88888180,140431,383.64497000,24178430.90168800,0
2026-06-12 07:00:00,62980.46,63211.74,62956.0,63100.8,852.55681000,1781251199999,53757747.71781300,117580,533.11220000,33615883.94863840,0
2026-06-12 08:00:00,63100.8,63615.84,63100.8,63470.81,600.81984000,1781254799999,38093332.46698290,111909,319.73908000,20270059.39292180,0
2026-06-12 09:00:00,63470.81,63953.84,63438.0,63752.93,524.52211000,1781258399999,33441384.18558030,125971,291.94562000,18608542.63174880,0
2026-06-12 10:00:00,63752.93,63852.0,63588.34,63702.01,872.53513000,1781261999999,55601526.83273020,112577,324.20330000,20658463.85519420,0
2026-06-12 11:00:00,63702.01,63884.49,63684.44,63766.01,380.80932000,1781265599999,24298889.71246940,101744,161.47598000,10303942.47925330,0
2026-06-12 12:00:00,63766.01,63775.0,63378.0,63465.51,515.59574000,1781269199999,32757095.67101660,139597,175.87563000,11173924.18585980,0
2026-06-12 13:00:00,63465.52,63532.59,63045.29,63229.1,851.49099000,1781272799999,53889572.57043800,224729,403.45811000,25532622.04258910,0
2026-06-12 14:00:00,63229.1,64000.0,63190.0,63999.99,1065.08825000,1781276399999,67753411.64749950,316830,628.52868000,39992194.77760570,0
2026-06-12 15:00:00,63999.99,64394.44,63551.9,63593.02,1669.96199000,1781279999999,106975335.40360530,343557,839.54944000,53787051.49165670,0
2026-06-12 16:00:00,63593.02,63996.0,63510.16,63982.48,776.01025000,1781283599999,49539246.39825930,226580,389.04712000,24840649.24552960,0
2026-06-12 17:00:00,63982.48,64111.1,63745.99,63865.44,456.29271000,1781287199999,29154333.03158930,136089,198.14186000,12661679.74690320,0
2026-06-12 18:00:00,63865.45,63934.34,63686.0,63694.0,561.84193000,1781290799999,35837353.55777180,129355,242.66014000,15480056.83118440,0
2026-06-12 19:00:00,63694.01,63830.93,63589.27,63589.27,462.65176000,1781294399999,29469877.89178120,101591,209.90645000,13371326.13912370,0
2026-06-12 20:00:00,63589.28,63696.41,63400.0,63449.0,328.72463000,1781297999999,20884642.32001660,95014,152.46349000,9686806.54796100,0
2026-06-12 21:00:00,63449.01,63624.62,63440.01,63472.0,330.50626000,1781301599999,20994527.15383240,64100,141.18180000,8968930.72305940,0
2026-06-12 22:00:00,63471.99,63658.0,63471.99,63502.0,711.15075000,1781305199999,45172674.93233710,76081,398.42527000,25307035.52126300,0
2026-06-12 23:00:00,63502.0,63580.01,63426.83,63580.01,409.24822000,1781308799999,25978065.26396130,58933,234.50226000,14885910.63215840,0
2026-06-13 00:00:00,63580.0,63652.11,63507.39,63600.01,578.94188000,1781312399999,36801720.46941600,60854,276.58335000,17582392.33055080,0
2026-06-13 01:00:00,63600.01,63840.0,63600.01,63837.89,509.63359000,1781315999999,32473805.43369820,65923,320.79210000,20442883.60319570,0
2026-06-13 02:00:00,63837.88,63837.89,63558.0,63646.01,450.79285000,1781319599999,28705629.81203100,56169,254.82699000,16227708.65151580,0
2026-06-13 03:00:00,63646.01,63720.88,63418.66,63532.0,268.55023000,1781323199999,17069416.53929250,53464,88.42819000,5621946.88204680,0
2026-06-13 04:00:00,63532.0,63663.91,63484.0,63512.01,144.15296000,1781326799999,9163425.35729970,42309,77.70102000,4940072.18364190,0
2026-06-13 05:00:00,63512.01,63596.0,63493.16,63584.03,658.62782000,1781330399999,41861784.88681990,69594,325.03441000,20659389.63072350,0
2026-06-13 06:00:00,63584.03,63740.0,63550.51,63735.74,299.54013000,1781333999999,19067836.75893380,42399,202.06889000,12863569.36729730,0
2026-06-13 07:00:00,63736.0,63883.47,63674.98,63846.0,436.97737000,1781337599999,27877686.69585090,65554,251.48372000,16043755.24987980,0
2026-06-13 08:00:00,63845.99,63910.0,63766.18,63806.0,227.43934000,1781341199999,14517575.99931790,50077,119.71916000,7642268.36050770,0
2026-06-13 09:00:00,63806.0,63867.65,63742.57,63743.12,301.95833000,1781344799999,19263895.10705840,47455,153.15167000,9770953.20460550,0
2026-06-13 10:00:00,63743.13,63908.48,63726.57,63843.01,188.76787000,1781348399999,12046390.11611710,50825,102.33816000,6530376.96117390,0
2026-06-13 11:00:00,63843.01,63984.53,63843.01,63971.28,479.05156000,1781351999999,30624976.08004570,52612,271.77210000,17375736.41940300,0
2026-06-13 12:00:00,63971.28,64214.0,63921.33,64133.12,878.04841000,1781355599999,56219033.43104350,73333,541.40358000,34665611.62665200,0
2026-06-13 13:00:00,64133.12,64245.88,64060.0,64102.69,499.73169000,1781359199999,32064850.25373050,87468,292.17925000,18748148.43261460,0
2026-06-13 14:00:00,64102.61,64233.73,64090.09,64220.97,206.46033000,1781362799999,13248784.99027970,54400,90.11797000,5783422.29419970,0
2026-06-13 15:00:00,64220.96,64350.0,64186.97,64296.15,584.92205000,1781366399999,37596919.92381030,75246,303.86397000,19529939.66531780,0
2026-06-13 16:00:00,64296.15,64307.52,63920.05,64029.17,720.74810000,1781369999999,46170392.38614420,115524,308.30544000,19752618.18220740,0
2026-06-13 17:00:00,64029.17,64120.0,63944.0,63971.19,301.75645000,1781373599999,19324339.81876720,70427,131.48470000,8421706.54854430,0
2026-06-13 18:00:00,63971.2,64282.19,63971.19,64161.46,278.72154000,1781377199999,17871283.39888540,56803,118.35997000,7591100.70967590,0
2026-06-13 19:00:00,64161.46,64333.62,64152.0,64296.59,308.71810000,1781380799999,19827452.15376930,51650,185.39059000,11907472.67023280,0
2026-06-13 20:00:00,64296.59,64296.6,64226.83,64278.31,179.31890000,1781384399999,11522212.64627920,38177,80.07045000,5145092.68001270,0
2026-06-13 21:00:00,64278.31,64762.77,64226.38,64471.04,552.39519000,1781387999999,35610734.73756200,90869,339.72404000,21900179.63675730,0
2026-06-13 22:00:00,64471.04,64556.0,64383.61,64456.47,316.27120000,1781391599999,20391761.95356130,61500,174.83707000,11272194.03754380,0
2026-06-13 23:00:00,64456.46,64596.99,64382.42,64458.01,589.21574000,1781395199999,37980141.53707960,56377,316.71239000,20414862.82139990,0
2026-06-14 00:00:00,64458.01,64579.03,64380.7,64565.0,595.05205000,1781398799999,38360819.82815860,63329,374.90168000,24170060.69758440,0
2026-06-14 01:00:00,64565.01,64710.0,64507.25,64563.0,821.19702000,1781402399999,53052668.57283700,74962,395.19998000,25530501.38287170,0
2026-06-14 02:00:00,64563.0,64636.0,64476.01,64490.01,260.23317000,1781405999999,16801813.17031280,40920,153.50155000,9911289.52409100,0
2026-06-14 03:00:00,64490.01,64545.4,64466.0,64545.3,155.67419000,1781409599999,10041878.71651370,35537,85.73710000,5530294.78953570,0
2026-06-14 04:00:00,64545.3,64563.48,64325.61,64339.07,253.74802000,1781413199999,16344828.76567150,39870,98.02759000,6313806.38974000,0
2026-06-14 05:00:00,64339.07,64411.2,64293.41,64338.0,429.46847000,1781416799999,27638186.30560160,39743,223.03276000,14353670.50728630,0
2026-06-14 06:00:00,64338.0,64487.8,64232.12,64286.1,839.75348000,1781420399999,54024331.01651450,77432,290.06916000,18665463.00754330,0
2026-06-14 07:00:00,64286.1,64445.95,64214.0,64429.39,256.82492000,1781423999999,16517739.65614180,38351,121.42991000,7811066.00359870,0
2026-06-14 08:00:00,64429.39,64513.82,64392.0,64456.33,192.66954000,1781427599999,12420567.95086230,34947,88.90630000,5731493.52739220,0
2026-06-14 09:00:00,64456.33,64617.99,64321.18,64616.0,237.38130000,1781431199999,15298521.48713830,48596,107.40670000,6925372.54678250,0
2026-06-14 10:00:00,64616.0,64664.0,64498.01,64521.13,184.13016000,1781434799999,11891057.77274890,41286,95.08219000,6140321.33373910,0
2026-06-14 11:00:00,64521.13,64641.9,64460.0,64546.0,228.11339000,1781438399999,14730769.11813980,41163,137.74142000,8895693.84005190,0
2026-06-14 12:00:00,64546.01,64560.66,64295.06,64327.53,334.09454000,1781441999999,21519597.62942150,51704,89.42846000,5760921.66301420,0
2026-06-14 13:00:00,64327.54,64398.14,64244.0,64317.99,308.61157000,1781445599999,19849141.93858020,72148,183.20213000,11782589.68068610,0
2026-06-14 14:00:00,64318.0,64341.43,63866.66,63983.55,781.47067000,1781449199999,50061740.30580940,122488,340.29581000,21811083.90688150,0
2026-06-14 15:00:00,63983.56,64153.75,63980.35,64025.07,366.74561000,1781452799999,23501044.25268580,69486,219.61290000,14074886.07319480,0
2026-06-14 16:00:00,64025.06,64208.92,63936.0,63942.63,256.58722000,1781456399999,16443305.82670270,65207,110.83426000,7104072.05038970,0
2026-06-14 17:00:00,63942.63,64019.38,63694.11,63732.64,617.57994000,1781459999999,39443980.38274480,84100,157.09442000,10033878.78381290,0
2026-06-14 18:00:00,63732.65,63813.3,63678.83,63813.3,258.88821000,1781463599999,16501211.69746640,58351,111.01499000,7076922.65812450,0
2026-06-14 19:00:00,63813.3,63861.86,63734.71,63802.0,107.59400000,1781467199999,6864829.75723550,41043,57.55426000,3672315.18465120,0
2026-06-14 20:00:00,63801.99,64092.4,63794.09,64008.64,243.20360000,1781470799999,15558343.40339970,52955,110.07679000,7039921.70702610,0
2026-06-14 21:00:00,64008.64,65666.0,64007.24,65311.59,2955.01268000,1781474399999,192087413.00333570,370664,2177.05529000,141503921.61944880,0
2026-06-14 22:00:00,65311.59,65580.0,64946.12,65426.78,1554.15469000,1781477999999,101390712.68229470,302247,773.81098000,50493257.02411530,0
2026-06-14 23:00:00,65426.78,65800.0,65256.21,65746.45,964.84531000,1781481599999,63310036.02351300,194372,465.02939000,30510876.41918080,0
2026-06-15 00:00:00,65746.45,65923.0,65480.69,65625.99,1043.52596000,1781485199999,68550488.36559450,175233,509.73192000,33499508.89379230,0
2026-06-15 01:00:00,65626.0,65734.87,65354.0,65525.0,855.38843000,1781488799999,56077183.17316820,137154,337.66998000,22135349.88638910,0
2026-06-15 02:00:00,65525.01,65775.15,65415.02,65472.01,587.73145000,1781492399999,38539321.10234910,96638,281.99495000,18494388.86269650,0
2026-06-15 03:00:00,65472.01,65995.0,65422.83,65927.1,767.65798000,1781495999999,50472455.65225540,123001,386.01793000,25391175.15301850,0
2026-06-15 04:00:00,65927.11,65927.11,65633.28,65644.01,564.25779000,1781499599999,37082692.54148800,79503,241.66342000,15879307.66357660,0
2026-06-15 05:00:00,65644.0,65872.0,65611.01,65858.01,477.26671000,1781503199999,31355279.19931100,66485,311.16380000,20440728.97570990,0
2026-06-15 06:00:00,65858.0,65967.27,65775.45,65812.01,365.24859000,1781506799999,24056668.54510080,71717,149.93234000,9876685.99840850,0
2026-06-15 07:00:00,65812.01,66000.0,65628.45,65674.76,574.31747000,1781510399999,37789088.55829180,95605,263.14480000,17320995.34368090,0
2026-06-15 08:00:00,65674.76,65800.0,65620.0,65662.01,363.00480000,1781513999999,23845600.68898500,68659,185.51209000,12185815.54895170,0
2026-06-15 09:00:00,65662.0,65779.5,65512.0,65596.86,344.30264000,1781517599999,22599468.01200890,69955,168.84239000,11082419.60965640,0
2026-06-15 10:00:00,65596.86,65973.15,65584.37,65917.37,544.78922000,1781521199999,35847453.90652950,79895,274.76722000,18082457.01526110,0
2026-06-15 11:00:00,65917.37,66385.12,65832.78,66233.9,1293.72734000,1781524799999,85604358.29009050,225903,600.34130000,39713186.05841720,0
2026-06-15 12:00:00,66233.89,66600.91,66106.0,66563.49,987.26981000,1781528399999,65495575.30769450,144746,516.40415000,34261634.59352620,0
2026-06-15 13:00:00,66563.48,66949.22,66412.0,66447.05,1919.26303000,1781531999999,127974451.38020450,253336,1025.72954000,68395504.12646210,0
2026-06-15 14:00:00,66447.06,66675.83,66251.58,66591.55,940.84640000,1781535599999,62508954.49105490,154448,423.93249000,28177293.33364430,0
2026-06-15 15:00:00,66591.54,67292.15,66580.42,67292.14,1466.95790000,1781539199999,98208951.29217670,199612,829.81277000,55557772.26500850,0
2026-06-15 16:00:00,67292.15,67292.15,67088.83,67157.99,1096.95936000,1781542799999,73692256.89787540,179367,463.77003000,31154887.40829150,0
2026-06-15 17:00:00,67158.0,67158.0,66585.26,66851.79,1340.24388000,1781546399999,89600781.33074970,167012,445.26166000,29773688.94405640,0
2026-06-15 18:00:00,66851.8,66933.86,66715.61,66766.12,590.69175000,1781549999999,39476785.83699650,126652,305.62539000,20424697.72115210,0
2026-06-15 19:00:00,66766.13,66889.85,66348.0,66614.35,780.39583000,1781553599999,52002002.99808010,169428,367.26213000,24470107.31264310,0
2026-06-15 20:00:00,66615.98,66681.3,66489.86,66519.98,339.47285000,1781557199999,22597846.17507270,97772,190.45698000,12678085.45649010,0
2026-06-15 21:00:00,66519.99,66567.38,66314.34,66368.15,347.81382000,1781560799999,23113606.07380440,92447,131.14621000,8715295.72026270,0
2026-06-15 22:00:00,66368.15,66476.64,66076.56,66206.34,520.15584000,1781564399999,34466942.58598210,160615,258.69663000,17148305.44060360,0
2026-06-15 23:00:00,66206.34,66368.0,66116.59,66328.74,448.51217000,1781567999999,29717028.13310990,105311,158.44391000,10493530.61762760,0
2026-06-16 00:00:00,66328.74,66463.26,66242.0,66250.0,457.62239000,1781571599999,30368144.32797230,100700,189.00547000,12539787.85736420,0
2026-06-16 01:00:00,66250.0,66418.01,66248.93,66346.52,456.63949000,1781575199999,30292274.66356340,82161,197.53136000,13103109.84356070,0
2026-06-16 02:00:00,66346.51,66367.69,65678.14,65741.99,964.73227000,1781578799999,63645550.14816130,155977,396.59651000,26171077.82705220,0
2026-06-16 03:00:00,65742.0,66166.61,65650.0,66165.21,802.10485000,1781582399999,52878277.78227530,94943,441.98391000,29139772.03694210,0
2026-06-16 04:00:00,66165.21,66301.83,65802.0,65840.09,694.50218000,1781585999999,45830171.19915770,104123,324.02991000,21393938.51470620,0
2026-06-16 05:00:00,65840.1,66150.22,65840.09,66045.0,739.41945000,1781589599999,48831353.49291890,81120,426.88754000,28188432.18908830,0
2026-06-16 06:00:00,66044.99,66572.99,66044.99,66446.0,556.56171000,1781593199999,36941542.65512700,89508,360.02682000,23891162.15156350,0
2026-06-16 07:00:00,66446.01,66527.23,66300.1,66372.0,385.79165000,1781596799999,25609125.49548000,83861,201.93741000,13404291.69301740,0
2026-06-16 08:00:00,66372.0,66992.0,66345.06,66899.61,688.96018000,1781600399999,45900589.05571730,148871,391.38929000,26078972.19382450,0
2026-06-16 09:00:00,66899.61,66923.99,66474.74,66510.0,600.75927000,1781603999999,40055348.39118870,129159,243.56464000,16243277.24682010,0
2026-06-16 10:00:00,66510.01,66778.0,66486.38,66514.0,387.22813000,1781607599999,25793879.25008350,103524,228.06983000,15192175.73370500,0
2026-06-16 11:00:00,66514.01,66643.23,66368.36,66481.73,467.23900000,1781611199999,31048324.69886440,96607,218.30851000,14506871.71868600,0
2026-06-16 12:00:00,66481.73,66818.0,66368.0,66429.83,562.31913000,1781614799999,37422119.93476350,182445,284.52457000,18938530.21031710,0
2026-06-16 13:00:00,66429.84,66463.13,65928.16,66052.0,1347.85119000,1781618399999,89122781.67774110,244169,454.00939000,30014581.99695010,0
2026-06-16 14:00:00,66052.01,66265.8,65360.92,65654.9,1491.76291000,1781621999999,98019160.93623890,314094,556.98215000,36597776.10087940,0
2026-06-16 15:00:00,65654.9,65999.78,65614.3,65859.76,788.81576000,1781625599999,51903803.20845950,205643,367.46078000,24177312.47911190,0
2026-06-16 16:00:00,65859.76,65953.97,65706.0,65758.07,338.72091000,1781629199999,22286813.66166960,122815,139.74708000,9194815.50705000,0
2026-06-16 17:00:00,65758.07,66011.47,65710.34,65978.79,383.38742000,1781632799999,25241707.30963040,105857,217.18310000,14303510.56624290,0
2026-06-16 18:00:00,65978.78,66248.69,65802.0,65847.99,522.72648000,1781636399999,34499667.16524040,130649,300.64595000,19841518.17027940,0
2026-06-16 19:00:00,65848.0,65848.0,65560.0,65675.88,617.37667000,1781639999999,40546401.41417040,128248,258.08382000,16950966.01637170,0
2026-06-16 20:00:00,65675.89,65865.92,65592.0,65854.0,261.11445000,1781643599999,17167553.68120140,70933,128.34586000,8439829.18705440,0
2026-06-16 21:00:00,65854.0,65938.0,65654.9,65776.97,351.42219000,1781647199999,23121806.21020230,64306,160.34932000,10550823.67047570,0
2026-06-16 22:00:00,65776.97,65882.0,65680.0,65780.0,228.62751000,1781650799999,15035759.62462780,63107,136.71127000,8990318.73622140,0
2026-06-16 23:00:00,65780.01,65834.19,65626.9,65675.01,206.37282000,1781654399999,13563028.26738550,61809,86.22670000,5666402.84607640,0
2026-06-17 00:00:00,65675.02,65848.0,65675.02,65700.0,332.30374000,1781657999999,21852975.91819030,74923,146.34180000,9625200.76915820,0
2026-06-17 01:00:00,65700.0,65956.56,65477.5,65940.0,549.42502000,1781661599999,36101553.11843780,119047,345.29732000,22692076.92515850,0
2026-06-17 02:00:00,65940.0,66200.0,65788.0,65904.0,974.93815000,1781665199999,64292532.85597270,119631,555.69161000,36651619.01683440,0
2026-06-17 03:00:00,65903.99,65904.0,65703.45,65851.99,563.57309000,1781668799999,37087365.32311970,70220,210.96364000,13882427.70252710,0
2026-06-17 04:00:00,65852.0,66048.19,65788.31,65892.0,473.33682000,1781672399999,31190416.53231190,56980,237.24159000,15633573.38332260,0
2026-06-17 05:00:00,65892.01,65978.0,65746.51,65836.3,536.04504000,1781675999999,35291320.98244830,61396,253.33313000,16678273.95829370,0
2026-06-17 06:00:00,65836.3,65896.45,65582.63,65624.0,378.80773000,1781679599999,24893605.00377270,67028,155.93228000,10248228.17631590,0
2026-06-17 07:00:00,65624.01,65710.0,65251.0,65539.5,697.28548000,1781683199999,45655904.40765310,118679,291.59187000,19099850.26292160,0
2026-06-17 08:00:00,65539.51,65574.0,64833.07,64926.02,992.25057000,1781686799999,64620596.40632610,143396,318.32557000,20735773.05408200,0
2026-06-17 09:00:00,64926.02,65076.76,64842.01,64909.44,859.97592000,1781690399999,55856735.84597380,91669,549.57880000,35697759.41586940,0
2026-06-17 10:00:00,64909.44,64993.97,64768.0,64798.0,597.73840000,1781693999999,38779654.58835200,106385,282.78684000,18347837.67983800,0
2026-06-17 11:00:00,64798.0,64868.21,64565.0,64810.01,641.24645000,1781697599999,41489679.68949260,142704,309.39115000,20019064.13351940,0
2026-06-17 12:00:00,64810.01,65108.0,64590.53,65040.88,557.73466000,1781701199999,36151085.84896380,141626,280.35871000,18177976.14572490,0
2026-06-17 13:00:00,65040.88,65369.53,64850.0,65278.0,961.56723000,1781704799999,62634372.94803190,188583,560.93101000,36541966.89529520,0
2026-06-17 14:00:00,65278.0,65461.38,64772.72,65101.45,799.61288000,1781708399999,52118607.30298430,241637,417.02998000,27185915.85940670,0
2026-06-17 15:00:00,65101.45,65855.66,64987.74,65752.0,1172.17515000,1781711999999,76797923.09460180,214464,618.52470000,40526220.12314760,0
2026-06-17 16:00:00,65751.99,66445.93,65722.0,65864.12,1421.90632000,1781715599999,93837172.46392170,248191,679.32460000,44867950.25921420,0
2026-06-17 17:00:00,65864.13,66191.98,65800.0,66104.08,377.59846000,1781719199999,24907311.60877530,137823,187.03905000,12340605.85048100,0
2026-06-17 18:00:00,66107.99,66107.99,64800.0,65516.0,2242.57142000,1781722799999,146945357.05637410,526846,1090.52008000,71442651.63137300,0
2026-06-17 19:00:00,65516.0,65666.0,63998.35,64301.85,2173.56430000,1781726399999,140184616.67445060,514012,984.83734000,63495639.51873310,0
2026-06-17 20:00:00,64301.85,64488.96,64181.33,64434.36,504.85432000,1781729999999,32483238.85472170,180344,259.60817000,16706020.51552360,0
2026-06-17 21:00:00,64434.36,64452.0,64142.0,64257.77,458.08471000,1781733599999,29453765.50292720,119924,193.92494000,12467645.37722070,0
2026-06-17 22:00:00,64257.77,64434.84,63915.77,64300.01,492.23769000,1781737199999,31601049.54818560,145409,246.73121000,15842125.92551000,0
2026-06-17 23:00:00,64300.01,64529.2,64248.0,64509.4,289.82054000,1781740799999,18671706.50624630,102206,169.00269000,10889190.15704660,0
2026-06-18 00:00:00,64509.4,64702.0,64457.67,64468.01,396.79150000,1781744399999,25629422.37747070,108439,197.49273000,12756094.01788760,0
2026-06-18 01:00:00,64468.01,64806.0,64466.3,64548.74,382.95414000,1781747999999,24762548.06043640,106630,222.31694000,14377301.85188350,0
2026-06-18 02:00:00,64548.75,64776.66,64488.0,64689.5,323.93999000,1781751599999,20950236.06420020,82799,186.10622000,12034406.82667270,0
2026-06-18 03:00:00,64689.5,64689.5,64267.86,64282.82,548.57792000,1781755199999,35330803.28037920,93807,267.69151000,17234673.24004870,0
2026-06-18 04:00:00,64282.82,64347.09,63826.93,63883.41,831.20199000,1781758799999,53201655.97615000,175593,338.16865000,21643310.68409820,0
2026-06-18 05:00:00,63883.26,64020.0,63696.29,63994.0,597.91477000,1781762399999,38185018.68431030,143720,226.53487000,14474338.10307840,0
2026-06-18 06:00:00,63994.0,64134.33,63850.0,64083.41,767.55142000,1781765999999,49132177.18923510,97665,458.61133000,29359600.87381310,0
2026-06-18 07:00:00,64084.0,64510.5,64015.42,64510.44,524.85633000,1781769599999,33739505.29945400,97302,261.80481000,16829279.41709410,0
2026-06-18 08:00:00,64510.45,64646.75,64378.25,64399.92,714.20438000,1781773199999,46073567.01854960,106080,226.19462000,14592635.30440260,0
2026-06-18 09:00:00,64399.93,64478.0,64196.14,64199.53,300.31875000,1781776799999,19317405.36662450,84227,132.34651000,8514948.67851020,0
2026-06-18 10:00:00,64199.53,64223.79,63910.0,64078.61,445.57306000,1781780399999,28529224.12335910,105015,181.44155000,11618954.11524090,0
2026-06-18 11:00:00,64078.61,64196.0,63878.14,63974.4,378.00473000,1781783999999,24184804.40318890,94902,165.85271000,10612303.35097260,0
2026-06-18 12:00:00,63974.4,64402.01,63922.0,64378.07,417.60478000,1781787599999,26791351.23006840,121658,217.65583000,13964079.29565980,0
2026-06-18 13:00:00,64378.06,64445.19,63800.0,63984.0,984.80789000,1781791199999,63192454.44332360,226901,519.64113000,33357053.07607970,0
2026-06-18 14:00:00,63983.99,64203.66,63587.3,63816.61,998.41474000,1781794799999,63762248.31572620,297660,502.05098000,32071572.96518400,0
2026-06-18 15:00:00,63816.61,63825.99,62293.76,62369.44,2793.66043000,1781798399999,176099274.85994380,475039,1166.82239000,73570746.81656900,0
2026-06-18 16:00:00,62369.43,62814.0,62349.42,62688.0,1271.71361000,1781801999999,79655196.57267310,263533,692.76492000,43387029.82480570,0
2026-06-18 17:00:00,62688.0,62750.0,62272.07,62606.0,1003.68212000,1781805599999,62761769.55821430,198226,496.04043000,31022876.25362470,0
2026-06-18 18:00:00,62606.0,62959.75,62580.01,62708.92,727.06223000,1781809199999,45630435.93191680,179488,370.99795000,23282653.07114700,0
2026-06-18 19:00:00,62708.93,63008.33,62636.0,62950.79,577.63764000,1781812799999,36313040.85357520,139167,314.76772000,19789201.38923420,0
2026-06-18 20:00:00,62950.79,63274.19,62950.79,63086.0,684.93429000,1781816399999,43236575.64316310,136414,362.93592000,22910353.62680780,0
2026-06-18 21:00:00,63086.0,63121.81,62870.39,62971.32,466.34172000,1781819999999,29374643.28600560,90438,215.93748000,13601825.75154660,0
2026-06-18 22:00:00,62971.32,62990.0,62742.0,62885.85,290.36064000,1781823599999,18250197.99891770,66089,157.26762000,9886495.06536150,0
2026-06-18 23:00:00,62885.84,62985.12,62756.6,62958.01,507.48754000,1781827199999,31911824.65552310,83139,267.21770000,16801847.46308820,0
2026-06-19 00:00:00,62958.01,63086.0,62840.0,63020.0,786.22825000,1781830799999,49519737.29162320,88062,360.75437000,22720438.43479510,0
2026-06-19 01:00:00,63020.0,63100.0,62852.01,63021.86,542.43308000,1781834399999,34164445.19475680,94953,295.06201000,18583559.00608920,0
2026-06-19 02:00:00,63021.86,63110.29,62893.71,63006.0,304.81800000,1781837999999,19202686.35147400,70828,155.16692000,9775188.66179260,0
2026-06-19 03:00:00,63006.01,63029.64,62386.9,62773.51,835.44020000,1781841599999,52360713.91958570,142753,299.52384000,18775257.29329390,0
2026-06-19 04:00:00,62773.52,62916.66,62409.55,62452.01,390.96231000,1781845199999,24492367.83904170,118665,185.26454000,11608870.04047260,0
2026-06-19 05:00:00,62452.01,62744.92,62452.0,62739.2,361.83315000,1781848799999,22661555.41013110,92897,188.19809000,11785622.70039590,0
2026-06-19 06:00:00,62739.2,62914.73,62728.0,62894.08,252.94439000,1781852399999,15886968.35519390,75455,154.32046000,9692271.02687440,0
2026-06-19 07:00:00,62894.09,62917.32,62504.27,62629.99,636.21109000,1781855999999,39848657.95345720,116470,367.30516000,23000655.59785880,0
2026-06-19 08:00:00,62630.0,62782.0,62533.33,62603.99,431.84041000,1781859599999,27052055.75285880,83540,251.00592000,15724656.95147300,0
2026-06-19 09:00:00,62604.0,62654.0,62316.44,62390.0,921.67320000,1781863199999,57538548.86810380,130175,454.25338000,28355966.30263700,0
2026-06-19 10:00:00,62390.01,62587.27,62383.76,62533.25,761.99981000,1781866799999,47613535.83178210,119390,311.74386000,19478408.99509890,0
2026-06-19 11:00:00,62533.24,62684.0,62452.52,62626.0,1001.15104000,1781870399999,62664706.56262010,90447,377.83978000,23646297.93393250,0
2026-06-19 12:00:00,62626.0,62872.99,62353.0,62830.01,630.52118000,1781873999999,39470878.62628920,131646,339.30624000,21242265.87126720,0
2026-06-19 13:00:00,62830.01,63415.0,62666.0,63210.0,1078.35943000,1781877599999,68006863.16176620,192948,638.52047000,40259263.33348730,0
2026-06-19 14:00:00,63210.0,63419.27,63010.0,63203.53,665.42698000,1781881199999,42063454.53415050,197338,251.87631000,15925848.43987550,0
2026-06-19 15:00:00,63203.54,63283.86,63019.26,63214.01,527.20600000,1781884799999,33303084.76715760,156194,214.00391000,13518846.33859450,0
2026-06-19 16:00:00,63214.01,63387.8,62918.98,62971.99,1021.41110000,1781888399999,64580449.15375650,164858,381.22434000,24119176.52908970,0
2026-06-19 17:00:00,62972.0,63263.49,62866.99,63198.01,840.75861000,1781891999999,53035002.04118690,155816,504.38824000,31829524.77853250,0
2026-06-19 18:00:00,63198.0,63201.95,62991.37,63110.01,341.96414000,1781895599999,21580970.26781260,90956,141.80430000,8949744.50701770,0
2026-06-19 19:00:00,63110.01,63140.0,62942.0,63021.6,283.46164000,1781899199999,17868914.86551930,73876,91.02112000,5737579.79066250,0
2026-06-19 20:00:00,63021.6,63274.0,62958.59,63250.01,217.92541000,1781902799999,13751344.79033290,69458,91.96372000,5803766.51924690,0
2026-06-19 21:00:00,63250.01,63275.64,63060.0,63075.98,181.69443000,1781906399999,11476268.31801560,63376,75.15176000,4746615.06299140,0
2026-06-19 22:00:00,63075.99,63369.48,63048.0,63315.28,541.93138000,1781909999999,34264142.03736090,65858,234.68426000,14836207.64625540,0
2026-06-19 23:00:00,63315.29,63666.0,63276.0,63543.91,689.22877000,1781913599999,43695600.88134080,85959,344.82664000,21865496.51216220,0
2026-06-20 00:00:00,63543.9,63777.0,63470.0,63530.01,640.14667000,1781917199999,40707663.09226200,121182,317.59835000,20195737.21542660,0
2026-06-20 01:00:00,63530.01,63616.23,63404.0,63586.28,348.64849000,1781920799999,22138186.57897600,71942,199.39951000,12660588.89063660,0
2026-06-20 02:00:00,63586.27,63586.27,63336.01,63340.57,358.87789000,1781924399999,22758448.11305130,68463,110.26002000,6991323.28000490,0
2026-06-20 03:00:00,63340.58,63510.0,63320.14,63476.79,268.88477000,1781927999999,17054693.95156500,51020,151.48828000,9610024.84299860,0
2026-06-20 04:00:00,63476.79,63613.59,63402.0,63583.53,228.62975000,1781931599999,14521572.99295720,49082,107.18415000,6809908.71587670,0
2026-06-20 05:00:00,63583.53,63907.07,63543.46,63678.07,477.24749000,1781935199999,30413530.51342480,100201,282.38244000,17996058.27424750,0
2026-06-20 06:00:00,63678.07,63761.99,63640.36,63744.61,191.88822000,1781938799999,12224549.87662100,48178,103.16725000,6572874.28984940,0
2026-06-20 07:00:00,63744.61,63800.0,63594.37,63655.21,448.48290000,1781942399999,28584017.42184220,70422,211.54052000,13482310.75724320,0
2026-06-20 08:00:00,63655.21,63664.39,63392.41,63417.97,547.04803000,1781945999999,34736903.25217500,70209,204.53999000,12987933.11243510,0
2026-06-20 09:00:00,63417.98,63787.74,63417.98,63741.16,349.02093000,1781949599999,22194344.73630520,69048,211.91805000,13475790.51534620,0
2026-06-20 10:00:00,63741.16,63777.5,63592.44,63674.7,270.16920000,1781953199999,17206848.83845430,47278,98.42687000,6269133.22060190,0
2026-06-20 11:00:00,63674.71,63798.76,63620.74,63688.0,315.13807000,1781956799999,20069649.98674600,43646,167.47349000,10665382.06889000,0
2026-06-20 12:00:00,63688.0,63785.76,63537.99,63655.09,292.10361000,1781960399999,18602225.55736760,54586,158.75926000,10110181.33159750,0
2026-06-20 13:00:00,63655.1,63655.1,63278.0,63397.78,412.69589000,1781963999999,26175619.31350370,91173,187.36932000,11883007.64406410,0
2026-06-20 14:00:00,63397.77,64150.0,63184.21,63949.9,1101.98952000,1781967599999,70157672.52163330,196432,587.86079000,37470903.45635070,0
2026-06-20 15:00:00,63949.9,64388.0,63836.0,64160.04,916.57166000,1781971199999,58777200.86059390,198394,510.97972000,32763542.05492720,0
2026-06-20 16:00:00,64160.04,64167.26,63902.58,64034.31,403.42996000,1781974799999,25825331.24582410,124149,192.94529000,12351527.52364170,0
2026-06-20 17:00:00,64034.31,64041.07,63730.21,63834.7,482.18112000,1781978399999,30803826.48043450,127375,168.91037000,10793139.45311510,0
2026-06-20 18:00:00,63834.7,63928.4,63788.0,63805.89,119.99479000,1781981999999,7661305.13420180,48309,66.93977000,4274123.45217140,0
2026-06-20 19:00:00,63805.9,63968.0,63798.0,63936.0,173.41555000,1781985599999,11080948.50453580,54582,111.02592000,7094222.42073250,0
2026-06-20 20:00:00,63935.99,63981.09,63853.31,63925.99,210.00109000,1781989199999,13424167.57698160,43754,56.89124000,3636589.16847300,0
2026-06-20 21:00:00,63926.0,64092.91,63918.29,64012.4,272.00511000,1781992799999,17405324.27446470,70462,117.31717000,7507181.14523050,0
2026-06-20 22:00:00,64012.39,64350.0,63978.12,64272.01,446.43904000,1781996399999,28667859.22118200,99128,200.56736000,12879376.03750760,0
2026-06-20 23:00:00,64272.0,64336.91,64250.02,64298.01,247.09349000,1781999999999,15885321.71063930,51066,144.91366000,9315840.74086490,0
2026-06-21 00:00:00,64298.01,64322.91,64237.31,64294.0,425.19081000,1782003599999,27328722.28372010,42158,215.71316000,13864702.32926110,0
2026-06-21 01:00:00,64294.0,64323.68,64206.17,64248.0,486.06931000,1782007199999,31227606.55024600,50456,117.93843000,7577892.29866890,0
2026-06-21 02:00:00,64248.0,64275.12,64216.05,64241.25,230.06330000,1782010799999,14780488.89377360,40822,104.10731000,6688837.60340580,0
2026-06-21 03:00:00,64241.26,64472.99,64234.0,64426.0,409.22163000,1782014399999,26345662.75881720,73844,282.54079000,18189667.87981230,0
2026-06-21 04:00:00,64426.0,64588.0,64269.45,64276.12,379.39058000,1782017999999,24451616.55273650,76698,210.92645000,13596194.43860880,0
2026-06-21 05:00:00,64276.12,64365.43,64225.6,64256.55,166.55047000,1782021599999,10705100.22525790,44167,79.38338000,5102849.87607380,0
2026-06-21 06:00:00,64256.56,64323.99,64200.0,64303.46,142.55901000,1782025199999,9162049.21668080,33110,80.09574000,5148029.90696080,0
2026-06-21 07:00:00,64303.47,64303.47,64173.08,64191.07,302.97907000,1782028799999,19458367.93452150,38924,102.70537000,6595289.80335060,0
2026-06-21 08:00:00,64191.06,64228.0,63900.17,64014.0,328.07237000,1782032399999,21010754.76760720,62260,131.75639000,8439736.71757560,0
2026-06-21 09:00:00,64014.0,64246.0,63961.28,64209.16,221.03822000,1782035999999,14166363.32615650,50891,109.10319000,6995084.49374020,0
2026-06-21 10:00:00,64209.16,64408.0,64204.0,64365.99,286.23088000,1782039599999,18411262.73873760,56345,163.21432000,10497574.16936240,0
2026-06-21 11:00:00,64366.0,64483.95,64112.01,64176.0,438.27788000,1782043199999,28177934.57805440,109353,222.30328000,14296671.11746900,0
2026-06-21 12:00:00,64176.0,64235.13,63952.0,64200.0,359.32606000,1782046799999,23020290.63176620,83105,186.63152000,11956731.64957090,0
2026-06-21 13:00:00,64200.0,64200.0,64020.01,64146.0,161.65202000,1782050399999,10364927.24418360,53393,83.22186000,5336766.39768670,0
2026-06-21 14:00:00,64146.0,64154.0,64004.0,64145.97,189.32902000,1782053999999,12129348.33900610,54464,81.81992000,5242252.63832080,0
2026-06-21 15:00:00,64145.97,64355.88,64120.0,64224.0,390.79222000,1782057599999,25113334.39244540,70360,223.48845000,14361402.35044540,0
2026-06-21 16:00:00,64224.0,64254.38,64046.0,64145.31,236.79134000,1782061199999,15191891.15170060,74742,111.33051000,7142286.36815280,0
2026-06-21 17:00:00,64145.32,64221.44,64080.0,64151.46,205.04149000,1782064799999,13154792.19214500,44315,102.88340000,6599857.43294490,0
2026-06-21 18:00:00,64151.47,64240.0,63933.47,64213.81,270.92869000,1782068399999,17371302.88758560,83745,151.49493000,9715930.93651330,0
2026-06-21 19:00:00,64213.82,64298.84,64168.73,64207.12,189.28721000,1782071999999,12155827.20571240,47493,99.03400000,6359693.00867260,0
2026-06-21 20:00:00,64207.13,64271.21,63700.0,63848.0,420.72845000,1782075599999,26883641.10212370,86417,153.09069000,9783809.55195380,0
2026-06-21 21:00:00,63848.0,63969.59,63510.0,63808.01,752.88497000,1782079199999,47984945.36352610,157591,357.87894000,22812015.20822040,0
2026-06-21 22:00:00,63808.0,63864.0,63575.04,63801.59,437.50041000,1782082799999,27867595.41753950,144112,204.15164000,13003529.93042720,0
2026-06-21 23:00:00,63801.6,63801.6,63270.0,63311.99,604.75792000,1782086399999,38398349.98216880,189529,258.32015000,16396103.31303750,0
2026-06-22 00:00:00,63312.0,64094.0,63312.0,63896.01,709.82748000,1782089999999,45235372.69870090,193115,458.90520000,29244707.66169480,0
2026-06-22 01:00:00,63896.0,64823.52,63850.8,64606.0,1331.90666000,1782093599999,85861106.49432870,281614,759.23218000,48941027.66662690,0
2026-06-22 02:00:00,64606.0,64663.99,64250.0,64257.99,370.38632000,1782097199999,23886311.46883970,118103,138.59470000,8940186.37207150,0
2026-06-22 03:00:00,64258.0,64459.44,63894.98,63974.01,796.48727000,1782100799999,51102437.16955500,177126,346.48362000,22241729.42238940,0
2026-06-22 04:00:00,63974.01,64116.44,63868.41,64100.02,327.45142000,1782104399999,20950323.10706710,108093,151.85693000,9717009.49364710,0
2026-06-22 05:00:00,64100.01,64344.17,64088.64,64247.74,1091.63692000,1782107999999,70134349.37610170,90148,624.88716000,40140915.78981870,0
2026-06-22 06:00:00,64247.74,64326.0,63946.0,63989.95,416.90070000,1782111599999,26715790.22398460,83718,168.71524000,10813070.59910400,0
2026-06-22 07:00:00,63989.96,64397.57,63968.23,64211.19,352.41080000,1782115199999,22634570.09804600,102279,180.83173000,11614438.25168380,0
2026-06-22 08:00:00,64211.2,64350.58,64044.0,64165.99,368.11506000,1782118799999,23635362.32247330,98857,167.63190000,10763786.36290260,0
2026-06-22 09:00:00,64166.0,64256.2,64052.17,64145.39,200.06309000,1782122399999,12832924.24322380,81031,105.20417000,6748140.33482130,0
2026-06-22 10:00:00,64145.4,64272.0,64065.18,64139.21,240.08620000,1782125999999,15405322.41429750,68334,118.75899000,7620846.71294820,0
2026-06-22 11:00:00,64139.21,64768.46,64097.08,64657.22,1063.60877000,1782129599999,68587022.49686540,197181,599.16660000,38637128.86843910,0
2026-06-22 12:00:00,64657.22,65222.45,64579.08,65149.57,1156.05989000,1782133199999,75065076.64336210,216079,652.52071000,42369987.73773070,0
2026-06-22 13:00:00,65149.58,65589.76,64945.53,65578.0,1368.64481000,1782136799999,89332310.33782390,291784,756.43973000,49377344.14797390,0
2026-06-22 14:00:00,65577.99,65622.83,64835.0,64980.39,1096.28772000,1782140399999,71390228.48672960,264085,530.10706000,34522172.11657830,0
2026-06-22 15:00:00,64980.39,65146.0,64757.11,64836.95,593.12998000,1782143999999,38550944.19075430,171125,292.31369000,19001912.91436950,0
2026-06-22 16:00:00,64836.95,64862.0,64519.0,64719.77,680.43904000,1782147599999,44014493.64532550,172437,293.68195000,18999411.76002430,0
2026-06-22 17:00:00,64719.77,64769.98,64388.16,64602.0,523.74444000,1782151199999,33804825.46376520,128027,190.52768000,12299599.04355270,0
2026-06-22 18:00:00,64602.0,64730.15,64311.0,64334.01,548.78709000,1782154799999,35423274.21216220,119770,168.48441000,10879859.47359980,0
2026-06-22 19:00:00,64334.01,64499.28,64276.0,64472.0,579.92511000,1782158399999,37335087.80423520,132093,201.84954000,12996108.60812420,0
2026-06-22 20:00:00,64472.51,64659.43,64356.95,64433.8,399.51938000,1782161999999,25773074.62027850,76929,169.33483000,10924722.10236140,0
2026-06-22 21:00:00,64433.8,64480.0,64134.39,64320.57,263.43420000,1782165599999,16935381.79625300,74523,108.37076000,6967646.86801940,0
2026-06-22 22:00:00,64320.57,64396.45,63804.59,63971.12,510.07647000,1782169199999,32658462.76550410,172831,252.99529000,16198046.05999920,0
2026-06-22 23:00:00,63971.13,64053.33,63877.61,64020.01,434.17969000,1782172799999,27770505.07666860,102055,240.63878000,15394896.37405920,0
2026-06-23 00:00:00,64020.01,64162.02,63828.93,64154.99,679.20038000,1782176399999,43474284.57251610,118491,431.17171000,27600283.49234220,0
2026-06-23 01:00:00,64154.99,64273.09,63893.33,64156.0,540.18098000,1782179999999,34648395.56394600,124343,256.11001000,16428913.58539180,0
2026-06-23 02:00:00,64156.0,64275.38,64042.01,64204.01,319.75420000,1782183599999,20526056.60832640,87249,168.41038000,10811988.69687500,0
2026-06-23 03:00:00,64204.01,64204.01,63968.42,64065.35,236.76285000,1782187199999,15161726.51294350,81917,108.21329000,6928484.77072200,0
2026-06-23 04:00:00,64065.34,64095.55,63612.62,63623.02,408.12990000,1782190799999,26064118.47981810,96720,135.37325000,8644640.15852170,0
2026-06-23 05:00:00,63623.03,63728.0,63342.34,63400.0,850.99416000,1782194399999,54017478.43326280,149121,257.70609000,16364150.40042090,0
2026-06-23 06:00:00,63400.0,63400.0,62568.9,62936.01,1620.65692000,1782197999999,101990732.53812530,256650,707.73887000,44524213.63934660,0
2026-06-23 07:00:00,62936.01,63095.0,62872.0,62886.03,1074.96381000,1782201599999,67697249.46509290,151861,555.93503000,35010834.38157410,0
2026-06-23 08:00:00,62886.04,62945.08,61938.0,62385.99,4988.90507000,1782205199999,311004983.93102110,339405,1748.29413000,108957632.64346230,0
2026-06-23 09:00:00,62386.0,62528.13,62350.44,62386.0,613.23414000,1782208799999,38292861.83412630,108836,276.77945000,17281906.28325470,0
2026-06-23 10:00:00,62386.0,62586.0,62247.2,62328.01,387.47153000,1782212399999,24169554.74052140,102104,206.78886000,12897738.81857420,0
2026-06-23 11:00:00,62328.01,62643.99,62328.0,62507.06,456.80185000,1782215999999,28550962.10371490,113839,210.46386000,13152154.54242850,0
2026-06-23 12:00:00,62507.05,62558.0,62189.42,62256.6,873.94501000,1782219599999,54508795.41342390,154190,289.51607000,18055454.03948100,0
2026-06-23 13:00:00,62256.61,62538.72,61960.0,62475.99,1294.09387000,1782223199999,80567387.00399320,315624,643.48561000,40076145.52198330,0
2026-06-23 14:00:00,62476.0,62855.98,62406.25,62493.63,1302.27666000,1782226799999,81529043.42921780,289302,620.23142000,38833934.76021630,0
2026-06-23 15:00:00,62493.63,62507.99,62198.0,62487.79,630.16435000,1782230399999,39285509.83473620,187282,341.06670000,21258993.40650840,0
2026-06-23 16:00:00,62487.79,62846.0,62428.01,62558.0,728.22737000,1782233999999,45625781.92449510,177635,435.16598000,27270407.55649780,0
2026-06-23 17:00:00,62558.0,62693.48,62327.95,62358.02,533.28034000,1782237599999,33336320.30091300,140095,284.55243000,17790783.14343840,0
2026-06-23 18:00:00,62358.03,62445.21,62104.7,62241.99,492.79838000,1782241199999,30696538.56138790,123415,243.33767000,15159624.62648320,0
2026-06-23 19:00:00,62242.0,62480.0,62230.0,62388.49,707.45732000,1782244799999,44110196.62128650,138899,251.77964000,15699421.31035550,0
2026-06-23 20:00:00,62388.49,62531.27,62380.25,62470.7,373.02429000,1782248399999,23301565.38864330,86863,248.55508000,15526171.84151570,0
2026-06-23 21:00:00,62470.7,62658.93,62470.7,62599.77,367.76027000,1782251999999,23008841.57454330,83258,239.90823000,15009086.06832220,0
2026-06-23 22:00:00,62599.77,62779.82,62526.0,62590.0,430.92568000,1782255599999,26991513.54861520,107234,265.69318000,16641983.86905180,0
2026-06-23 23:00:00,62590.0,62799.99,62480.39,62734.57,311.98359000,1782259199999,19533322.86556320,91857,186.99046000,11708681.20216930,0
2026-06-24 00:00:00,62734.57,63024.4,62733.29,63014.0,799.18478000,1782262799999,50257377.10810870,126385,421.15799000,26484334.68754750,0
2026-06-24 01:00:00,63014.0,63119.45,62772.15,62932.19,599.06927000,1782266399999,37717343.26442330,136982,327.55016000,20625556.17841840,0
2026-06-24 02:00:00,62932.19,63013.12,62606.09,62630.0,593.50541000,1782269999999,37243072.43919130,124507,283.81592000,17806767.31838970,0
2026-06-24 03:00:00,62630.01,62830.0,62461.87,62729.78,770.64134000,1782273599999,48285451.80563090,136887,352.43356000,22082866.97198640,0
2026-06-24 04:00:00,62729.78,62799.62,62525.49,62744.42,650.06924000,1782277199999,40743892.48480360,100974,268.48756000,16827856.97394640,0
2026-06-24 05:00:00,62744.41,63073.44,62706.0,62890.0,366.02730000,1782280799999,23016675.46259970,80735,213.42012000,13419246.26021440,0
2026-06-24 06:00:00,62889.99,62909.98,62728.73,62780.0,219.51090000,1782284399999,13789231.80862250,61306,97.74234000,6139909.37355340,0
2026-06-24 07:00:00,62780.01,62844.0,62610.11,62657.99,589.75592000,1782287999999,36988954.42243360,100614,289.45986000,18152378.67807160,0
2026-06-24 08:00:00,62658.0,62807.46,62605.28,62800.0,475.30761000,1782291599999,29798205.10111080,78571,287.05733000,17996090.50384550,0
2026-06-24 09:00:00,62800.0,62800.01,62637.08,62681.7,493.71643000,1782295199999,30970089.84115310,98629,167.08346000,10478419.03145430,0
2026-06-24 10:00:00,62681.7,62681.7,62412.05,62445.99,530.71886000,1782298799999,33202742.42447350,107683,312.44922000,19549597.46328920,0
2026-06-24 11:00:00,62445.99,63239.06,62318.88,62921.19,815.18681000,1782302399999,51105232.42222160,185767,510.66412000,32021019.24948120,0
2026-06-24 12:00:00,62921.19,62973.2,62585.2,62618.31,517.25346000,1782305999999,32462007.75098960,138429,267.56981000,16791790.68873660,0
2026-06-24 13:00:00,62618.31,62628.75,61255.74,61338.01,2775.24015000,1782309599999,171460989.13044880,555656,1139.53839000,70383359.94111180,0
2026-06-24 14:00:00,61338.0,61456.0,60888.0,61113.1,2839.40106000,1782313199999,173673001.99626490,428336,1297.63861000,79378015.03183650,0
2026-06-24 15:00:00,61113.1,61150.13,60249.82,60250.0,3237.99155000,1782316799999,196096750.88682120,385003,1538.79403000,93131623.96025630,0
2026-06-24 16:00:00,60250.0,60678.1,59622.0,59850.0,4274.39737000,1782320399999,256961396.52961640,480937,1880.65761000,113124198.29414760,0
2026-06-24 17:00:00,59850.0,60057.18,59102.7,59404.0,3790.18060000,1782323999999,225687231.79445020,583539,1616.83550000,96314396.41421480,0
2026-06-24 18:00:00,59404.0,59930.0,59310.85,59599.99,1583.51728000,1782327599999,94396964.98445060,393229,835.69309000,49820379.91107480,0
2026-06-24 19:00:00,59600.0,60000.0,59530.0,59958.3,1195.52715000,1782331199999,71419019.67313630,259015,541.44432000,32350288.59485480,0
2026-06-24 20:00:00,59958.3,61208.48,59854.0,60956.0,1821.39287000,1782334799999,110554024.54506430,393703,981.85844000,59554293.55378000,0
2026-06-24 21:00:00,60956.0,61144.63,60665.75,61110.0,801.00882000,1782338399999,48752774.91890590,167542,341.88455000,20816959.43571160,0
2026-06-24 22:00:00,61109.99,61276.0,60802.66,60873.99,523.65642000,1782341999999,31939802.77072300,134255,256.14668000,15627823.07228230,0
2026-06-24 23:00:00,60874.0,61112.0,60830.01,61077.99,416.02483000,1782345599999,25363580.74225100,108847,222.07173000,13536918.97417940,0
2026-06-25 00:00:00,61078.0,61163.16,60726.77,60832.0,766.62145000,1782349199999,46691482.84901030,159399,386.45642000,23534668.25204610,0
2026-06-25 01:00:00,60832.0,60988.0,60720.23,60928.0,615.84376000,1782352799999,37488948.11078600,123199,383.13373000,23322846.34143740,0
2026-06-25 02:00:00,60928.0,60966.0,60700.01,60799.08,580.03112000,1782356399999,35286732.78430680,107838,304.86891000,18552952.49541100,0
2026-06-25 03:00:00,60799.08,60910.63,60684.94,60883.65,479.47033000,1782359999999,29149873.97351930,97929,212.43252000,12914978.04895920,0
2026-06-25 04:00:00,60883.66,61410.0,60792.0,61357.63,536.03927000,1782363599999,32726085.52683930,112120,337.81661000,20628193.36738240,0
2026-06-25 05:00:00,61357.63,61807.04,61280.0,61600.01,1223.40590000,1782367199999,75352163.74319180,211271,716.18376000,44110890.81800970,0
2026-06-25 06:00:00,61600.02,61869.02,61600.01,61732.06,539.28770000,1782370799999,33287442.66983370,123079,278.67206000,17201841.85443420,0
2026-06-25 07:00:00,61732.06,61962.4,61670.0,61911.04,937.71339000,1782374399999,57971056.70771480,139142,459.90510000,28434566.24449520,0
2026-06-25 08:00:00,61911.03,61920.0,61684.87,61712.35,337.43778000,1782377999999,20843781.77865060,69156,171.53089000,10594962.25490080,0
2026-06-25 09:00:00,61712.36,61792.0,61614.32,61739.29,327.48572000,1782381599999,20215186.99658670,85587,169.77317000,10479556.25541330,0
2026-06-25 10:00:00,61739.29,61751.07,61257.79,61269.94,686.26895000,1782385199999,42197734.76644030,100210,275.20478000,16926978.34499780,0
2026-06-25 11:00:00,61269.95,61422.52,61066.0,61282.01,605.95603000,1782388799999,37119324.37557800,142115,310.83945000,19041179.15066930,0
2026-06-25 12:00:00,61282.0,61761.35,61080.0,61244.01,1124.99959000,1782392399999,69045797.51517600,203749,546.91155000,33562751.31879260,0
2026-06-25 13:00:00,61244.01,61369.18,58115.01,58290.17,6396.00513000,1782395999999,380024167.93669990,711570,2298.25949000,136663528.58510660,0
2026-06-25 14:00:00,58291.7,60485.51,58291.7,59471.5,6002.27451000,1782399599999,356352667.74290130,918698,2965.10827000,176066515.65207780,0
2026-06-25 15:00:00,59471.49,59655.86,58874.85,59557.99,2456.01373000,1782403199999,145520577.58126800,571282,1319.44978000,78192715.59071050,0
2026-06-25 16:00:00,59557.99,60067.0,59157.63,59312.64,1765.10919000,1782406799999,105192081.35016500,402710,870.79628000,51916404.23357450,0
2026-06-25 17:00:00,59312.64,59740.9,59139.96,59676.01,1062.87634000,1782410399999,63220574.21374070,306502,503.00637000,29919020.24162530,0
2026-06-25 18:00:00,59676.0,59793.34,59364.0,59512.71,978.75101000,1782413999999,58292434.47089830,271117,458.08442000,27284351.28544370,0
2026-06-25 19:00:00,59512.71,59516.0,59168.82,59320.0,917.28893000,1782417599999,54413311.66923340,220627,362.89374000,21526139.97365050,0
2026-06-25 20:00:00,59319.99,59741.95,59319.99,59456.62,539.40098000,1782421199999,32127053.59700070,174692,283.16712000,16863507.51237780,0
2026-06-25 21:00:00,59456.62,60273.81,59452.01,60211.87,617.22274000,1782424799999,36938367.20622790,158340,362.05614000,21666377.09861550,0
2026-06-25 22:00:00,60211.86,60211.86,59740.0,59851.27,431.60976000,1782428399999,25857609.02411200,145058,196.11012000,11748656.72042280,0
2026-06-25 23:00:00,59851.27,60191.55,59739.99,59794.0,458.89363000,1782431999999,27539643.48020580,127885,233.49284000,14016416.13410170,0
2026-06-26 00:00:00,59794.64,59906.71,59642.77,59667.09,875.61527000,1782435599999,52339859.67494660,162674,402.27417000,24045628.91451250,0
